Running HiGHS 1.15.1 (git hash: n/a): Copyright (c) 2026 under MIT licence terms
Includes third-party software components, see THIRD_PARTY_NOTICES.md for full details
Command line parsed using CLI11 2.5.0: Copyright (c) 2017-2025 University of Cincinnati
Set option presolve to "off"
Set option solver to "simplex"
Set option parallel to "off"
Set option threads to 1
Set option run_crossover to "off"
LP 25fv47 has 821 rows; 1571 cols; 10400 nonzeros
Coefficient ranges:
  Matrix  [2e-04, 2e+02]
  Cost    [1e-03, 1e+02]
  Bound   [0e+00, 0e+00]
  RHS     [2e-01, 2e+03]
Solving LP without presolve or useful basis
Using dual simplex solver
  Iteration        Objective     Infeasibilities num(sum)
          0    -8.6641744311e+01 Ph1: 79(245.084); Du: 41(86.6417) 0.0s
       3149     5.5018458883e+03 Pr: 0(0); Du: 0(3.10862e-14) 0.1s

Model name          : 25fv47
Model status        : Optimal
Simplex   iterations: 3149
Objective value     :  5.5018458883e+03
P-D objective error :  1.2396912884e-15
HiGHS run time      :          0.09
Running HiGHS 1.15.1 (git hash: n/a): Copyright (c) 2026 under MIT licence terms
Includes third-party software components, see THIRD_PARTY_NOTICES.md for full details
Command line parsed using CLI11 2.5.0: Copyright (c) 2017-2025 University of Cincinnati
Set option presolve to "off"
Set option solver to "simplex"
Set option parallel to "off"
Set option threads to 1
Set option run_crossover to "off"
LP 25fv47 has 821 rows; 1571 cols; 10400 nonzeros
Coefficient ranges:
  Matrix  [2e-04, 2e+02]
  Cost    [1e-03, 1e+02]
  Bound   [0e+00, 0e+00]
  RHS     [2e-01, 2e+03]
Solving LP without presolve or useful basis
Using dual simplex solver
  Iteration        Objective     Infeasibilities num(sum)
          0    -8.6641744311e+01 Ph1: 79(245.084); Du: 41(86.6417) 0.0s
       3149     5.5018458883e+03 Pr: 0(0); Du: 0(3.10862e-14) 0.1s

Model name          : 25fv47
Model status        : Optimal
Simplex   iterations: 3149
Objective value     :  5.5018458883e+03
P-D objective error :  1.2396912884e-15
HiGHS run time      :          0.09
Running HiGHS 1.15.1 (git hash: n/a): Copyright (c) 2026 under MIT licence terms
Includes third-party software components, see THIRD_PARTY_NOTICES.md for full details
Command line parsed using CLI11 2.5.0: Copyright (c) 2017-2025 University of Cincinnati
Set option presolve to "off"
Set option solver to "simplex"
Set option parallel to "off"
Set option threads to 1
Set option run_crossover to "off"
LP 25fv47 has 821 rows; 1571 cols; 10400 nonzeros
Coefficient ranges:
  Matrix  [2e-04, 2e+02]
  Cost    [1e-03, 1e+02]
  Bound   [0e+00, 0e+00]
  RHS     [2e-01, 2e+03]
Solving LP without presolve or useful basis
Using dual simplex solver
  Iteration        Objective     Infeasibilities num(sum)
          0    -8.6641744311e+01 Ph1: 79(245.084); Du: 41(86.6417) 0.0s
       3149     5.5018458883e+03 Pr: 0(0); Du: 0(3.10862e-14) 0.1s

Model name          : 25fv47
Model status        : Optimal
Simplex   iterations: 3149
Objective value     :  5.5018458883e+03
P-D objective error :  1.2396912884e-15
HiGHS run time      :          0.09
Running HiGHS 1.15.1 (git hash: n/a): Copyright (c) 2026 under MIT licence terms
Includes third-party software components, see THIRD_PARTY_NOTICES.md for full details
Command line parsed using CLI11 2.5.0: Copyright (c) 2017-2025 University of Cincinnati
Set option presolve to "off"
Set option solver to "simplex"
Set option parallel to "off"
Set option threads to 1
Set option run_crossover to "off"
LP afiro has 27 rows; 32 cols; 83 nonzeros
Coefficient ranges:
  Matrix  [1e-01, 2e+00]
  Cost    [3e-01, 1e+01]
  Bound   [0e+00, 0e+00]
  RHS     [4e+01, 5e+02]
Solving LP without presolve or useful basis
Using dual simplex solver
  Iteration        Objective     Infeasibilities num(sum)
          0    -2.8799096294e+00 Ph1: 6(4.8); Du: 4(2.87991) 0.0s
         22    -4.6475314286e+02 Pr: 0(0) 0.0s

Model name          : afiro
Model status        : Optimal
Simplex   iterations: 22
Objective value     : -4.6475314286e+02
P-D objective error :  0.0000000000e+00
HiGHS run time      :          0.00
Running HiGHS 1.15.1 (git hash: n/a): Copyright (c) 2026 under MIT licence terms
Includes third-party software components, see THIRD_PARTY_NOTICES.md for full details
Command line parsed using CLI11 2.5.0: Copyright (c) 2017-2025 University of Cincinnati
Set option presolve to "off"
Set option solver to "simplex"
Set option parallel to "off"
Set option threads to 1
Set option run_crossover to "off"
LP afiro has 27 rows; 32 cols; 83 nonzeros
Coefficient ranges:
  Matrix  [1e-01, 2e+00]
  Cost    [3e-01, 1e+01]
  Bound   [0e+00, 0e+00]
  RHS     [4e+01, 5e+02]
Solving LP without presolve or useful basis
Using dual simplex solver
  Iteration        Objective     Infeasibilities num(sum)
          0    -2.8799096294e+00 Ph1: 6(4.8); Du: 4(2.87991) 0.0s
         22    -4.6475314286e+02 Pr: 0(0) 0.0s

Model name          : afiro
Model status        : Optimal
Simplex   iterations: 22
Objective value     : -4.6475314286e+02
P-D objective error :  0.0000000000e+00
HiGHS run time      :          0.00
Running HiGHS 1.15.1 (git hash: n/a): Copyright (c) 2026 under MIT licence terms
Includes third-party software components, see THIRD_PARTY_NOTICES.md for full details
Command line parsed using CLI11 2.5.0: Copyright (c) 2017-2025 University of Cincinnati
Set option presolve to "off"
Set option solver to "simplex"
Set option parallel to "off"
Set option threads to 1
Set option run_crossover to "off"
LP adlittle has 56 rows; 97 cols; 383 nonzeros
Coefficient ranges:
  Matrix  [1e-03, 6e+01]
  Cost    [2e+00, 3e+03]
  Bound   [0e+00, 0e+00]
  RHS     [2e+00, 2e+03]
Solving LP without presolve or useful basis
Using dual simplex solver
  Iteration        Objective     Infeasibilities num(sum)
          0    -1.1853896266e+05 Ph1: 24(113.233); Du: 22(118539) 0.0s
         74     2.2549496316e+05 Pr: 0(0); Du: 0(1.27329e-11) 0.0s

Model name          : adlittle
Model status        : Optimal
Simplex   iterations: 74
Objective value     :  2.2549496316e+05
P-D objective error :  3.2266536595e-16
HiGHS run time      :          0.00
Running HiGHS 1.15.1 (git hash: n/a): Copyright (c) 2026 under MIT licence terms
Includes third-party software components, see THIRD_PARTY_NOTICES.md for full details
Command line parsed using CLI11 2.5.0: Copyright (c) 2017-2025 University of Cincinnati
Set option presolve to "off"
Set option solver to "simplex"
Set option parallel to "off"
Set option threads to 1
Set option run_crossover to "off"
LP adlittle has 56 rows; 97 cols; 383 nonzeros
Coefficient ranges:
  Matrix  [1e-03, 6e+01]
  Cost    [2e+00, 3e+03]
  Bound   [0e+00, 0e+00]
  RHS     [2e+00, 2e+03]
Solving LP without presolve or useful basis
Using dual simplex solver
  Iteration        Objective     Infeasibilities num(sum)
          0    -1.1853896266e+05 Ph1: 24(113.233); Du: 22(118539) 0.0s
         74     2.2549496316e+05 Pr: 0(0); Du: 0(1.27329e-11) 0.0s

Model name          : adlittle
Model status        : Optimal
Simplex   iterations: 74
Objective value     :  2.2549496316e+05
P-D objective error :  3.2266536595e-16
HiGHS run time      :          0.00
Running HiGHS 1.15.1 (git hash: n/a): Copyright (c) 2026 under MIT licence terms
Includes third-party software components, see THIRD_PARTY_NOTICES.md for full details
Command line parsed using CLI11 2.5.0: Copyright (c) 2017-2025 University of Cincinnati
Set option presolve to "off"
Set option solver to "simplex"
Set option parallel to "off"
Set option threads to 1
Set option run_crossover to "off"
LP 25fv47 has 821 rows; 1571 cols; 10400 nonzeros
Coefficient ranges:
  Matrix  [2e-04, 2e+02]
  Cost    [1e-03, 1e+02]
  Bound   [0e+00, 0e+00]
  RHS     [2e-01, 2e+03]
Solving LP without presolve or useful basis
Using dual simplex solver
  Iteration        Objective     Infeasibilities num(sum)
          0    -8.6641744311e+01 Ph1: 79(245.084); Du: 41(86.6417) 0.0s
       3149     5.5018458883e+03 Pr: 0(0); Du: 0(3.10862e-14) 0.1s

Model name          : 25fv47
Model status        : Optimal
Simplex   iterations: 3149
Objective value     :  5.5018458883e+03
P-D objective error :  1.2396912884e-15
HiGHS run time      :          0.09
Running HiGHS 1.15.1 (git hash: n/a): Copyright (c) 2026 under MIT licence terms
Includes third-party software components, see THIRD_PARTY_NOTICES.md for full details
Command line parsed using CLI11 2.5.0: Copyright (c) 2017-2025 University of Cincinnati
Set option presolve to "off"
Set option solver to "simplex"
Set option parallel to "off"
Set option threads to 1
Set option run_crossover to "off"
LP 25fv47 has 821 rows; 1571 cols; 10400 nonzeros
Coefficient ranges:
  Matrix  [2e-04, 2e+02]
  Cost    [1e-03, 1e+02]
  Bound   [0e+00, 0e+00]
  RHS     [2e-01, 2e+03]
Solving LP without presolve or useful basis
Using dual simplex solver
  Iteration        Objective     Infeasibilities num(sum)
          0    -8.6641744311e+01 Ph1: 79(245.084); Du: 41(86.6417) 0.0s
       3149     5.5018458883e+03 Pr: 0(0); Du: 0(3.10862e-14) 0.1s

Model name          : 25fv47
Model status        : Optimal
Simplex   iterations: 3149
Objective value     :  5.5018458883e+03
P-D objective error :  1.2396912884e-15
HiGHS run time      :          0.09
Running HiGHS 1.15.1 (git hash: n/a): Copyright (c) 2026 under MIT licence terms
Includes third-party software components, see THIRD_PARTY_NOTICES.md for full details
Command line parsed using CLI11 2.5.0: Copyright (c) 2017-2025 University of Cincinnati
Set option presolve to "off"
Set option solver to "simplex"
Set option parallel to "off"
Set option threads to 1
Set option run_crossover to "off"
LP 80bau3b has 2262 rows; 9799 cols; 21002 nonzeros
Coefficient ranges:
  Matrix  [2e-04, 1e+02]
  Cost    [1e-03, 3e+03]
  Bound   [7e-05, 1e+06]
  RHS     [1e-03, 5e+03]
WARNING: Problem has some excessively small column bounds
Solving LP without presolve or useful basis
Using dual simplex solver
  Iteration        Objective     Infeasibilities num(sum)
          0    -3.4167145836e+02 Ph1: 101(295.75); Du: 208(341.671) 0.0s
       3686     9.8722419241e+05 Pr: 0(0); Du: 0(1.58429e-13) 0.1s

Model name          : 80bau3b
Model status        : Optimal
Simplex   iterations: 3686
Objective value     :  9.8722419241e+05
P-D objective error :  1.7688271382e-16
HiGHS run time      :          0.06
Running HiGHS 1.15.1 (git hash: n/a): Copyright (c) 2026 under MIT licence terms
Includes third-party software components, see THIRD_PARTY_NOTICES.md for full details
Command line parsed using CLI11 2.5.0: Copyright (c) 2017-2025 University of Cincinnati
Set option presolve to "off"
Set option solver to "simplex"
Set option parallel to "off"
Set option threads to 1
Set option run_crossover to "off"
LP 80bau3b has 2262 rows; 9799 cols; 21002 nonzeros
Coefficient ranges:
  Matrix  [2e-04, 1e+02]
  Cost    [1e-03, 3e+03]
  Bound   [7e-05, 1e+06]
  RHS     [1e-03, 5e+03]
WARNING: Problem has some excessively small column bounds
Solving LP without presolve or useful basis
Using dual simplex solver
  Iteration        Objective     Infeasibilities num(sum)
          0    -3.4167145836e+02 Ph1: 101(295.75); Du: 208(341.671) 0.0s
       3686     9.8722419241e+05 Pr: 0(0); Du: 0(1.58429e-13) 0.1s

Model name          : 80bau3b
Model status        : Optimal
Simplex   iterations: 3686
Objective value     :  9.8722419241e+05
P-D objective error :  1.7688271382e-16
HiGHS run time      :          0.06
Running HiGHS 1.15.1 (git hash: n/a): Copyright (c) 2026 under MIT licence terms
Includes third-party software components, see THIRD_PARTY_NOTICES.md for full details
Command line parsed using CLI11 2.5.0: Copyright (c) 2017-2025 University of Cincinnati
Set option presolve to "off"
Set option solver to "simplex"
Set option parallel to "off"
Set option threads to 1
Set option run_crossover to "off"
LP adlittle has 56 rows; 97 cols; 383 nonzeros
Coefficient ranges:
  Matrix  [1e-03, 6e+01]
  Cost    [2e+00, 3e+03]
  Bound   [0e+00, 0e+00]
  RHS     [2e+00, 2e+03]
Solving LP without presolve or useful basis
Using dual simplex solver
  Iteration        Objective     Infeasibilities num(sum)
          0    -1.1853896266e+05 Ph1: 24(113.233); Du: 22(118539) 0.0s
         74     2.2549496316e+05 Pr: 0(0); Du: 0(1.27329e-11) 0.0s

Model name          : adlittle
Model status        : Optimal
Simplex   iterations: 74
Objective value     :  2.2549496316e+05
P-D objective error :  3.2266536595e-16
HiGHS run time      :          0.00
Running HiGHS 1.15.1 (git hash: n/a): Copyright (c) 2026 under MIT licence terms
Includes third-party software components, see THIRD_PARTY_NOTICES.md for full details
Command line parsed using CLI11 2.5.0: Copyright (c) 2017-2025 University of Cincinnati
Set option presolve to "off"
Set option solver to "simplex"
Set option parallel to "off"
Set option threads to 1
Set option run_crossover to "off"
LP adlittle has 56 rows; 97 cols; 383 nonzeros
Coefficient ranges:
  Matrix  [1e-03, 6e+01]
  Cost    [2e+00, 3e+03]
  Bound   [0e+00, 0e+00]
  RHS     [2e+00, 2e+03]
Solving LP without presolve or useful basis
Using dual simplex solver
  Iteration        Objective     Infeasibilities num(sum)
          0    -1.1853896266e+05 Ph1: 24(113.233); Du: 22(118539) 0.0s
         74     2.2549496316e+05 Pr: 0(0); Du: 0(1.27329e-11) 0.0s

Model name          : adlittle
Model status        : Optimal
Simplex   iterations: 74
Objective value     :  2.2549496316e+05
P-D objective error :  3.2266536595e-16
HiGHS run time      :          0.00
Running HiGHS 1.15.1 (git hash: n/a): Copyright (c) 2026 under MIT licence terms
Includes third-party software components, see THIRD_PARTY_NOTICES.md for full details
Command line parsed using CLI11 2.5.0: Copyright (c) 2017-2025 University of Cincinnati
Set option presolve to "off"
Set option solver to "simplex"
Set option parallel to "off"
Set option threads to 1
Set option run_crossover to "off"
LP afiro has 27 rows; 32 cols; 83 nonzeros
Coefficient ranges:
  Matrix  [1e-01, 2e+00]
  Cost    [3e-01, 1e+01]
  Bound   [0e+00, 0e+00]
  RHS     [4e+01, 5e+02]
Solving LP without presolve or useful basis
Using dual simplex solver
  Iteration        Objective     Infeasibilities num(sum)
          0    -2.8799096294e+00 Ph1: 6(4.8); Du: 4(2.87991) 0.0s
         22    -4.6475314286e+02 Pr: 0(0) 0.0s

Model name          : afiro
Model status        : Optimal
Simplex   iterations: 22
Objective value     : -4.6475314286e+02
P-D objective error :  0.0000000000e+00
HiGHS run time      :          0.00
Running HiGHS 1.15.1 (git hash: n/a): Copyright (c) 2026 under MIT licence terms
Includes third-party software components, see THIRD_PARTY_NOTICES.md for full details
Command line parsed using CLI11 2.5.0: Copyright (c) 2017-2025 University of Cincinnati
Set option presolve to "off"
Set option solver to "simplex"
Set option parallel to "off"
Set option threads to 1
Set option run_crossover to "off"
LP afiro has 27 rows; 32 cols; 83 nonzeros
Coefficient ranges:
  Matrix  [1e-01, 2e+00]
  Cost    [3e-01, 1e+01]
  Bound   [0e+00, 0e+00]
  RHS     [4e+01, 5e+02]
Solving LP without presolve or useful basis
Using dual simplex solver
  Iteration        Objective     Infeasibilities num(sum)
          0    -2.8799096294e+00 Ph1: 6(4.8); Du: 4(2.87991) 0.0s
         22    -4.6475314286e+02 Pr: 0(0) 0.0s

Model name          : afiro
Model status        : Optimal
Simplex   iterations: 22
Objective value     : -4.6475314286e+02
P-D objective error :  0.0000000000e+00
HiGHS run time      :          0.00
Running HiGHS 1.15.1 (git hash: n/a): Copyright (c) 2026 under MIT licence terms
Includes third-party software components, see THIRD_PARTY_NOTICES.md for full details
Command line parsed using CLI11 2.5.0: Copyright (c) 2017-2025 University of Cincinnati
Set option presolve to "off"
Set option solver to "simplex"
Set option parallel to "off"
Set option threads to 1
Set option run_crossover to "off"
LP agg has 488 rows; 163 cols; 2410 nonzeros
Coefficient ranges:
  Matrix  [2e-05, 4e+02]
  Cost    [3e+00, 1e+02]
  Bound   [0e+00, 0e+00]
  RHS     [1e+02, 6e+06]
WARNING: Problem has some excessively large row bounds
WARNING:    Consider scaling the    bounds by 1e-1, or setting the user_bound_scale option to -3
Solving LP without presolve or useful basis
Using dual simplex solver
  Iteration        Objective     Infeasibilities num(sum)
          0    -1.5218665641e+05 Ph1: 271(1866.7); Du: 95(152187) 0.0s
        206    -3.5991767287e+07 Pr: 0(0); Du: 0(9.09495e-13) 0.0s

Model name          : agg
Model status        : Optimal
Simplex   iterations: 206
Objective value     : -3.5991767287e+07
P-D objective error :  1.5008073415e-14
HiGHS run time      :          0.01
Running HiGHS 1.15.1 (git hash: n/a): Copyright (c) 2026 under MIT licence terms
Includes third-party software components, see THIRD_PARTY_NOTICES.md for full details
Command line parsed using CLI11 2.5.0: Copyright (c) 2017-2025 University of Cincinnati
Set option presolve to "off"
Set option solver to "simplex"
Set option parallel to "off"
Set option threads to 1
Set option run_crossover to "off"
LP agg has 488 rows; 163 cols; 2410 nonzeros
Coefficient ranges:
  Matrix  [2e-05, 4e+02]
  Cost    [3e+00, 1e+02]
  Bound   [0e+00, 0e+00]
  RHS     [1e+02, 6e+06]
WARNING: Problem has some excessively large row bounds
WARNING:    Consider scaling the    bounds by 1e-1, or setting the user_bound_scale option to -3
Solving LP without presolve or useful basis
Using dual simplex solver
  Iteration        Objective     Infeasibilities num(sum)
          0    -1.5218665641e+05 Ph1: 271(1866.7); Du: 95(152187) 0.0s
        206    -3.5991767287e+07 Pr: 0(0); Du: 0(9.09495e-13) 0.0s

Model name          : agg
Model status        : Optimal
Simplex   iterations: 206
Objective value     : -3.5991767287e+07
P-D objective error :  1.5008073415e-14
HiGHS run time      :          0.01
Running HiGHS 1.15.1 (git hash: n/a): Copyright (c) 2026 under MIT licence terms
Includes third-party software components, see THIRD_PARTY_NOTICES.md for full details
Command line parsed using CLI11 2.5.0: Copyright (c) 2017-2025 University of Cincinnati
Set option presolve to "off"
Set option solver to "simplex"
Set option parallel to "off"
Set option threads to 1
Set option run_crossover to "off"
LP agg2 has 516 rows; 302 cols; 4284 nonzeros
Coefficient ranges:
  Matrix  [2e-05, 4e+02]
  Cost    [3e+00, 1e+02]
  Bound   [0e+00, 0e+00]
  RHS     [8e+01, 1e+06]
WARNING: Problem has some excessively large row bounds
WARNING:    Consider scaling the    bounds by 1e-1, or setting the user_bound_scale option to -1
Solving LP without presolve or useful basis
Using dual simplex solver
  Iteration        Objective     Infeasibilities num(sum)
          0    -2.0762605319e+05 Ph1: 281(2664.74); Du: 171(207626) 0.0s
        221    -2.0239252356e+07 Pr: 0(0); Du: 0(6.25278e-13) 0.0s

Model name          : agg2
Model status        : Optimal
Simplex   iterations: 221
Objective value     : -2.0239252356e+07
P-D objective error :  1.3804697949e-15
HiGHS run time      :          0.01
Running HiGHS 1.15.1 (git hash: n/a): Copyright (c) 2026 under MIT licence terms
Includes third-party software components, see THIRD_PARTY_NOTICES.md for full details
Command line parsed using CLI11 2.5.0: Copyright (c) 2017-2025 University of Cincinnati
Set option presolve to "off"
Set option solver to "simplex"
Set option parallel to "off"
Set option threads to 1
Set option run_crossover to "off"
LP agg2 has 516 rows; 302 cols; 4284 nonzeros
Coefficient ranges:
  Matrix  [2e-05, 4e+02]
  Cost    [3e+00, 1e+02]
  Bound   [0e+00, 0e+00]
  RHS     [8e+01, 1e+06]
WARNING: Problem has some excessively large row bounds
WARNING:    Consider scaling the    bounds by 1e-1, or setting the user_bound_scale option to -1
Solving LP without presolve or useful basis
Using dual simplex solver
  Iteration        Objective     Infeasibilities num(sum)
          0    -2.0762605319e+05 Ph1: 281(2664.74); Du: 171(207626) 0.0s
        221    -2.0239252356e+07 Pr: 0(0); Du: 0(6.25278e-13) 0.0s

Model name          : agg2
Model status        : Optimal
Simplex   iterations: 221
Objective value     : -2.0239252356e+07
P-D objective error :  1.3804697949e-15
HiGHS run time      :          0.01
Running HiGHS 1.15.1 (git hash: n/a): Copyright (c) 2026 under MIT licence terms
Includes third-party software components, see THIRD_PARTY_NOTICES.md for full details
Command line parsed using CLI11 2.5.0: Copyright (c) 2017-2025 University of Cincinnati
Set option presolve to "off"
Set option solver to "simplex"
Set option parallel to "off"
Set option threads to 1
Set option run_crossover to "off"
LP agg3 has 516 rows; 302 cols; 4300 nonzeros
Coefficient ranges:
  Matrix  [2e-05, 4e+02]
  Cost    [3e+00, 1e+02]
  Bound   [0e+00, 0e+00]
  RHS     [1e+02, 1e+06]
WARNING: Problem has some excessively large row bounds
WARNING:    Consider scaling the    bounds by 1e-1, or setting the user_bound_scale option to -1
Solving LP without presolve or useful basis
Using dual simplex solver
  Iteration        Objective     Infeasibilities num(sum)
          0    -2.0762605319e+05 Ph1: 281(2679.77); Du: 171(207626) 0.0s
        225     1.0312115935e+07 Pr: 0(0); Du: 0(9.37916e-13) 0.0s

Model name          : agg3
Model status        : Optimal
Simplex   iterations: 225
Objective value     :  1.0312115935e+07
P-D objective error :  3.6125370790e-16
HiGHS run time      :          0.01
Running HiGHS 1.15.1 (git hash: n/a): Copyright (c) 2026 under MIT licence terms
Includes third-party software components, see THIRD_PARTY_NOTICES.md for full details
Command line parsed using CLI11 2.5.0: Copyright (c) 2017-2025 University of Cincinnati
Set option presolve to "off"
Set option solver to "simplex"
Set option parallel to "off"
Set option threads to 1
Set option run_crossover to "off"
LP agg3 has 516 rows; 302 cols; 4300 nonzeros
Coefficient ranges:
  Matrix  [2e-05, 4e+02]
  Cost    [3e+00, 1e+02]
  Bound   [0e+00, 0e+00]
  RHS     [1e+02, 1e+06]
WARNING: Problem has some excessively large row bounds
WARNING:    Consider scaling the    bounds by 1e-1, or setting the user_bound_scale option to -1
Solving LP without presolve or useful basis
Using dual simplex solver
  Iteration        Objective     Infeasibilities num(sum)
          0    -2.0762605319e+05 Ph1: 281(2679.77); Du: 171(207626) 0.0s
        225     1.0312115935e+07 Pr: 0(0); Du: 0(9.37916e-13) 0.0s

Model name          : agg3
Model status        : Optimal
Simplex   iterations: 225
Objective value     :  1.0312115935e+07
P-D objective error :  3.6125370790e-16
HiGHS run time      :          0.01
Running HiGHS 1.15.1 (git hash: n/a): Copyright (c) 2026 under MIT licence terms
Includes third-party software components, see THIRD_PARTY_NOTICES.md for full details
Command line parsed using CLI11 2.5.0: Copyright (c) 2017-2025 University of Cincinnati
Set option presolve to "off"
Set option solver to "simplex"
Set option parallel to "off"
Set option threads to 1
Set option run_crossover to "off"
LP bandm has 305 rows; 472 cols; 2494 nonzeros
Coefficient ranges:
  Matrix  [1e-03, 2e+02]
  Cost    [1e-04, 1e+01]
  Bound   [0e+00, 0e+00]
  RHS     [1e-01, 7e+01]
Solving LP without presolve or useful basis
Using dual simplex solver
  Iteration        Objective     Infeasibilities num(sum)
          0    -1.7521036775e+02 Ph1: 151(517.82); Du: 92(175.21) 0.0s
        536    -1.5862801845e+02 Pr: 0(0) 0.0s

Model name          : bandm
Model status        : Optimal
Simplex   iterations: 536
Objective value     : -1.5862801845e+02
P-D objective error :  1.4288726628e-15
HiGHS run time      :          0.01
Running HiGHS 1.15.1 (git hash: n/a): Copyright (c) 2026 under MIT licence terms
Includes third-party software components, see THIRD_PARTY_NOTICES.md for full details
Command line parsed using CLI11 2.5.0: Copyright (c) 2017-2025 University of Cincinnati
Set option presolve to "off"
Set option solver to "simplex"
Set option parallel to "off"
Set option threads to 1
Set option run_crossover to "off"
LP bandm has 305 rows; 472 cols; 2494 nonzeros
Coefficient ranges:
  Matrix  [1e-03, 2e+02]
  Cost    [1e-04, 1e+01]
  Bound   [0e+00, 0e+00]
  RHS     [1e-01, 7e+01]
Solving LP without presolve or useful basis
Using dual simplex solver
  Iteration        Objective     Infeasibilities num(sum)
          0    -1.7521036775e+02 Ph1: 151(517.82); Du: 92(175.21) 0.0s
        536    -1.5862801845e+02 Pr: 0(0) 0.0s

Model name          : bandm
Model status        : Optimal
Simplex   iterations: 536
Objective value     : -1.5862801845e+02
P-D objective error :  1.4288726628e-15
HiGHS run time      :          0.01
Running HiGHS 1.15.1 (git hash: n/a): Copyright (c) 2026 under MIT licence terms
Includes third-party software components, see THIRD_PARTY_NOTICES.md for full details
Command line parsed using CLI11 2.5.0: Copyright (c) 2017-2025 University of Cincinnati
Set option presolve to "off"
Set option solver to "simplex"
Set option parallel to "off"
Set option threads to 1
Set option run_crossover to "off"
LP beaconfd has 173 rows; 262 cols; 3375 nonzeros
Coefficient ranges:
  Matrix  [1e-03, 5e+02]
  Cost    [3e-02, 1e+02]
  Bound   [0e+00, 0e+00]
  RHS     [1e+00, 2e+03]
Solving LP without presolve or useful basis
Using dual simplex solver
  Iteration        Objective     Infeasibilities num(sum)
          0     0.0000000000e+00 Pr: 34(3561.62) 0.0s
        101     3.3592485807e+04 Pr: 0(0) 0.0s

Model name          : beaconfd
Model status        : Optimal
Simplex   iterations: 101
Objective value     :  3.3592485807e+04
P-D objective error :  2.1659157230e-16
HiGHS run time      :          0.00
Running HiGHS 1.15.1 (git hash: n/a): Copyright (c) 2026 under MIT licence terms
Includes third-party software components, see THIRD_PARTY_NOTICES.md for full details
Command line parsed using CLI11 2.5.0: Copyright (c) 2017-2025 University of Cincinnati
Set option presolve to "off"
Set option solver to "simplex"
Set option parallel to "off"
Set option threads to 1
Set option run_crossover to "off"
LP beaconfd has 173 rows; 262 cols; 3375 nonzeros
Coefficient ranges:
  Matrix  [1e-03, 5e+02]
  Cost    [3e-02, 1e+02]
  Bound   [0e+00, 0e+00]
  RHS     [1e+00, 2e+03]
Solving LP without presolve or useful basis
Using dual simplex solver
  Iteration        Objective     Infeasibilities num(sum)
          0     0.0000000000e+00 Pr: 34(3561.62) 0.0s
        101     3.3592485807e+04 Pr: 0(0) 0.0s

Model name          : beaconfd
Model status        : Optimal
Simplex   iterations: 101
Objective value     :  3.3592485807e+04
P-D objective error :  2.1659157230e-16
HiGHS run time      :          0.00
Running HiGHS 1.15.1 (git hash: n/a): Copyright (c) 2026 under MIT licence terms
Includes third-party software components, see THIRD_PARTY_NOTICES.md for full details
Command line parsed using CLI11 2.5.0: Copyright (c) 2017-2025 University of Cincinnati
Set option presolve to "off"
Set option solver to "simplex"
Set option parallel to "off"
Set option threads to 1
Set option run_crossover to "off"
LP blend has 74 rows; 83 cols; 491 nonzeros
Coefficient ranges:
  Matrix  [3e-03, 7e+01]
  Cost    [4e-03, 5e+00]
  Bound   [0e+00, 0e+00]
  RHS     [3e+00, 3e+01]
Solving LP without presolve or useful basis
Using dual simplex solver
  Iteration        Objective     Infeasibilities num(sum)
          0    -1.0014231359e+01 Ph1: 21(23.2831); Du: 7(10.0142) 0.0s
        109    -3.0812149846e+01 Pr: 0(0); Du: 0(9.63118e-15) 0.0s

Model name          : blend
Model status        : Optimal
Simplex   iterations: 109
Objective value     : -3.0812149846e+01
P-D objective error :  0.0000000000e+00
HiGHS run time      :          0.00
Running HiGHS 1.15.1 (git hash: n/a): Copyright (c) 2026 under MIT licence terms
Includes third-party software components, see THIRD_PARTY_NOTICES.md for full details
Command line parsed using CLI11 2.5.0: Copyright (c) 2017-2025 University of Cincinnati
Set option presolve to "off"
Set option solver to "simplex"
Set option parallel to "off"
Set option threads to 1
Set option run_crossover to "off"
LP blend has 74 rows; 83 cols; 491 nonzeros
Coefficient ranges:
  Matrix  [3e-03, 7e+01]
  Cost    [4e-03, 5e+00]
  Bound   [0e+00, 0e+00]
  RHS     [3e+00, 3e+01]
Solving LP without presolve or useful basis
Using dual simplex solver
  Iteration        Objective     Infeasibilities num(sum)
          0    -1.0014231359e+01 Ph1: 21(23.2831); Du: 7(10.0142) 0.0s
        109    -3.0812149846e+01 Pr: 0(0); Du: 0(9.63118e-15) 0.0s

Model name          : blend
Model status        : Optimal
Simplex   iterations: 109
Objective value     : -3.0812149846e+01
P-D objective error :  0.0000000000e+00
HiGHS run time      :          0.00
Running HiGHS 1.15.1 (git hash: n/a): Copyright (c) 2026 under MIT licence terms
Includes third-party software components, see THIRD_PARTY_NOTICES.md for full details
Command line parsed using CLI11 2.5.0: Copyright (c) 2017-2025 University of Cincinnati
Set option presolve to "off"
Set option solver to "simplex"
Set option parallel to "off"
Set option threads to 1
Set option run_crossover to "off"
LP bnl1 has 643 rows; 1175 cols; 5121 nonzeros
Coefficient ranges:
  Matrix  [1e-03, 8e+01]
  Cost    [2e-04, 2e+01]
  Bound   [0e+00, 0e+00]
  RHS     [1e-02, 2e+03]
Solving LP without presolve or useful basis
Using dual simplex solver
  Iteration        Objective     Infeasibilities num(sum)
          0    -3.5479439335e+01 Ph1: 91(469.526); Du: 57(35.4794) 0.0s
        929     1.9776295615e+03 Pr: 0(0); Du: 0(5.44519e-11) 0.0s

Model name          : bnl1
Model status        : Optimal
Simplex   iterations: 929
Objective value     :  1.9776295615e+03
P-D objective error :  0.0000000000e+00
HiGHS run time      :          0.02
Running HiGHS 1.15.1 (git hash: n/a): Copyright (c) 2026 under MIT licence terms
Includes third-party software components, see THIRD_PARTY_NOTICES.md for full details
Command line parsed using CLI11 2.5.0: Copyright (c) 2017-2025 University of Cincinnati
Set option presolve to "off"
Set option solver to "simplex"
Set option parallel to "off"
Set option threads to 1
Set option run_crossover to "off"
LP bnl1 has 643 rows; 1175 cols; 5121 nonzeros
Coefficient ranges:
  Matrix  [1e-03, 8e+01]
  Cost    [2e-04, 2e+01]
  Bound   [0e+00, 0e+00]
  RHS     [1e-02, 2e+03]
Solving LP without presolve or useful basis
Using dual simplex solver
  Iteration        Objective     Infeasibilities num(sum)
          0    -3.5479439335e+01 Ph1: 91(469.526); Du: 57(35.4794) 0.0s
        929     1.9776295615e+03 Pr: 0(0); Du: 0(5.44519e-11) 0.0s

Model name          : bnl1
Model status        : Optimal
Simplex   iterations: 929
Objective value     :  1.9776295615e+03
P-D objective error :  0.0000000000e+00
HiGHS run time      :          0.02
Running HiGHS 1.15.1 (git hash: n/a): Copyright (c) 2026 under MIT licence terms
Includes third-party software components, see THIRD_PARTY_NOTICES.md for full details
Command line parsed using CLI11 2.5.0: Copyright (c) 2017-2025 University of Cincinnati
Set option presolve to "off"
Set option solver to "simplex"
Set option parallel to "off"
Set option threads to 1
Set option run_crossover to "off"
LP bnl2 has 2324 rows; 3489 cols; 13999 nonzeros
Coefficient ranges:
  Matrix  [6e-04, 8e+01]
  Cost    [1e-04, 6e+01]
  Bound   [0e+00, 0e+00]
  RHS     [1e-02, 6e+03]
Solving LP without presolve or useful basis
Using dual simplex solver
  Iteration        Objective     Infeasibilities num(sum)
          0    -1.0887290070e+02 Ph1: 295(1193.9); Du: 156(108.873) 0.0s
       1737     1.8112365404e+03 Pr: 0(0); Du: 0(8.61811e-14) 0.0s

Model name          : bnl2
Model status        : Optimal
Simplex   iterations: 1737
Objective value     :  1.8112365404e+03
P-D objective error :  7.5300244946e-16
HiGHS run time      :          0.04
Running HiGHS 1.15.1 (git hash: n/a): Copyright (c) 2026 under MIT licence terms
Includes third-party software components, see THIRD_PARTY_NOTICES.md for full details
Command line parsed using CLI11 2.5.0: Copyright (c) 2017-2025 University of Cincinnati
Set option presolve to "off"
Set option solver to "simplex"
Set option parallel to "off"
Set option threads to 1
Set option run_crossover to "off"
LP bnl2 has 2324 rows; 3489 cols; 13999 nonzeros
Coefficient ranges:
  Matrix  [6e-04, 8e+01]
  Cost    [1e-04, 6e+01]
  Bound   [0e+00, 0e+00]
  RHS     [1e-02, 6e+03]
Solving LP without presolve or useful basis
Using dual simplex solver
  Iteration        Objective     Infeasibilities num(sum)
          0    -1.0887290070e+02 Ph1: 295(1193.9); Du: 156(108.873) 0.0s
       1737     1.8112365404e+03 Pr: 0(0); Du: 0(8.61811e-14) 0.0s

Model name          : bnl2
Model status        : Optimal
Simplex   iterations: 1737
Objective value     :  1.8112365404e+03
P-D objective error :  7.5300244946e-16
HiGHS run time      :          0.04
Running HiGHS 1.15.1 (git hash: n/a): Copyright (c) 2026 under MIT licence terms
Includes third-party software components, see THIRD_PARTY_NOTICES.md for full details
Command line parsed using CLI11 2.5.0: Copyright (c) 2017-2025 University of Cincinnati
Set option presolve to "off"
Set option solver to "simplex"
Set option parallel to "off"
Set option threads to 1
Set option run_crossover to "off"
LP boeing1 has 351 rows; 384 cols; 3485 nonzeros
Coefficient ranges:
  Matrix  [1e-02, 3e+03]
  Cost    [1e-02, 4e+01]
  Bound   [1e+00, 1e+02]
  RHS     [1e+00, 3e+03]
Solving LP without presolve or useful basis
Using dual simplex solver
  Iteration        Objective     Infeasibilities num(sum)
          0    -7.5846399889e+01 Ph1: 255(1745.92); Du: 164(75.8464) 0.0s
        462    -3.3521356751e+02 Pr: 0(0); Du: 0(2.22045e-16) 0.0s

Model name          : boeing1
Model status        : Optimal
Simplex   iterations: 462
Objective value     : -3.3521356751e+02
P-D objective error :  1.6932118437e-16
HiGHS run time      :          0.01
Running HiGHS 1.15.1 (git hash: n/a): Copyright (c) 2026 under MIT licence terms
Includes third-party software components, see THIRD_PARTY_NOTICES.md for full details
Command line parsed using CLI11 2.5.0: Copyright (c) 2017-2025 University of Cincinnati
Set option presolve to "off"
Set option solver to "simplex"
Set option parallel to "off"
Set option threads to 1
Set option run_crossover to "off"
LP boeing1 has 351 rows; 384 cols; 3485 nonzeros
Coefficient ranges:
  Matrix  [1e-02, 3e+03]
  Cost    [1e-02, 4e+01]
  Bound   [1e+00, 1e+02]
  RHS     [1e+00, 3e+03]
Solving LP without presolve or useful basis
Using dual simplex solver
  Iteration        Objective     Infeasibilities num(sum)
          0    -7.5846399889e+01 Ph1: 255(1745.92); Du: 164(75.8464) 0.0s
        462    -3.3521356751e+02 Pr: 0(0); Du: 0(2.22045e-16) 0.0s

Model name          : boeing1
Model status        : Optimal
Simplex   iterations: 462
Objective value     : -3.3521356751e+02
P-D objective error :  1.6932118437e-16
HiGHS run time      :          0.01
Running HiGHS 1.15.1 (git hash: n/a): Copyright (c) 2026 under MIT licence terms
Includes third-party software components, see THIRD_PARTY_NOTICES.md for full details
Command line parsed using CLI11 2.5.0: Copyright (c) 2017-2025 University of Cincinnati
Set option presolve to "off"
Set option solver to "simplex"
Set option parallel to "off"
Set option threads to 1
Set option run_crossover to "off"
LP boeing2 has 166 rows; 143 cols; 1196 nonzeros
Coefficient ranges:
  Matrix  [1e-02, 3e+03]
  Cost    [1e-02, 7e+00]
  Bound   [2e+00, 1e+02]
  RHS     [1e+00, 1e+05]
Solving LP without presolve or useful basis
Using dual simplex solver
  Iteration        Objective     Infeasibilities num(sum)
          0    -1.9283898781e+02 Ph1: 94(425.078); Du: 87(192.839) 0.0s
        123    -3.1501872802e+02 Pr: 0(0); Du: 0(2.19461e-13) 0.0s

Model name          : boeing2
Model status        : Optimal
Simplex   iterations: 123
Objective value     : -3.1501872802e+02
P-D objective error :  3.6031724151e-16
HiGHS run time      :          0.00
Running HiGHS 1.15.1 (git hash: n/a): Copyright (c) 2026 under MIT licence terms
Includes third-party software components, see THIRD_PARTY_NOTICES.md for full details
Command line parsed using CLI11 2.5.0: Copyright (c) 2017-2025 University of Cincinnati
Set option presolve to "off"
Set option solver to "simplex"
Set option parallel to "off"
Set option threads to 1
Set option run_crossover to "off"
LP boeing2 has 166 rows; 143 cols; 1196 nonzeros
Coefficient ranges:
  Matrix  [1e-02, 3e+03]
  Cost    [1e-02, 7e+00]
  Bound   [2e+00, 1e+02]
  RHS     [1e+00, 1e+05]
Solving LP without presolve or useful basis
Using dual simplex solver
  Iteration        Objective     Infeasibilities num(sum)
          0    -1.9283898781e+02 Ph1: 94(425.078); Du: 87(192.839) 0.0s
        123    -3.1501872802e+02 Pr: 0(0); Du: 0(2.19461e-13) 0.0s

Model name          : boeing2
Model status        : Optimal
Simplex   iterations: 123
Objective value     : -3.1501872802e+02
P-D objective error :  3.6031724151e-16
HiGHS run time      :          0.00
Running HiGHS 1.15.1 (git hash: n/a): Copyright (c) 2026 under MIT licence terms
Includes third-party software components, see THIRD_PARTY_NOTICES.md for full details
Command line parsed using CLI11 2.5.0: Copyright (c) 2017-2025 University of Cincinnati
Set option presolve to "off"
Set option solver to "simplex"
Set option parallel to "off"
Set option threads to 1
Set option run_crossover to "off"
LP bore3d has 233 rows; 315 cols; 1429 nonzeros
Coefficient ranges:
  Matrix  [1e-04, 1e+03]
  Cost    [3e-04, 3e+02]
  Bound   [1e+01, 1e+02]
  RHS     [0e+00, 0e+00]
Solving LP without presolve or useful basis
Using dual simplex solver
  Iteration        Objective     Infeasibilities num(sum)
          0     0.0000000000e+00 Ph1: 0(0) 0.0s
        202     1.3730803942e+03 Pr: 0(0) 0.0s

Model name          : bore3d
Model status        : Optimal
Simplex   iterations: 202
Objective value     :  1.3730803942e+03
P-D objective error :  0.0000000000e+00
HiGHS run time      :          0.00
Running HiGHS 1.15.1 (git hash: n/a): Copyright (c) 2026 under MIT licence terms
Includes third-party software components, see THIRD_PARTY_NOTICES.md for full details
Command line parsed using CLI11 2.5.0: Copyright (c) 2017-2025 University of Cincinnati
Set option presolve to "off"
Set option solver to "simplex"
Set option parallel to "off"
Set option threads to 1
Set option run_crossover to "off"
LP bore3d has 233 rows; 315 cols; 1429 nonzeros
Coefficient ranges:
  Matrix  [1e-04, 1e+03]
  Cost    [3e-04, 3e+02]
  Bound   [1e+01, 1e+02]
  RHS     [0e+00, 0e+00]
Solving LP without presolve or useful basis
Using dual simplex solver
  Iteration        Objective     Infeasibilities num(sum)
          0     0.0000000000e+00 Ph1: 0(0) 0.0s
        202     1.3730803942e+03 Pr: 0(0) 0.0s

Model name          : bore3d
Model status        : Optimal
Simplex   iterations: 202
Objective value     :  1.3730803942e+03
P-D objective error :  0.0000000000e+00
HiGHS run time      :          0.01
Running HiGHS 1.15.1 (git hash: n/a): Copyright (c) 2026 under MIT licence terms
Includes third-party software components, see THIRD_PARTY_NOTICES.md for full details
Command line parsed using CLI11 2.5.0: Copyright (c) 2017-2025 University of Cincinnati
Set option presolve to "off"
Set option solver to "simplex"
Set option parallel to "off"
Set option threads to 1
Set option run_crossover to "off"
LP brandy has 220 rows; 249 cols; 2148 nonzeros
Coefficient ranges:
  Matrix  [8e-04, 2e+02]
  Cost    [1e+00, 1e+00]
  Bound   [0e+00, 0e+00]
  RHS     [2e-01, 1e+02]
Solving LP without presolve or useful basis
Using dual simplex solver
  Iteration        Objective     Infeasibilities num(sum)
          0     0.0000000000e+00 Pr: 29(359.835) 0.0s
        304     1.5185098965e+03 Pr: 0(0); Du: 0(1.31006e-14) 0.0s

Model name          : brandy
Model status        : Optimal
Simplex   iterations: 304
Objective value     :  1.5185098965e+03
P-D objective error :  0.0000000000e+00
HiGHS run time      :          0.01
Running HiGHS 1.15.1 (git hash: n/a): Copyright (c) 2026 under MIT licence terms
Includes third-party software components, see THIRD_PARTY_NOTICES.md for full details
Command line parsed using CLI11 2.5.0: Copyright (c) 2017-2025 University of Cincinnati
Set option presolve to "off"
Set option solver to "simplex"
Set option parallel to "off"
Set option threads to 1
Set option run_crossover to "off"
LP brandy has 220 rows; 249 cols; 2148 nonzeros
Coefficient ranges:
  Matrix  [8e-04, 2e+02]
  Cost    [1e+00, 1e+00]
  Bound   [0e+00, 0e+00]
  RHS     [2e-01, 1e+02]
Solving LP without presolve or useful basis
Using dual simplex solver
  Iteration        Objective     Infeasibilities num(sum)
          0     0.0000000000e+00 Pr: 29(359.835) 0.0s
        304     1.5185098965e+03 Pr: 0(0); Du: 0(1.31006e-14) 0.0s

Model name          : brandy
Model status        : Optimal
Simplex   iterations: 304
Objective value     :  1.5185098965e+03
P-D objective error :  0.0000000000e+00
HiGHS run time      :          0.01
Running HiGHS 1.15.1 (git hash: n/a): Copyright (c) 2026 under MIT licence terms
Includes third-party software components, see THIRD_PARTY_NOTICES.md for full details
Command line parsed using CLI11 2.5.0: Copyright (c) 2017-2025 University of Cincinnati
Set option presolve to "off"
Set option solver to "simplex"
Set option parallel to "off"
Set option threads to 1
Set option run_crossover to "off"
LP capri has 271 rows; 353 cols; 1767 nonzeros
Coefficient ranges:
  Matrix  [9e-05, 2e+02]
  Cost    [2e-01, 1e+00]
  Bound   [1e+00, 3e+02]
  RHS     [3e-02, 3e+03]
Solving LP without presolve or useful basis
Using dual simplex solver
  Iteration        Objective     Infeasibilities num(sum)
          0    -1.1303415212e+04 Ph1: 69(110473); Du: 18(42.9569) 0.0s
        298     2.6900129138e+03 Pr: 0(0) 0.0s

Model name          : capri
Model status        : Optimal
Simplex   iterations: 298
Objective value     :  2.6900129138e+03
P-D objective error :  1.6901883227e-16
HiGHS run time      :          0.01
Running HiGHS 1.15.1 (git hash: n/a): Copyright (c) 2026 under MIT licence terms
Includes third-party software components, see THIRD_PARTY_NOTICES.md for full details
Command line parsed using CLI11 2.5.0: Copyright (c) 2017-2025 University of Cincinnati
Set option presolve to "off"
Set option solver to "simplex"
Set option parallel to "off"
Set option threads to 1
Set option run_crossover to "off"
LP capri has 271 rows; 353 cols; 1767 nonzeros
Coefficient ranges:
  Matrix  [9e-05, 2e+02]
  Cost    [2e-01, 1e+00]
  Bound   [1e+00, 3e+02]
  RHS     [3e-02, 3e+03]
Solving LP without presolve or useful basis
Using dual simplex solver
  Iteration        Objective     Infeasibilities num(sum)
          0    -1.1303415212e+04 Ph1: 69(110473); Du: 18(42.9569) 0.0s
        298     2.6900129138e+03 Pr: 0(0) 0.0s

Model name          : capri
Model status        : Optimal
Simplex   iterations: 298
Objective value     :  2.6900129138e+03
P-D objective error :  1.6901883227e-16
HiGHS run time      :          0.01
Running HiGHS 1.15.1 (git hash: n/a): Copyright (c) 2026 under MIT licence terms
Includes third-party software components, see THIRD_PARTY_NOTICES.md for full details
Command line parsed using CLI11 2.5.0: Copyright (c) 2017-2025 University of Cincinnati
Set option presolve to "off"
Set option solver to "simplex"
Set option parallel to "off"
Set option threads to 1
Set option run_crossover to "off"
LP cycle has 1903 rows; 2857 cols; 20720 nonzeros
Coefficient ranges:
  Matrix  [1e-05, 9e+02]
  Cost    [2e-03, 1e+00]
  Bound   [2e+00, 2e+03]
  RHS     [0e+00, 0e+00]
Solving LP without presolve or useful basis
Using dual simplex solver
  Iteration        Objective     Infeasibilities num(sum)
          0    -2.3232341243e+02 Ph1: 310(23500.9); Du: 498(232.323) 0.0s
       2451    -5.2263930249e+00 Pr: 0(0); Du: 0(5.55112e-17) 0.1s
       2451    -5.2263930249e+00 Pr: 0(0); Du: 0(5.55112e-17) 0.1s

Model name          : cycle
Model status        : Optimal
Simplex   iterations: 2451
Objective value     : -5.2263930249e+00
P-D objective error :  0.0000000000e+00
HiGHS run time      :          0.11
Running HiGHS 1.15.1 (git hash: n/a): Copyright (c) 2026 under MIT licence terms
Includes third-party software components, see THIRD_PARTY_NOTICES.md for full details
Command line parsed using CLI11 2.5.0: Copyright (c) 2017-2025 University of Cincinnati
Set option presolve to "off"
Set option solver to "simplex"
Set option parallel to "off"
Set option threads to 1
Set option run_crossover to "off"
LP cycle has 1903 rows; 2857 cols; 20720 nonzeros
Coefficient ranges:
  Matrix  [1e-05, 9e+02]
  Cost    [2e-03, 1e+00]
  Bound   [2e+00, 2e+03]
  RHS     [0e+00, 0e+00]
Solving LP without presolve or useful basis
Using dual simplex solver
  Iteration        Objective     Infeasibilities num(sum)
          0    -2.3232341243e+02 Ph1: 310(23500.9); Du: 498(232.323) 0.0s
       2451    -5.2263930249e+00 Pr: 0(0); Du: 0(5.55112e-17) 0.1s
       2451    -5.2263930249e+00 Pr: 0(0); Du: 0(5.55112e-17) 0.1s

Model name          : cycle
Model status        : Optimal
Simplex   iterations: 2451
Objective value     : -5.2263930249e+00
P-D objective error :  0.0000000000e+00
HiGHS run time      :          0.08
Running HiGHS 1.15.1 (git hash: n/a): Copyright (c) 2026 under MIT licence terms
Includes third-party software components, see THIRD_PARTY_NOTICES.md for full details
Command line parsed using CLI11 2.5.0: Copyright (c) 2017-2025 University of Cincinnati
Set option presolve to "off"
Set option solver to "simplex"
Set option parallel to "off"
Set option threads to 1
Set option run_crossover to "off"
LP czprob has 929 rows; 3523 cols; 10669 nonzeros
Coefficient ranges:
  Matrix  [2e-03, 1e+02]
  Cost    [1e+00, 3e+02]
  Bound   [0e+00, 0e+00]
  RHS     [1e-03, 3e+03]
Solving LP without presolve or useful basis
Using dual simplex solver
  Iteration        Objective     Infeasibilities num(sum)
          0    -7.5664811989e+04 Ph1: 433(4908.68); Du: 1521(75664.8) 0.0s
       1538     2.1851966989e+06 Pr: 0(0); Du: 0(6.11067e-13) 0.0s

Model name          : czprob
Model status        : Optimal
Simplex   iterations: 1538
Objective value     :  2.1851966989e+06
P-D objective error :  0.0000000000e+00
HiGHS run time      :          0.03
Running HiGHS 1.15.1 (git hash: n/a): Copyright (c) 2026 under MIT licence terms
Includes third-party software components, see THIRD_PARTY_NOTICES.md for full details
Command line parsed using CLI11 2.5.0: Copyright (c) 2017-2025 University of Cincinnati
Set option presolve to "off"
Set option solver to "simplex"
Set option parallel to "off"
Set option threads to 1
Set option run_crossover to "off"
LP czprob has 929 rows; 3523 cols; 10669 nonzeros
Coefficient ranges:
  Matrix  [2e-03, 1e+02]
  Cost    [1e+00, 3e+02]
  Bound   [0e+00, 0e+00]
  RHS     [1e-03, 3e+03]
Solving LP without presolve or useful basis
Using dual simplex solver
  Iteration        Objective     Infeasibilities num(sum)
          0    -7.5664811989e+04 Ph1: 433(4908.68); Du: 1521(75664.8) 0.0s
       1538     2.1851966989e+06 Pr: 0(0); Du: 0(6.11067e-13) 0.0s

Model name          : czprob
Model status        : Optimal
Simplex   iterations: 1538
Objective value     :  2.1851966989e+06
P-D objective error :  0.0000000000e+00
HiGHS run time      :          0.03
Running HiGHS 1.15.1 (git hash: n/a): Copyright (c) 2026 under MIT licence terms
Includes third-party software components, see THIRD_PARTY_NOTICES.md for full details
Command line parsed using CLI11 2.5.0: Copyright (c) 2017-2025 University of Cincinnati
Set option presolve to "off"
Set option solver to "simplex"
Set option parallel to "off"
Set option threads to 1
Set option run_crossover to "off"
LP d2q06c has 2171 rows; 5167 cols; 32417 nonzeros
Coefficient ranges:
  Matrix  [2e-04, 2e+03]
  Cost    [1e-03, 7e+01]
  Bound   [0e+00, 0e+00]
  RHS     [2e-02, 5e+03]
Solving LP without presolve or useful basis
Using dual simplex solver
  Iteration        Objective     Infeasibilities num(sum)
          0    -1.5573526229e+02 Ph1: 223(582.254); Du: 115(155.735) 0.0s
       6519     1.2278421081e+05 Pr: 0(0); Du: 0(2.02928e-10) 0.5s

Model name          : d2q06c
Model status        : Optimal
Simplex   iterations: 6519
Objective value     :  1.2278421081e+05
P-D objective error :  1.1851569411e-16
HiGHS run time      :          0.47
Running HiGHS 1.15.1 (git hash: n/a): Copyright (c) 2026 under MIT licence terms
Includes third-party software components, see THIRD_PARTY_NOTICES.md for full details
Command line parsed using CLI11 2.5.0: Copyright (c) 2017-2025 University of Cincinnati
Set option presolve to "off"
Set option solver to "simplex"
Set option parallel to "off"
Set option threads to 1
Set option run_crossover to "off"
LP d2q06c has 2171 rows; 5167 cols; 32417 nonzeros
Coefficient ranges:
  Matrix  [2e-04, 2e+03]
  Cost    [1e-03, 7e+01]
  Bound   [0e+00, 0e+00]
  RHS     [2e-02, 5e+03]
Solving LP without presolve or useful basis
Using dual simplex solver
  Iteration        Objective     Infeasibilities num(sum)
          0    -1.5573526229e+02 Ph1: 223(582.254); Du: 115(155.735) 0.0s
       6519     1.2278421081e+05 Pr: 0(0); Du: 0(2.02928e-10) 0.5s

Model name          : d2q06c
Model status        : Optimal
Simplex   iterations: 6519
Objective value     :  1.2278421081e+05
P-D objective error :  1.1851569411e-16
HiGHS run time      :          0.45
Running HiGHS 1.15.1 (git hash: n/a): Copyright (c) 2026 under MIT licence terms
Includes third-party software components, see THIRD_PARTY_NOTICES.md for full details
Command line parsed using CLI11 2.5.0: Copyright (c) 2017-2025 University of Cincinnati
Set option presolve to "off"
Set option solver to "simplex"
Set option parallel to "off"
Set option threads to 1
Set option run_crossover to "off"
LP d6cube has 415 rows; 6184 cols; 37704 nonzeros
Coefficient ranges:
  Matrix  [1e+00, 4e+02]
  Cost    [1e+00, 1e+00]
  Bound   [1e+00, 1e+00]
  RHS     [1e+00, 1e+04]
Solving LP without presolve or useful basis
Using dual simplex solver
  Iteration        Objective     Infeasibilities num(sum)
          0     1.0000133089e+00 Pr: 12(12992) 0.0s
        458     3.1549166667e+02 Pr: 0(0); Du: 0(1.17129e-14) 0.0s

Model name          : d6cube
Model status        : Optimal
Simplex   iterations: 458
Objective value     :  3.1549166667e+02
P-D objective error :  8.9944490405e-17
HiGHS run time      :          0.03
Running HiGHS 1.15.1 (git hash: n/a): Copyright (c) 2026 under MIT licence terms
Includes third-party software components, see THIRD_PARTY_NOTICES.md for full details
Command line parsed using CLI11 2.5.0: Copyright (c) 2017-2025 University of Cincinnati
Set option presolve to "off"
Set option solver to "simplex"
Set option parallel to "off"
Set option threads to 1
Set option run_crossover to "off"
LP d6cube has 415 rows; 6184 cols; 37704 nonzeros
Coefficient ranges:
  Matrix  [1e+00, 4e+02]
  Cost    [1e+00, 1e+00]
  Bound   [1e+00, 1e+00]
  RHS     [1e+00, 1e+04]
Solving LP without presolve or useful basis
Using dual simplex solver
  Iteration        Objective     Infeasibilities num(sum)
          0     1.0000133089e+00 Pr: 12(12992) 0.0s
        458     3.1549166667e+02 Pr: 0(0); Du: 0(1.17129e-14) 0.0s

Model name          : d6cube
Model status        : Optimal
Simplex   iterations: 458
Objective value     :  3.1549166667e+02
P-D objective error :  8.9944490405e-17
HiGHS run time      :          0.03
Running HiGHS 1.15.1 (git hash: n/a): Copyright (c) 2026 under MIT licence terms
Includes third-party software components, see THIRD_PARTY_NOTICES.md for full details
Command line parsed using CLI11 2.5.0: Copyright (c) 2017-2025 University of Cincinnati
Set option presolve to "off"
Set option solver to "simplex"
Set option parallel to "off"
Set option threads to 1
Set option run_crossover to "off"
LP degen2 has 444 rows; 534 cols; 3978 nonzeros
Coefficient ranges:
  Matrix  [1e+00, 1e+00]
  Cost    [1e-02, 5e+01]
  Bound   [0e+00, 0e+00]
  RHS     [1e+00, 4e+01]
Solving LP without presolve or useful basis
Using dual simplex solver
  Iteration        Objective     Infeasibilities num(sum)
          0    -3.6545560594e+03 Ph1: 310(899); Du: 425(3654.56) 0.0s
        595    -1.4351780000e+03 Pr: 0(0) 0.0s

Model name          : degen2
Model status        : Optimal
Simplex   iterations: 595
Objective value     : -1.4351780000e+03
P-D objective error :  3.1674745374e-16
HiGHS run time      :          0.01
Running HiGHS 1.15.1 (git hash: n/a): Copyright (c) 2026 under MIT licence terms
Includes third-party software components, see THIRD_PARTY_NOTICES.md for full details
Command line parsed using CLI11 2.5.0: Copyright (c) 2017-2025 University of Cincinnati
Set option presolve to "off"
Set option solver to "simplex"
Set option parallel to "off"
Set option threads to 1
Set option run_crossover to "off"
LP degen2 has 444 rows; 534 cols; 3978 nonzeros
Coefficient ranges:
  Matrix  [1e+00, 1e+00]
  Cost    [1e-02, 5e+01]
  Bound   [0e+00, 0e+00]
  RHS     [1e+00, 4e+01]
Solving LP without presolve or useful basis
Using dual simplex solver
  Iteration        Objective     Infeasibilities num(sum)
          0    -3.6545560594e+03 Ph1: 310(899); Du: 425(3654.56) 0.0s
        595    -1.4351780000e+03 Pr: 0(0) 0.0s

Model name          : degen2
Model status        : Optimal
Simplex   iterations: 595
Objective value     : -1.4351780000e+03
P-D objective error :  3.1674745374e-16
HiGHS run time      :          0.01
Running HiGHS 1.15.1 (git hash: n/a): Copyright (c) 2026 under MIT licence terms
Includes third-party software components, see THIRD_PARTY_NOTICES.md for full details
Command line parsed using CLI11 2.5.0: Copyright (c) 2017-2025 University of Cincinnati
Set option presolve to "off"
Set option solver to "simplex"
Set option parallel to "off"
Set option threads to 1
Set option run_crossover to "off"
LP degen3 has 1503 rows; 1818 cols; 24646 nonzeros
Coefficient ranges:
  Matrix  [1e+00, 1e+00]
  Cost    [1e-02, 2e+01]
  Bound   [0e+00, 0e+00]
  RHS     [1e+00, 5e+01]
Solving LP without presolve or useful basis
Using dual simplex solver
  Iteration        Objective     Infeasibilities num(sum)
          0    -2.9119112654e+03 Ph1: 963(2985); Du: 1249(2911.91) 0.0s
       2276    -9.8729400000e+02 Pr: 0(0) 0.1s

Model name          : degen3
Model status        : Optimal
Simplex   iterations: 2276
Objective value     : -9.8729400000e+02
P-D objective error :  1.7263746954e-16
HiGHS run time      :          0.10
Running HiGHS 1.15.1 (git hash: n/a): Copyright (c) 2026 under MIT licence terms
Includes third-party software components, see THIRD_PARTY_NOTICES.md for full details
Command line parsed using CLI11 2.5.0: Copyright (c) 2017-2025 University of Cincinnati
Set option presolve to "off"
Set option solver to "simplex"
Set option parallel to "off"
Set option threads to 1
Set option run_crossover to "off"
LP degen3 has 1503 rows; 1818 cols; 24646 nonzeros
Coefficient ranges:
  Matrix  [1e+00, 1e+00]
  Cost    [1e-02, 2e+01]
  Bound   [0e+00, 0e+00]
  RHS     [1e+00, 5e+01]
Solving LP without presolve or useful basis
Using dual simplex solver
  Iteration        Objective     Infeasibilities num(sum)
          0    -2.9119112654e+03 Ph1: 963(2985); Du: 1249(2911.91) 0.0s
       2276    -9.8729400000e+02 Pr: 0(0) 0.1s

Model name          : degen3
Model status        : Optimal
Simplex   iterations: 2276
Objective value     : -9.8729400000e+02
P-D objective error :  1.7263746954e-16
HiGHS run time      :          0.10
Running HiGHS 1.15.1 (git hash: n/a): Copyright (c) 2026 under MIT licence terms
Includes third-party software components, see THIRD_PARTY_NOTICES.md for full details
Command line parsed using CLI11 2.5.0: Copyright (c) 2017-2025 University of Cincinnati
Set option presolve to "off"
Set option solver to "simplex"
Set option parallel to "off"
Set option threads to 1
Set option run_crossover to "off"
LP dfl001 has 6071 rows; 12230 cols; 35632 nonzeros
Coefficient ranges:
  Matrix  [8e-02, 2e+00]
  Cost    [6e+02, 4e+07]
  Bound   [4e+00, 1e+02]
  RHS     [1e+00, 1e+02]
WARNING: Problem has some excessively large costs
WARNING:    Consider scaling the objective by 1e-2, or setting the user_objective_scale option to -6
Solving LP without presolve or useful basis
Using dual simplex solver
  Iteration        Objective     Infeasibilities num(sum)
          0     0.0000000000e+00 Pr: 1663(15843.5) 0.0s
      19180     1.1263049985e+07 Pr: 1058(6252.48) 5.0s
      21189     1.1266396047e+07 Pr: 0(0); Du: 0(1.95356e-08) 5.7s
      21189     1.1266396047e+07 Pr: 0(0); Du: 0(1.95356e-08) 5.7s

Model name          : dfl001
Model status        : Optimal
Simplex   iterations: 21189
Objective value     :  1.1266396047e+07
P-D objective error :  1.4052837305e-15
HiGHS run time      :          5.70
Running HiGHS 1.15.1 (git hash: n/a): Copyright (c) 2026 under MIT licence terms
Includes third-party software components, see THIRD_PARTY_NOTICES.md for full details
Command line parsed using CLI11 2.5.0: Copyright (c) 2017-2025 University of Cincinnati
Set option presolve to "off"
Set option solver to "simplex"
Set option parallel to "off"
Set option threads to 1
Set option run_crossover to "off"
LP dfl001 has 6071 rows; 12230 cols; 35632 nonzeros
Coefficient ranges:
  Matrix  [8e-02, 2e+00]
  Cost    [6e+02, 4e+07]
  Bound   [4e+00, 1e+02]
  RHS     [1e+00, 1e+02]
WARNING: Problem has some excessively large costs
WARNING:    Consider scaling the objective by 1e-2, or setting the user_objective_scale option to -6
Solving LP without presolve or useful basis
Using dual simplex solver
  Iteration        Objective     Infeasibilities num(sum)
          0     0.0000000000e+00 Pr: 1663(15843.5) 0.0s
      19067     1.1262473969e+07 Pr: 952(2175.06) 5.0s
      21189     1.1266396047e+07 Pr: 0(0); Du: 0(1.95356e-08) 5.8s
      21189     1.1266396047e+07 Pr: 0(0); Du: 0(1.95356e-08) 5.8s

Model name          : dfl001
Model status        : Optimal
Simplex   iterations: 21189
Objective value     :  1.1266396047e+07
P-D objective error :  1.4052837305e-15
HiGHS run time      :          5.79
Running HiGHS 1.15.1 (git hash: n/a): Copyright (c) 2026 under MIT licence terms
Includes third-party software components, see THIRD_PARTY_NOTICES.md for full details
Command line parsed using CLI11 2.5.0: Copyright (c) 2017-2025 University of Cincinnati
Set option presolve to "off"
Set option solver to "simplex"
Set option parallel to "off"
Set option threads to 1
Set option run_crossover to "off"
LP e226 has 223 rows; 282 cols; 2578 nonzeros
Coefficient ranges:
  Matrix  [3e-04, 1e+03]
  Cost    [5e-04, 3e+01]
  Bound   [0e+00, 0e+00]
  RHS     [9e-03, 6e+01]
Solving LP without presolve or useful basis
Using dual simplex solver
  Iteration        Objective     Infeasibilities num(sum)
          0    -2.2530121601e+02 Ph1: 108(362.034); Du: 60(225.301) 0.0s
        328    -1.1638929066e+01 Pr: 0(0) 0.0s

Model name          : e226
Model status        : Optimal
Simplex   iterations: 328
Objective value     : -1.1638929066e+01
P-D objective error :  1.4414051497e-14
HiGHS run time      :          0.01
Running HiGHS 1.15.1 (git hash: n/a): Copyright (c) 2026 under MIT licence terms
Includes third-party software components, see THIRD_PARTY_NOTICES.md for full details
Command line parsed using CLI11 2.5.0: Copyright (c) 2017-2025 University of Cincinnati
Set option presolve to "off"
Set option solver to "simplex"
Set option parallel to "off"
Set option threads to 1
Set option run_crossover to "off"
LP e226 has 223 rows; 282 cols; 2578 nonzeros
Coefficient ranges:
  Matrix  [3e-04, 1e+03]
  Cost    [5e-04, 3e+01]
  Bound   [0e+00, 0e+00]
  RHS     [9e-03, 6e+01]
Solving LP without presolve or useful basis
Using dual simplex solver
  Iteration        Objective     Infeasibilities num(sum)
          0    -2.2530121601e+02 Ph1: 108(362.034); Du: 60(225.301) 0.0s
        328    -1.1638929066e+01 Pr: 0(0) 0.0s

Model name          : e226
Model status        : Optimal
Simplex   iterations: 328
Objective value     : -1.1638929066e+01
P-D objective error :  1.4414051497e-14
HiGHS run time      :          0.01
Running HiGHS 1.15.1 (git hash: n/a): Copyright (c) 2026 under MIT licence terms
Includes third-party software components, see THIRD_PARTY_NOTICES.md for full details
Command line parsed using CLI11 2.5.0: Copyright (c) 2017-2025 University of Cincinnati
Set option presolve to "off"
Set option solver to "simplex"
Set option parallel to "off"
Set option threads to 1
Set option run_crossover to "off"
LP etamacro has 400 rows; 688 cols; 2409 nonzeros
Coefficient ranges:
  Matrix  [2e-02, 2e+03]
  Cost    [8e-03, 8e+02]
  Bound   [3e-02, 1e+02]
  RHS     [1e+00, 1e+04]
Solving LP without presolve or useful basis
Using dual simplex solver
  Iteration        Objective     Infeasibilities num(sum)
          0    -2.9562269393e+01 Ph1: 46(77.0946); Du: 45(29.5623) 0.0s
        530    -7.5571523130e+02 Pr: 0(0); Du: 0(1.87426e-07) 0.0s
        530    -7.5571523130e+02 Pr: 0(0); Du: 0(1.87426e-07) 0.0s
Using primal simplex solver
  Iteration        Objective     Infeasibilities num(sum)
        530    -7.5571523130e+02 Pr: 0(0); Du: 1(1.46689e-06) 0.0s
        532    -7.5571523330e+02 Pr: 0(0); Du: 0(1.05135e-07) 0.0s

Model name          : etamacro
Model status        : Optimal
Simplex   iterations: 532
Objective value     : -7.5571523330e+02
P-D objective error :  1.5033661412e-16
HiGHS run time      :          0.01
Running HiGHS 1.15.1 (git hash: n/a): Copyright (c) 2026 under MIT licence terms
Includes third-party software components, see THIRD_PARTY_NOTICES.md for full details
Command line parsed using CLI11 2.5.0: Copyright (c) 2017-2025 University of Cincinnati
Set option presolve to "off"
Set option solver to "simplex"
Set option parallel to "off"
Set option threads to 1
Set option run_crossover to "off"
LP etamacro has 400 rows; 688 cols; 2409 nonzeros
Coefficient ranges:
  Matrix  [2e-02, 2e+03]
  Cost    [8e-03, 8e+02]
  Bound   [3e-02, 1e+02]
  RHS     [1e+00, 1e+04]
Solving LP without presolve or useful basis
Using dual simplex solver
  Iteration        Objective     Infeasibilities num(sum)
          0    -2.9562269393e+01 Ph1: 46(77.0946); Du: 45(29.5623) 0.0s
        530    -7.5571523130e+02 Pr: 0(0); Du: 0(1.87426e-07) 0.0s
        530    -7.5571523130e+02 Pr: 0(0); Du: 0(1.87426e-07) 0.0s
Using primal simplex solver
  Iteration        Objective     Infeasibilities num(sum)
        530    -7.5571523130e+02 Pr: 0(0); Du: 1(1.46689e-06) 0.0s
        532    -7.5571523330e+02 Pr: 0(0); Du: 0(1.05135e-07) 0.0s

Model name          : etamacro
Model status        : Optimal
Simplex   iterations: 532
Objective value     : -7.5571523330e+02
P-D objective error :  1.5033661412e-16
HiGHS run time      :          0.01
Running HiGHS 1.15.1 (git hash: n/a): Copyright (c) 2026 under MIT licence terms
Includes third-party software components, see THIRD_PARTY_NOTICES.md for full details
Command line parsed using CLI11 2.5.0: Copyright (c) 2017-2025 University of Cincinnati
Set option presolve to "off"
Set option solver to "simplex"
Set option parallel to "off"
Set option threads to 1
Set option run_crossover to "off"
LP fffff800 has 524 rows; 854 cols; 6227 nonzeros
Coefficient ranges:
  Matrix  [8e-03, 1e+05]
  Cost    [1e+00, 1e+00]
  Bound   [0e+00, 0e+00]
  RHS     [3e-01, 2e+05]
Solving LP without presolve or useful basis
Using dual simplex solver
  Iteration        Objective     Infeasibilities num(sum)
          0     0.0000000000e+00 Pr: 153(1.27749e+06) 0.0s
        963     5.5567956482e+05 Pr: 0(0); Du: 0(1.06581e-14) 0.0s

Model name          : fffff800
Model status        : Optimal
Simplex   iterations: 963
Objective value     :  5.5567956482e+05
P-D objective error :  4.1900125341e-16
HiGHS run time      :          0.02
Running HiGHS 1.15.1 (git hash: n/a): Copyright (c) 2026 under MIT licence terms
Includes third-party software components, see THIRD_PARTY_NOTICES.md for full details
Command line parsed using CLI11 2.5.0: Copyright (c) 2017-2025 University of Cincinnati
Set option presolve to "off"
Set option solver to "simplex"
Set option parallel to "off"
Set option threads to 1
Set option run_crossover to "off"
LP fffff800 has 524 rows; 854 cols; 6227 nonzeros
Coefficient ranges:
  Matrix  [8e-03, 1e+05]
  Cost    [1e+00, 1e+00]
  Bound   [0e+00, 0e+00]
  RHS     [3e-01, 2e+05]
Solving LP without presolve or useful basis
Using dual simplex solver
  Iteration        Objective     Infeasibilities num(sum)
          0     0.0000000000e+00 Pr: 153(1.27749e+06) 0.0s
        963     5.5567956482e+05 Pr: 0(0); Du: 0(1.06581e-14) 0.0s

Model name          : fffff800
Model status        : Optimal
Simplex   iterations: 963
Objective value     :  5.5567956482e+05
P-D objective error :  4.1900125341e-16
HiGHS run time      :          0.02
Running HiGHS 1.15.1 (git hash: n/a): Copyright (c) 2026 under MIT licence terms
Includes third-party software components, see THIRD_PARTY_NOTICES.md for full details
Command line parsed using CLI11 2.5.0: Copyright (c) 2017-2025 University of Cincinnati
Set option presolve to "off"
Set option solver to "simplex"
Set option parallel to "off"
Set option threads to 1
Set option run_crossover to "off"
LP finnis has 497 rows; 614 cols; 2310 nonzeros
Coefficient ranges:
  Matrix  [5e-04, 3e+01]
  Cost    [1e-05, 4e+03]
  Bound   [1e-04, 3e+04]
  RHS     [1e-02, 4e+03]
WARNING: Problem has some excessively small costs
Solving LP without presolve or useful basis
Using dual simplex solver
  Iteration        Objective     Infeasibilities num(sum)
          0    -1.8518330175e+01 Ph1: 6(2.75); Du: 6(18.5183) 0.0s
        354     1.7279106560e+05 Pr: 0(0); Du: 0(1.11022e-15) 0.0s

Model name          : finnis
Model status        : Optimal
Simplex   iterations: 354
Objective value     :  1.7279106560e+05
P-D objective error :  1.6843316603e-16
HiGHS run time      :          0.01
Running HiGHS 1.15.1 (git hash: n/a): Copyright (c) 2026 under MIT licence terms
Includes third-party software components, see THIRD_PARTY_NOTICES.md for full details
Command line parsed using CLI11 2.5.0: Copyright (c) 2017-2025 University of Cincinnati
Set option presolve to "off"
Set option solver to "simplex"
Set option parallel to "off"
Set option threads to 1
Set option run_crossover to "off"
LP finnis has 497 rows; 614 cols; 2310 nonzeros
Coefficient ranges:
  Matrix  [5e-04, 3e+01]
  Cost    [1e-05, 4e+03]
  Bound   [1e-04, 3e+04]
  RHS     [1e-02, 4e+03]
WARNING: Problem has some excessively small costs
Solving LP without presolve or useful basis
Using dual simplex solver
  Iteration        Objective     Infeasibilities num(sum)
          0    -1.8518330175e+01 Ph1: 6(2.75); Du: 6(18.5183) 0.0s
        354     1.7279106560e+05 Pr: 0(0); Du: 0(1.11022e-15) 0.0s

Model name          : finnis
Model status        : Optimal
Simplex   iterations: 354
Objective value     :  1.7279106560e+05
P-D objective error :  1.6843316603e-16
HiGHS run time      :          0.01
Running HiGHS 1.15.1 (git hash: n/a): Copyright (c) 2026 under MIT licence terms
Includes third-party software components, see THIRD_PARTY_NOTICES.md for full details
Command line parsed using CLI11 2.5.0: Copyright (c) 2017-2025 University of Cincinnati
Set option presolve to "off"
Set option solver to "simplex"
Set option parallel to "off"
Set option threads to 1
Set option run_crossover to "off"
LP fit1d has 24 rows; 1026 cols; 13404 nonzeros
Coefficient ranges:
  Matrix  [1e-02, 2e+03]
  Cost    [1e+01, 1e+03]
  Bound   [1e+00, 3e+00]
  RHS     [0e+00, 0e+00]
Solving LP without presolve or useful basis
Using dual simplex solver
  Iteration        Objective     Infeasibilities num(sum)
          0     0.0000000000e+00 Ph1: 0(0) 0.0s
         57    -9.1463780924e+03 Pr: 0(0) 0.0s

Model name          : fit1d
Model status        : Optimal
Simplex   iterations: 57
Objective value     : -9.1463780924e+03
P-D objective error :  9.9432253561e-17
HiGHS run time      :          0.00
Running HiGHS 1.15.1 (git hash: n/a): Copyright (c) 2026 under MIT licence terms
Includes third-party software components, see THIRD_PARTY_NOTICES.md for full details
Command line parsed using CLI11 2.5.0: Copyright (c) 2017-2025 University of Cincinnati
Set option presolve to "off"
Set option solver to "simplex"
Set option parallel to "off"
Set option threads to 1
Set option run_crossover to "off"
LP fit1d has 24 rows; 1026 cols; 13404 nonzeros
Coefficient ranges:
  Matrix  [1e-02, 2e+03]
  Cost    [1e+01, 1e+03]
  Bound   [1e+00, 3e+00]
  RHS     [0e+00, 0e+00]
Solving LP without presolve or useful basis
Using dual simplex solver
  Iteration        Objective     Infeasibilities num(sum)
          0     0.0000000000e+00 Ph1: 0(0) 0.0s
         57    -9.1463780924e+03 Pr: 0(0) 0.0s

Model name          : fit1d
Model status        : Optimal
Simplex   iterations: 57
Objective value     : -9.1463780924e+03
P-D objective error :  9.9432253561e-17
HiGHS run time      :          0.01
Running HiGHS 1.15.1 (git hash: n/a): Copyright (c) 2026 under MIT licence terms
Includes third-party software components, see THIRD_PARTY_NOTICES.md for full details
Command line parsed using CLI11 2.5.0: Copyright (c) 2017-2025 University of Cincinnati
Set option presolve to "off"
Set option solver to "simplex"
Set option parallel to "off"
Set option threads to 1
Set option run_crossover to "off"
LP fit1p has 627 rows; 1677 cols; 9868 nonzeros
Coefficient ranges:
  Matrix  [1e-02, 2e+03]
  Cost    [1e+00, 3e+00]
  Bound   [8e+01, 1e+03]
  RHS     [1e+01, 2e+02]
Solving LP without presolve or useful basis
Using dual simplex solver
  Iteration        Objective     Infeasibilities num(sum)
          0     0.0000000000e+00 Pr: 627(19524.1) 0.0s
        860     9.1463780924e+03 Pr: 0(0) 0.0s

Model name          : fit1p
Model status        : Optimal
Simplex   iterations: 860
Objective value     :  9.1463780924e+03
P-D objective error :  3.9772901424e-16
HiGHS run time      :          0.02
Running HiGHS 1.15.1 (git hash: n/a): Copyright (c) 2026 under MIT licence terms
Includes third-party software components, see THIRD_PARTY_NOTICES.md for full details
Command line parsed using CLI11 2.5.0: Copyright (c) 2017-2025 University of Cincinnati
Set option presolve to "off"
Set option solver to "simplex"
Set option parallel to "off"
Set option threads to 1
Set option run_crossover to "off"
LP fit1p has 627 rows; 1677 cols; 9868 nonzeros
Coefficient ranges:
  Matrix  [1e-02, 2e+03]
  Cost    [1e+00, 3e+00]
  Bound   [8e+01, 1e+03]
  RHS     [1e+01, 2e+02]
Solving LP without presolve or useful basis
Using dual simplex solver
  Iteration        Objective     Infeasibilities num(sum)
          0     0.0000000000e+00 Pr: 627(19524.1) 0.0s
        860     9.1463780924e+03 Pr: 0(0) 0.0s

Model name          : fit1p
Model status        : Optimal
Simplex   iterations: 860
Objective value     :  9.1463780924e+03
P-D objective error :  3.9772901424e-16
HiGHS run time      :          0.02
Running HiGHS 1.15.1 (git hash: n/a): Copyright (c) 2026 under MIT licence terms
Includes third-party software components, see THIRD_PARTY_NOTICES.md for full details
Command line parsed using CLI11 2.5.0: Copyright (c) 2017-2025 University of Cincinnati
Set option presolve to "off"
Set option solver to "simplex"
Set option parallel to "off"
Set option threads to 1
Set option run_crossover to "off"
LP fit2d has 25 rows; 10500 cols; 129018 nonzeros
Coefficient ranges:
  Matrix  [5e-02, 3e+03]
  Cost    [5e+00, 8e+03]
  Bound   [5e-01, 8e+00]
  RHS     [0e+00, 0e+00]
Solving LP without presolve or useful basis
Using dual simplex solver
  Iteration        Objective     Infeasibilities num(sum)
          0     0.0000000000e+00 Ph1: 0(0) 0.0s
        148    -6.8464293294e+04 Pr: 0(0); Du: 0(4.44089e-16) 0.0s

Model name          : fit2d
Model status        : Optimal
Simplex   iterations: 148
Objective value     : -6.8464293294e+04
P-D objective error :  6.3763788051e-16
HiGHS run time      :          0.04
Running HiGHS 1.15.1 (git hash: n/a): Copyright (c) 2026 under MIT licence terms
Includes third-party software components, see THIRD_PARTY_NOTICES.md for full details
Command line parsed using CLI11 2.5.0: Copyright (c) 2017-2025 University of Cincinnati
Set option presolve to "off"
Set option solver to "simplex"
Set option parallel to "off"
Set option threads to 1
Set option run_crossover to "off"
LP fit2d has 25 rows; 10500 cols; 129018 nonzeros
Coefficient ranges:
  Matrix  [5e-02, 3e+03]
  Cost    [5e+00, 8e+03]
  Bound   [5e-01, 8e+00]
  RHS     [0e+00, 0e+00]
Solving LP without presolve or useful basis
Using dual simplex solver
  Iteration        Objective     Infeasibilities num(sum)
          0     0.0000000000e+00 Ph1: 0(0) 0.0s
        148    -6.8464293294e+04 Pr: 0(0); Du: 0(4.44089e-16) 0.0s

Model name          : fit2d
Model status        : Optimal
Simplex   iterations: 148
Objective value     : -6.8464293294e+04
P-D objective error :  6.3763788051e-16
HiGHS run time      :          0.03
Running HiGHS 1.15.1 (git hash: n/a): Copyright (c) 2026 under MIT licence terms
Includes third-party software components, see THIRD_PARTY_NOTICES.md for full details
Command line parsed using CLI11 2.5.0: Copyright (c) 2017-2025 University of Cincinnati
Set option presolve to "off"
Set option solver to "simplex"
Set option parallel to "off"
Set option threads to 1
Set option run_crossover to "off"
LP fit2p has 3000 rows; 13525 cols; 50284 nonzeros
Coefficient ranges:
  Matrix  [5e-02, 3e+03]
  Cost    [1e+00, 1e+01]
  Bound   [4e+00, 7e+03]
  RHS     [4e+01, 2e+03]
Solving LP without presolve or useful basis
Using dual simplex solver
  Iteration        Objective     Infeasibilities num(sum)
          0     0.0000000000e+00 Pr: 1500(87699.5) 0.0s
       4907     6.8464293294e+04 Pr: 0(0) 0.5s

Model name          : fit2p
Model status        : Optimal
Simplex   iterations: 4907
Objective value     :  6.8464293294e+04
P-D objective error :  7.4391086059e-16
HiGHS run time      :          0.53
Running HiGHS 1.15.1 (git hash: n/a): Copyright (c) 2026 under MIT licence terms
Includes third-party software components, see THIRD_PARTY_NOTICES.md for full details
Command line parsed using CLI11 2.5.0: Copyright (c) 2017-2025 University of Cincinnati
Set option presolve to "off"
Set option solver to "simplex"
Set option parallel to "off"
Set option threads to 1
Set option run_crossover to "off"
LP fit2p has 3000 rows; 13525 cols; 50284 nonzeros
Coefficient ranges:
  Matrix  [5e-02, 3e+03]
  Cost    [1e+00, 1e+01]
  Bound   [4e+00, 7e+03]
  RHS     [4e+01, 2e+03]
Solving LP without presolve or useful basis
Using dual simplex solver
  Iteration        Objective     Infeasibilities num(sum)
          0     0.0000000000e+00 Pr: 1500(87699.5) 0.0s
       4907     6.8464293294e+04 Pr: 0(0) 0.5s

Model name          : fit2p
Model status        : Optimal
Simplex   iterations: 4907
Objective value     :  6.8464293294e+04
P-D objective error :  7.4391086059e-16
HiGHS run time      :          0.50
Running HiGHS 1.15.1 (git hash: n/a): Copyright (c) 2026 under MIT licence terms
Includes third-party software components, see THIRD_PARTY_NOTICES.md for full details
Command line parsed using CLI11 2.5.0: Copyright (c) 2017-2025 University of Cincinnati
Set option presolve to "off"
Set option solver to "simplex"
Set option parallel to "off"
Set option threads to 1
Set option run_crossover to "off"
LP forplan has 161 rows; 421 cols; 4563 nonzeros
Coefficient ranges:
  Matrix  [7e-03, 3e+03]
  Cost    [1e-04, 1e+00]
  Bound   [3e+03, 1e+07]
  RHS     [1e+01, 7e+06]
WARNING: Problem has some excessively large column bounds
WARNING: Problem has some excessively large row bounds
WARNING:    Consider scaling the    bounds by 1e-1, or setting the user_bound_scale option to -4
Solving LP without presolve or useful basis
Using dual simplex solver
  Iteration        Objective     Infeasibilities num(sum)
          0    -6.9302160162e+01 Ph1: 65(398.398); Du: 28(69.3022) 0.0s
        225    -6.6421896127e+02 Pr: 0(0) 0.0s

Model name          : forplan
Model status        : Optimal
Simplex   iterations: 225
Objective value     : -6.6421896127e+02
P-D objective error :  3.9336884006e-15
HiGHS run time      :          0.01
Running HiGHS 1.15.1 (git hash: n/a): Copyright (c) 2026 under MIT licence terms
Includes third-party software components, see THIRD_PARTY_NOTICES.md for full details
Command line parsed using CLI11 2.5.0: Copyright (c) 2017-2025 University of Cincinnati
Set option presolve to "off"
Set option solver to "simplex"
Set option parallel to "off"
Set option threads to 1
Set option run_crossover to "off"
LP forplan has 161 rows; 421 cols; 4563 nonzeros
Coefficient ranges:
  Matrix  [7e-03, 3e+03]
  Cost    [1e-04, 1e+00]
  Bound   [3e+03, 1e+07]
  RHS     [1e+01, 7e+06]
WARNING: Problem has some excessively large column bounds
WARNING: Problem has some excessively large row bounds
WARNING:    Consider scaling the    bounds by 1e-1, or setting the user_bound_scale option to -4
Solving LP without presolve or useful basis
Using dual simplex solver
  Iteration        Objective     Infeasibilities num(sum)
          0    -6.9302160162e+01 Ph1: 65(398.398); Du: 28(69.3022) 0.0s
        225    -6.6421896127e+02 Pr: 0(0) 0.0s

Model name          : forplan
Model status        : Optimal
Simplex   iterations: 225
Objective value     : -6.6421896127e+02
P-D objective error :  3.9336884006e-15
HiGHS run time      :          0.01
Running HiGHS 1.15.1 (git hash: n/a): Copyright (c) 2026 under MIT licence terms
Includes third-party software components, see THIRD_PARTY_NOTICES.md for full details
Command line parsed using CLI11 2.5.0: Copyright (c) 2017-2025 University of Cincinnati
Set option presolve to "off"
Set option solver to "simplex"
Set option parallel to "off"
Set option threads to 1
Set option run_crossover to "off"
LP ganges has 1309 rows; 1681 cols; 6912 nonzeros
Coefficient ranges:
  Matrix  [1e-03, 1e+00]
  Cost    [5e-01, 5e-01]
  Bound   [6e+00, 5e+04]
  RHS     [1e+01, 1e+05]
Solving LP without presolve or useful basis
Using dual simplex solver
  Iteration        Objective     Infeasibilities num(sum)
          0     0.0000000000e+00 Ph1: 0(0) 0.0s
       1270    -1.0958573613e+05 Pr: 0(0); Du: 0(7.30438e-12) 0.0s

Model name          : ganges
Model status        : Optimal
Simplex   iterations: 1270
Objective value     : -1.0958573613e+05
P-D objective error :  2.2574236293e-15
HiGHS run time      :          0.01
Running HiGHS 1.15.1 (git hash: n/a): Copyright (c) 2026 under MIT licence terms
Includes third-party software components, see THIRD_PARTY_NOTICES.md for full details
Command line parsed using CLI11 2.5.0: Copyright (c) 2017-2025 University of Cincinnati
Set option presolve to "off"
Set option solver to "simplex"
Set option parallel to "off"
Set option threads to 1
Set option run_crossover to "off"
LP ganges has 1309 rows; 1681 cols; 6912 nonzeros
Coefficient ranges:
  Matrix  [1e-03, 1e+00]
  Cost    [5e-01, 5e-01]
  Bound   [6e+00, 5e+04]
  RHS     [1e+01, 1e+05]
Solving LP without presolve or useful basis
Using dual simplex solver
  Iteration        Objective     Infeasibilities num(sum)
          0     0.0000000000e+00 Ph1: 0(0) 0.0s
       1270    -1.0958573613e+05 Pr: 0(0); Du: 0(7.30438e-12) 0.0s

Model name          : ganges
Model status        : Optimal
Simplex   iterations: 1270
Objective value     : -1.0958573613e+05
P-D objective error :  2.2574236293e-15
HiGHS run time      :          0.01
Running HiGHS 1.15.1 (git hash: n/a): Copyright (c) 2026 under MIT licence terms
Includes third-party software components, see THIRD_PARTY_NOTICES.md for full details
Command line parsed using CLI11 2.5.0: Copyright (c) 2017-2025 University of Cincinnati
Set option presolve to "off"
Set option solver to "simplex"
Set option parallel to "off"
Set option threads to 1
Set option run_crossover to "off"
LP gfrd-pnc has 616 rows; 1092 cols; 2377 nonzeros
Coefficient ranges:
  Matrix  [1e+00, 1e+03]
  Cost    [2e-01, 8e+04]
  Bound   [1e+00, 1e+05]
  RHS     [9e+02, 1e+03]
Solving LP without presolve or useful basis
Using dual simplex solver
  Iteration        Objective     Infeasibilities num(sum)
          0     2.9813883317e-01 Pr: 2(140000) 0.0s
        573     6.9022359995e+06 Pr: 0(0) 0.0s

Model name          : gfrd-pnc
Model status        : Optimal
Simplex   iterations: 573
Objective value     :  6.9022359995e+06
P-D objective error :  2.6986110217e-16
HiGHS run time      :          0.01
Running HiGHS 1.15.1 (git hash: n/a): Copyright (c) 2026 under MIT licence terms
Includes third-party software components, see THIRD_PARTY_NOTICES.md for full details
Command line parsed using CLI11 2.5.0: Copyright (c) 2017-2025 University of Cincinnati
Set option presolve to "off"
Set option solver to "simplex"
Set option parallel to "off"
Set option threads to 1
Set option run_crossover to "off"
LP gfrd-pnc has 616 rows; 1092 cols; 2377 nonzeros
Coefficient ranges:
  Matrix  [1e+00, 1e+03]
  Cost    [2e-01, 8e+04]
  Bound   [1e+00, 1e+05]
  RHS     [9e+02, 1e+03]
Solving LP without presolve or useful basis
Using dual simplex solver
  Iteration        Objective     Infeasibilities num(sum)
          0     2.9813883317e-01 Pr: 2(140000) 0.0s
        573     6.9022359995e+06 Pr: 0(0) 0.0s

Model name          : gfrd-pnc
Model status        : Optimal
Simplex   iterations: 573
Objective value     :  6.9022359995e+06
P-D objective error :  2.6986110217e-16
HiGHS run time      :          0.01
Running HiGHS 1.15.1 (git hash: n/a): Copyright (c) 2026 under MIT licence terms
Includes third-party software components, see THIRD_PARTY_NOTICES.md for full details
Command line parsed using CLI11 2.5.0: Copyright (c) 2017-2025 University of Cincinnati
Set option presolve to "off"
Set option solver to "simplex"
Set option parallel to "off"
Set option threads to 1
Set option run_crossover to "off"
LP greenbea has 2392 rows; 5405 cols; 30877 nonzeros
Coefficient ranges:
  Matrix  [6e-05, 1e+02]
  Cost    [6e-02, 1e+02]
  Bound   [1e+00, 1e+04]
  RHS     [0e+00, 0e+00]
Solving LP without presolve or useful basis
Using dual simplex solver
  Iteration        Objective     Infeasibilities num(sum)
          0    -1.7539523835e+01 Ph1: 6(3.75); Du: 6(17.5395) 0.0s
       5109    -7.2555248130e+07 Pr: 0(0); Du: 0(1.01554e-11) 0.3s
       5109    -7.2555248130e+07 Pr: 0(0); Du: 0(1.01554e-11) 0.3s

Model name          : greenbea
Model status        : Optimal
Simplex   iterations: 5109
Objective value     : -7.2555248130e+07
P-D objective error :  5.1344187620e-16
HiGHS run time      :          0.27
Running HiGHS 1.15.1 (git hash: n/a): Copyright (c) 2026 under MIT licence terms
Includes third-party software components, see THIRD_PARTY_NOTICES.md for full details
Command line parsed using CLI11 2.5.0: Copyright (c) 2017-2025 University of Cincinnati
Set option presolve to "off"
Set option solver to "simplex"
Set option parallel to "off"
Set option threads to 1
Set option run_crossover to "off"
LP greenbea has 2392 rows; 5405 cols; 30877 nonzeros
Coefficient ranges:
  Matrix  [6e-05, 1e+02]
  Cost    [6e-02, 1e+02]
  Bound   [1e+00, 1e+04]
  RHS     [0e+00, 0e+00]
Solving LP without presolve or useful basis
Using dual simplex solver
  Iteration        Objective     Infeasibilities num(sum)
          0    -1.7539523835e+01 Ph1: 6(3.75); Du: 6(17.5395) 0.0s
       5109    -7.2555248130e+07 Pr: 0(0); Du: 0(1.01554e-11) 0.3s
       5109    -7.2555248130e+07 Pr: 0(0); Du: 0(1.01554e-11) 0.3s

Model name          : greenbea
Model status        : Optimal
Simplex   iterations: 5109
Objective value     : -7.2555248130e+07
P-D objective error :  5.1344187620e-16
HiGHS run time      :          0.26
Running HiGHS 1.15.1 (git hash: n/a): Copyright (c) 2026 under MIT licence terms
Includes third-party software components, see THIRD_PARTY_NOTICES.md for full details
Command line parsed using CLI11 2.5.0: Copyright (c) 2017-2025 University of Cincinnati
Set option presolve to "off"
Set option solver to "simplex"
Set option parallel to "off"
Set option threads to 1
Set option run_crossover to "off"
LP greenbeb has 2392 rows; 5405 cols; 30877 nonzeros
Coefficient ranges:
  Matrix  [6e-05, 1e+02]
  Cost    [6e-02, 1e+02]
  Bound   [1e+00, 1e+04]
  RHS     [0e+00, 0e+00]
Solving LP without presolve or useful basis
Using dual simplex solver
  Iteration        Objective     Infeasibilities num(sum)
          0    -1.2597269445e+03 Ph1: 12(7691.25); Du: 10(25.0254) 0.0s
       8188    -4.3022602612e+06 Pr: 0(0); Du: 0(5.54223e-13) 0.4s

Model name          : greenbeb
Model status        : Optimal
Simplex   iterations: 8188
Objective value     : -4.3022602612e+06
P-D objective error :  1.0823641642e-16
HiGHS run time      :          0.44
Running HiGHS 1.15.1 (git hash: n/a): Copyright (c) 2026 under MIT licence terms
Includes third-party software components, see THIRD_PARTY_NOTICES.md for full details
Command line parsed using CLI11 2.5.0: Copyright (c) 2017-2025 University of Cincinnati
Set option presolve to "off"
Set option solver to "simplex"
Set option parallel to "off"
Set option threads to 1
Set option run_crossover to "off"
LP greenbeb has 2392 rows; 5405 cols; 30877 nonzeros
Coefficient ranges:
  Matrix  [6e-05, 1e+02]
  Cost    [6e-02, 1e+02]
  Bound   [1e+00, 1e+04]
  RHS     [0e+00, 0e+00]
Solving LP without presolve or useful basis
Using dual simplex solver
  Iteration        Objective     Infeasibilities num(sum)
          0    -1.2597269445e+03 Ph1: 12(7691.25); Du: 10(25.0254) 0.0s
       8188    -4.3022602612e+06 Pr: 0(0); Du: 0(5.54223e-13) 0.5s

Model name          : greenbeb
Model status        : Optimal
Simplex   iterations: 8188
Objective value     : -4.3022602612e+06
P-D objective error :  1.0823641642e-16
HiGHS run time      :          0.49
Running HiGHS 1.15.1 (git hash: n/a): Copyright (c) 2026 under MIT licence terms
Includes third-party software components, see THIRD_PARTY_NOTICES.md for full details
Command line parsed using CLI11 2.5.0: Copyright (c) 2017-2025 University of Cincinnati
Set option presolve to "off"
Set option solver to "simplex"
Set option parallel to "off"
Set option threads to 1
Set option run_crossover to "off"
LP grow15 has 300 rows; 645 cols; 5620 nonzeros
Coefficient ranges:
  Matrix  [6e-06, 1e+00]
  Cost    [1e+00, 7e+00]
  Bound   [3e+03, 1e+06]
  RHS     [0e+00, 0e+00]
WARNING: Problem has some excessively large column bounds
WARNING:    Consider scaling the    bounds by 1e-1, or setting the user_bound_scale option to -1
Solving LP without presolve or useful basis
Using dual simplex solver
  Iteration        Objective     Infeasibilities num(sum)
          0     0.0000000000e+00 Ph1: 0(0) 0.0s
        997    -1.0687094129e+08 Pr: 0(0); Du: 0(7.61546e-12) 0.0s

Model name          : grow15
Model status        : Optimal
Simplex   iterations: 997
Objective value     : -1.0687094129e+08
P-D objective error :  0.0000000000e+00
HiGHS run time      :          0.02
Running HiGHS 1.15.1 (git hash: n/a): Copyright (c) 2026 under MIT licence terms
Includes third-party software components, see THIRD_PARTY_NOTICES.md for full details
Command line parsed using CLI11 2.5.0: Copyright (c) 2017-2025 University of Cincinnati
Set option presolve to "off"
Set option solver to "simplex"
Set option parallel to "off"
Set option threads to 1
Set option run_crossover to "off"
LP grow15 has 300 rows; 645 cols; 5620 nonzeros
Coefficient ranges:
  Matrix  [6e-06, 1e+00]
  Cost    [1e+00, 7e+00]
  Bound   [3e+03, 1e+06]
  RHS     [0e+00, 0e+00]
WARNING: Problem has some excessively large column bounds
WARNING:    Consider scaling the    bounds by 1e-1, or setting the user_bound_scale option to -1
Solving LP without presolve or useful basis
Using dual simplex solver
  Iteration        Objective     Infeasibilities num(sum)
          0     0.0000000000e+00 Ph1: 0(0) 0.0s
        997    -1.0687094129e+08 Pr: 0(0); Du: 0(7.61546e-12) 0.0s

Model name          : grow15
Model status        : Optimal
Simplex   iterations: 997
Objective value     : -1.0687094129e+08
P-D objective error :  0.0000000000e+00
HiGHS run time      :          0.02
Running HiGHS 1.15.1 (git hash: n/a): Copyright (c) 2026 under MIT licence terms
Includes third-party software components, see THIRD_PARTY_NOTICES.md for full details
Command line parsed using CLI11 2.5.0: Copyright (c) 2017-2025 University of Cincinnati
Set option presolve to "off"
Set option solver to "simplex"
Set option parallel to "off"
Set option threads to 1
Set option run_crossover to "off"
LP grow22 has 440 rows; 946 cols; 8252 nonzeros
Coefficient ranges:
  Matrix  [6e-06, 1e+00]
  Cost    [1e+00, 7e+00]
  Bound   [3e+03, 1e+06]
  RHS     [0e+00, 0e+00]
WARNING: Problem has some excessively large column bounds
WARNING:    Consider scaling the    bounds by 1e-1, or setting the user_bound_scale option to -1
Solving LP without presolve or useful basis
Using dual simplex solver
  Iteration        Objective     Infeasibilities num(sum)
          0     0.0000000000e+00 Ph1: 0(0) 0.0s
       1693    -1.6083433648e+08 Pr: 0(0); Du: 0(2.04279e-11) 0.0s

Model name          : grow22
Model status        : Optimal
Simplex   iterations: 1693
Objective value     : -1.6083433648e+08
P-D objective error :  0.0000000000e+00
HiGHS run time      :          0.04
Running HiGHS 1.15.1 (git hash: n/a): Copyright (c) 2026 under MIT licence terms
Includes third-party software components, see THIRD_PARTY_NOTICES.md for full details
Command line parsed using CLI11 2.5.0: Copyright (c) 2017-2025 University of Cincinnati
Set option presolve to "off"
Set option solver to "simplex"
Set option parallel to "off"
Set option threads to 1
Set option run_crossover to "off"
LP grow22 has 440 rows; 946 cols; 8252 nonzeros
Coefficient ranges:
  Matrix  [6e-06, 1e+00]
  Cost    [1e+00, 7e+00]
  Bound   [3e+03, 1e+06]
  RHS     [0e+00, 0e+00]
WARNING: Problem has some excessively large column bounds
WARNING:    Consider scaling the    bounds by 1e-1, or setting the user_bound_scale option to -1
Solving LP without presolve or useful basis
Using dual simplex solver
  Iteration        Objective     Infeasibilities num(sum)
          0     0.0000000000e+00 Ph1: 0(0) 0.0s
       1693    -1.6083433648e+08 Pr: 0(0); Du: 0(2.04279e-11) 0.0s

Model name          : grow22
Model status        : Optimal
Simplex   iterations: 1693
Objective value     : -1.6083433648e+08
P-D objective error :  0.0000000000e+00
HiGHS run time      :          0.03
Running HiGHS 1.15.1 (git hash: n/a): Copyright (c) 2026 under MIT licence terms
Includes third-party software components, see THIRD_PARTY_NOTICES.md for full details
Command line parsed using CLI11 2.5.0: Copyright (c) 2017-2025 University of Cincinnati
Set option presolve to "off"
Set option solver to "simplex"
Set option parallel to "off"
Set option threads to 1
Set option run_crossover to "off"
LP grow7 has 140 rows; 301 cols; 2612 nonzeros
Coefficient ranges:
  Matrix  [6e-06, 1e+00]
  Cost    [1e+00, 7e+00]
  Bound   [3e+03, 1e+06]
  RHS     [0e+00, 0e+00]
WARNING: Problem has some excessively large column bounds
WARNING:    Consider scaling the    bounds by 1e-1, or setting the user_bound_scale option to -1
Solving LP without presolve or useful basis
Using dual simplex solver
  Iteration        Objective     Infeasibilities num(sum)
          0     0.0000000000e+00 Ph1: 0(0) 0.0s
        339    -4.7787811815e+07 Pr: 0(0); Du: 0(6.386e-13) 0.0s

Model name          : grow7
Model status        : Optimal
Simplex   iterations: 339
Objective value     : -4.7787811815e+07
P-D objective error :  3.1181927927e-16
HiGHS run time      :          0.01
Running HiGHS 1.15.1 (git hash: n/a): Copyright (c) 2026 under MIT licence terms
Includes third-party software components, see THIRD_PARTY_NOTICES.md for full details
Command line parsed using CLI11 2.5.0: Copyright (c) 2017-2025 University of Cincinnati
Set option presolve to "off"
Set option solver to "simplex"
Set option parallel to "off"
Set option threads to 1
Set option run_crossover to "off"
LP grow7 has 140 rows; 301 cols; 2612 nonzeros
Coefficient ranges:
  Matrix  [6e-06, 1e+00]
  Cost    [1e+00, 7e+00]
  Bound   [3e+03, 1e+06]
  RHS     [0e+00, 0e+00]
WARNING: Problem has some excessively large column bounds
WARNING:    Consider scaling the    bounds by 1e-1, or setting the user_bound_scale option to -1
Solving LP without presolve or useful basis
Using dual simplex solver
  Iteration        Objective     Infeasibilities num(sum)
          0     0.0000000000e+00 Ph1: 0(0) 0.0s
        339    -4.7787811815e+07 Pr: 0(0); Du: 0(6.386e-13) 0.0s

Model name          : grow7
Model status        : Optimal
Simplex   iterations: 339
Objective value     : -4.7787811815e+07
P-D objective error :  3.1181927927e-16
HiGHS run time      :          0.01
Running HiGHS 1.15.1 (git hash: n/a): Copyright (c) 2026 under MIT licence terms
Includes third-party software components, see THIRD_PARTY_NOTICES.md for full details
Command line parsed using CLI11 2.5.0: Copyright (c) 2017-2025 University of Cincinnati
Set option presolve to "off"
Set option solver to "simplex"
Set option parallel to "off"
Set option threads to 1
Set option run_crossover to "off"
LP israel has 174 rows; 142 cols; 2269 nonzeros
Coefficient ranges:
  Matrix  [1e-03, 2e+03]
  Cost    [2e-01, 3e+03]
  Bound   [0e+00, 0e+00]
  RHS     [5e-01, 9e+05]
Solving LP without presolve or useful basis
Using dual simplex solver
  Iteration        Objective     Infeasibilities num(sum)
          0    -1.3154677422e+03 Ph1: 150(1646.62); Du: 24(1315.47) 0.0s
        146    -8.9664482186e+05 Pr: 0(0); Du: 0(7.20565e-13) 0.0s

Model name          : israel
Model status        : Optimal
Simplex   iterations: 146
Objective value     : -8.9664482186e+05
P-D objective error :  5.8425437065e-16
HiGHS run time      :          0.00
Running HiGHS 1.15.1 (git hash: n/a): Copyright (c) 2026 under MIT licence terms
Includes third-party software components, see THIRD_PARTY_NOTICES.md for full details
Command line parsed using CLI11 2.5.0: Copyright (c) 2017-2025 University of Cincinnati
Set option presolve to "off"
Set option solver to "simplex"
Set option parallel to "off"
Set option threads to 1
Set option run_crossover to "off"
LP israel has 174 rows; 142 cols; 2269 nonzeros
Coefficient ranges:
  Matrix  [1e-03, 2e+03]
  Cost    [2e-01, 3e+03]
  Bound   [0e+00, 0e+00]
  RHS     [5e-01, 9e+05]
Solving LP without presolve or useful basis
Using dual simplex solver
  Iteration        Objective     Infeasibilities num(sum)
          0    -1.3154677422e+03 Ph1: 150(1646.62); Du: 24(1315.47) 0.0s
        146    -8.9664482186e+05 Pr: 0(0); Du: 0(7.20565e-13) 0.0s

Model name          : israel
Model status        : Optimal
Simplex   iterations: 146
Objective value     : -8.9664482186e+05
P-D objective error :  5.8425437065e-16
HiGHS run time      :          0.00
Running HiGHS 1.15.1 (git hash: n/a): Copyright (c) 2026 under MIT licence terms
Includes third-party software components, see THIRD_PARTY_NOTICES.md for full details
Command line parsed using CLI11 2.5.0: Copyright (c) 2017-2025 University of Cincinnati
Set option presolve to "off"
Set option solver to "simplex"
Set option parallel to "off"
Set option threads to 1
Set option run_crossover to "off"
LP kb2 has 43 rows; 41 cols; 286 nonzeros
Coefficient ranges:
  Matrix  [2e-01, 1e+02]
  Cost    [9e-02, 2e+01]
  Bound   [5e+00, 2e+02]
  RHS     [0e+00, 0e+00]
Solving LP without presolve or useful basis
Using dual simplex solver
  Iteration        Objective     Infeasibilities num(sum)
          0     0.0000000000e+00 Ph1: 0(0) 0.0s
         50    -1.7499001299e+03 Pr: 0(0) 0.0s

Model name          : kb2
Model status        : Optimal
Simplex   iterations: 50
Objective value     : -1.7499001299e+03
P-D objective error :  0.0000000000e+00
HiGHS run time      :          0.00
Running HiGHS 1.15.1 (git hash: n/a): Copyright (c) 2026 under MIT licence terms
Includes third-party software components, see THIRD_PARTY_NOTICES.md for full details
Command line parsed using CLI11 2.5.0: Copyright (c) 2017-2025 University of Cincinnati
Set option presolve to "off"
Set option solver to "simplex"
Set option parallel to "off"
Set option threads to 1
Set option run_crossover to "off"
LP kb2 has 43 rows; 41 cols; 286 nonzeros
Coefficient ranges:
  Matrix  [2e-01, 1e+02]
  Cost    [9e-02, 2e+01]
  Bound   [5e+00, 2e+02]
  RHS     [0e+00, 0e+00]
Solving LP without presolve or useful basis
Using dual simplex solver
  Iteration        Objective     Infeasibilities num(sum)
          0     0.0000000000e+00 Ph1: 0(0) 0.0s
         50    -1.7499001299e+03 Pr: 0(0) 0.0s

Model name          : kb2
Model status        : Optimal
Simplex   iterations: 50
Objective value     : -1.7499001299e+03
P-D objective error :  0.0000000000e+00
HiGHS run time      :          0.00
Running HiGHS 1.15.1 (git hash: n/a): Copyright (c) 2026 under MIT licence terms
Includes third-party software components, see THIRD_PARTY_NOTICES.md for full details
Command line parsed using CLI11 2.5.0: Copyright (c) 2017-2025 University of Cincinnati
Set option presolve to "off"
Set option solver to "simplex"
Set option parallel to "off"
Set option threads to 1
Set option run_crossover to "off"
LP lotfi has 153 rows; 308 cols; 1078 nonzeros
Coefficient ranges:
  Matrix  [2e-02, 1e+03]
  Cost    [1e+00, 1e+00]
  Bound   [0e+00, 0e+00]
  RHS     [1e+00, 2e+04]
Solving LP without presolve or useful basis
Using dual simplex solver
  Iteration        Objective     Infeasibilities num(sum)
          0    -3.9057889250e-03 Ph1: 1(0.78125); Du: 1(0.00390579) 0.0s
        256    -2.5264706062e+01 Pr: 0(0) 0.0s

Model name          : lotfi
Model status        : Optimal
Simplex   iterations: 256
Objective value     : -2.5264706062e+01
P-D objective error :  2.0683606890e-16
HiGHS run time      :          0.01
Running HiGHS 1.15.1 (git hash: n/a): Copyright (c) 2026 under MIT licence terms
Includes third-party software components, see THIRD_PARTY_NOTICES.md for full details
Command line parsed using CLI11 2.5.0: Copyright (c) 2017-2025 University of Cincinnati
Set option presolve to "off"
Set option solver to "simplex"
Set option parallel to "off"
Set option threads to 1
Set option run_crossover to "off"
LP lotfi has 153 rows; 308 cols; 1078 nonzeros
Coefficient ranges:
  Matrix  [2e-02, 1e+03]
  Cost    [1e+00, 1e+00]
  Bound   [0e+00, 0e+00]
  RHS     [1e+00, 2e+04]
Solving LP without presolve or useful basis
Using dual simplex solver
  Iteration        Objective     Infeasibilities num(sum)
          0    -3.9057889250e-03 Ph1: 1(0.78125); Du: 1(0.00390579) 0.0s
        256    -2.5264706062e+01 Pr: 0(0) 0.0s

Model name          : lotfi
Model status        : Optimal
Simplex   iterations: 256
Objective value     : -2.5264706062e+01
P-D objective error :  2.0683606890e-16
HiGHS run time      :          0.01
Running HiGHS 1.15.1 (git hash: n/a): Copyright (c) 2026 under MIT licence terms
Includes third-party software components, see THIRD_PARTY_NOTICES.md for full details
Command line parsed using CLI11 2.5.0: Copyright (c) 2017-2025 University of Cincinnati
Set option presolve to "off"
Set option solver to "simplex"
Set option parallel to "off"
Set option threads to 1
Set option run_crossover to "off"
LP maros has 846 rows; 1443 cols; 9614 nonzeros
Coefficient ranges:
  Matrix  [1e-04, 2e+04]
  Cost    [4e-05, 1e+02]
  Bound   [2e+01, 7e+03]
  RHS     [2e+02, 4e+02]
WARNING: Problem has some excessively small costs
Solving LP without presolve or useful basis
Using dual simplex solver
  Iteration        Objective     Infeasibilities num(sum)
          0    -5.1432914090e+02 Ph1: 136(196.722); Du: 162(514.329) 0.0s
       2459    -5.8063743701e+04 Pr: 0(0); Du: 0(1.55968e-13) 0.1s

Model name          : maros
Model status        : Optimal
Simplex   iterations: 2459
Objective value     : -5.8063743701e+04
P-D objective error :  3.7592624051e-16
HiGHS run time      :          0.05
Running HiGHS 1.15.1 (git hash: n/a): Copyright (c) 2026 under MIT licence terms
Includes third-party software components, see THIRD_PARTY_NOTICES.md for full details
Command line parsed using CLI11 2.5.0: Copyright (c) 2017-2025 University of Cincinnati
Set option presolve to "off"
Set option solver to "simplex"
Set option parallel to "off"
Set option threads to 1
Set option run_crossover to "off"
LP maros has 846 rows; 1443 cols; 9614 nonzeros
Coefficient ranges:
  Matrix  [1e-04, 2e+04]
  Cost    [4e-05, 1e+02]
  Bound   [2e+01, 7e+03]
  RHS     [2e+02, 4e+02]
WARNING: Problem has some excessively small costs
Solving LP without presolve or useful basis
Using dual simplex solver
  Iteration        Objective     Infeasibilities num(sum)
          0    -5.1432914090e+02 Ph1: 136(196.722); Du: 162(514.329) 0.0s
       2459    -5.8063743701e+04 Pr: 0(0); Du: 0(1.55968e-13) 0.1s

Model name          : maros
Model status        : Optimal
Simplex   iterations: 2459
Objective value     : -5.8063743701e+04
P-D objective error :  3.7592624051e-16
HiGHS run time      :          0.05
Running HiGHS 1.15.1 (git hash: n/a): Copyright (c) 2026 under MIT licence terms
Includes third-party software components, see THIRD_PARTY_NOTICES.md for full details
Command line parsed using CLI11 2.5.0: Copyright (c) 2017-2025 University of Cincinnati
Set option presolve to "off"
Set option solver to "simplex"
Set option parallel to "off"
Set option threads to 1
Set option run_crossover to "off"
LP maros-r7 has 3136 rows; 9408 cols; 144848 nonzeros
Coefficient ranges:
  Matrix  [2e-03, 1e+00]
  Cost    [1e+00, 1e+00]
  Bound   [0e+00, 0e+00]
  RHS     [1e+00, 3e+04]
Solving LP without presolve or useful basis
Using dual simplex solver
  Iteration        Objective     Infeasibilities num(sum)
          0     0.0000000000e+00 Pr: 3132(1.06548e+07) 0.0s
WARNING:    Increasing Markowitz threshold to 0.5
       4487     1.4971851665e+06 Pr: 0(0) 0.9s

Model name          : maros-r7
Model status        : Optimal
Simplex   iterations: 4487
Objective value     :  1.4971851665e+06
P-D objective error :  3.8878051144e-16
HiGHS run time      :          0.93
Running HiGHS 1.15.1 (git hash: n/a): Copyright (c) 2026 under MIT licence terms
Includes third-party software components, see THIRD_PARTY_NOTICES.md for full details
Command line parsed using CLI11 2.5.0: Copyright (c) 2017-2025 University of Cincinnati
Set option presolve to "off"
Set option solver to "simplex"
Set option parallel to "off"
Set option threads to 1
Set option run_crossover to "off"
LP maros-r7 has 3136 rows; 9408 cols; 144848 nonzeros
Coefficient ranges:
  Matrix  [2e-03, 1e+00]
  Cost    [1e+00, 1e+00]
  Bound   [0e+00, 0e+00]
  RHS     [1e+00, 3e+04]
Solving LP without presolve or useful basis
Using dual simplex solver
  Iteration        Objective     Infeasibilities num(sum)
          0     0.0000000000e+00 Pr: 3132(1.06548e+07) 0.0s
WARNING:    Increasing Markowitz threshold to 0.5
       4487     1.4971851665e+06 Pr: 0(0) 1.0s

Model name          : maros-r7
Model status        : Optimal
Simplex   iterations: 4487
Objective value     :  1.4971851665e+06
P-D objective error :  3.8878051144e-16
HiGHS run time      :          1.01
Running HiGHS 1.15.1 (git hash: n/a): Copyright (c) 2026 under MIT licence terms
Includes third-party software components, see THIRD_PARTY_NOTICES.md for full details
Command line parsed using CLI11 2.5.0: Copyright (c) 2017-2025 University of Cincinnati
Set option presolve to "off"
Set option solver to "simplex"
Set option parallel to "off"
Set option threads to 1
Set option run_crossover to "off"
LP modszk1 has 687 rows; 1620 cols; 3168 nonzeros
Coefficient ranges:
  Matrix  [7e-04, 1e+00]
  Cost    [1e-01, 4e+03]
  Bound   [0e+00, 0e+00]
  RHS     [3e+04, 1e+05]
Solving LP without presolve or useful basis
Using dual simplex solver
  Iteration        Objective     Infeasibilities num(sum)
          0     0.0000000000e+00 Pr: 14(81120.1); Du: 0(5.95677e-13) 0.0s
        678     3.2061972906e+02 Pr: 0(0) 0.0s

Model name          : modszk1
Model status        : Optimal
Simplex   iterations: 678
Objective value     :  3.2061972906e+02
P-D objective error :  1.4702971955e-12
HiGHS run time      :          0.01
Running HiGHS 1.15.1 (git hash: n/a): Copyright (c) 2026 under MIT licence terms
Includes third-party software components, see THIRD_PARTY_NOTICES.md for full details
Command line parsed using CLI11 2.5.0: Copyright (c) 2017-2025 University of Cincinnati
Set option presolve to "off"
Set option solver to "simplex"
Set option parallel to "off"
Set option threads to 1
Set option run_crossover to "off"
LP modszk1 has 687 rows; 1620 cols; 3168 nonzeros
Coefficient ranges:
  Matrix  [7e-04, 1e+00]
  Cost    [1e-01, 4e+03]
  Bound   [0e+00, 0e+00]
  RHS     [3e+04, 1e+05]
Solving LP without presolve or useful basis
Using dual simplex solver
  Iteration        Objective     Infeasibilities num(sum)
          0     0.0000000000e+00 Pr: 14(81120.1); Du: 0(5.95677e-13) 0.0s
        678     3.2061972906e+02 Pr: 0(0) 0.0s

Model name          : modszk1
Model status        : Optimal
Simplex   iterations: 678
Objective value     :  3.2061972906e+02
P-D objective error :  1.4702971955e-12
HiGHS run time      :          0.01
Running HiGHS 1.15.1 (git hash: n/a): Copyright (c) 2026 under MIT licence terms
Includes third-party software components, see THIRD_PARTY_NOTICES.md for full details
Command line parsed using CLI11 2.5.0: Copyright (c) 2017-2025 University of Cincinnati
Set option presolve to "off"
Set option solver to "simplex"
Set option parallel to "off"
Set option threads to 1
Set option run_crossover to "off"
LP nesm has 662 rows; 2923 cols; 13288 nonzeros
Coefficient ranges:
  Matrix  [1e-03, 3e+01]
  Cost    [5e-04, 1e+03]
  Bound   [6e-04, 1e+04]
  RHS     [6e-01, 6e+03]
Solving LP without presolve or useful basis
Using dual simplex solver
  Iteration        Objective     Infeasibilities num(sum)
          0     3.6269000804e-01 Pr: 560(656099) 0.0s
       2660     1.4076036488e+07 Pr: 0(0); Du: 0(1.32327e-11) 0.1s
       2660     1.4076036488e+07 Pr: 0(0); Du: 0(1.32327e-11) 0.1s

Model name          : nesm
Model status        : Optimal
Simplex   iterations: 2660
Objective value     :  1.4076036488e+07
P-D objective error :  1.9849107574e-15
HiGHS run time      :          0.08
Running HiGHS 1.15.1 (git hash: n/a): Copyright (c) 2026 under MIT licence terms
Includes third-party software components, see THIRD_PARTY_NOTICES.md for full details
Command line parsed using CLI11 2.5.0: Copyright (c) 2017-2025 University of Cincinnati
Set option presolve to "off"
Set option solver to "simplex"
Set option parallel to "off"
Set option threads to 1
Set option run_crossover to "off"
LP nesm has 662 rows; 2923 cols; 13288 nonzeros
Coefficient ranges:
  Matrix  [1e-03, 3e+01]
  Cost    [5e-04, 1e+03]
  Bound   [6e-04, 1e+04]
  RHS     [6e-01, 6e+03]
Solving LP without presolve or useful basis
Using dual simplex solver
  Iteration        Objective     Infeasibilities num(sum)
          0     3.6269000804e-01 Pr: 560(656099) 0.0s
       2660     1.4076036488e+07 Pr: 0(0); Du: 0(1.32327e-11) 0.1s
       2660     1.4076036488e+07 Pr: 0(0); Du: 0(1.32327e-11) 0.1s

Model name          : nesm
Model status        : Optimal
Simplex   iterations: 2660
Objective value     :  1.4076036488e+07
P-D objective error :  1.9849107574e-15
HiGHS run time      :          0.08
Running HiGHS 1.15.1 (git hash: n/a): Copyright (c) 2026 under MIT licence terms
Includes third-party software components, see THIRD_PARTY_NOTICES.md for full details
Command line parsed using CLI11 2.5.0: Copyright (c) 2017-2025 University of Cincinnati
Set option presolve to "off"
Set option solver to "simplex"
Set option parallel to "off"
Set option threads to 1
Set option run_crossover to "off"
LP perold has 625 rows; 1376 cols; 6018 nonzeros
Coefficient ranges:
  Matrix  [5e-05, 2e+04]
  Cost    [1e+00, 1e+00]
  Bound   [7e-06, 6e+04]
  RHS     [8e-02, 4e+04]
WARNING: Problem has some excessively small column bounds
Solving LP without presolve or useful basis
Using dual simplex solver
  Iteration        Objective     Infeasibilities num(sum)
          0    -7.1365529920e+00 Ph1: 214(1.74115e+06); Du: 7(7.13655) 0.0s
       1401    -9.3807552782e+03 Pr: 0(0); Du: 0(4.88498e-14) 0.0s

Model name          : perold
Model status        : Optimal
Simplex   iterations: 1401
Objective value     : -9.3807552782e+03
P-D objective error :  5.9138329747e-15
HiGHS run time      :          0.04
Running HiGHS 1.15.1 (git hash: n/a): Copyright (c) 2026 under MIT licence terms
Includes third-party software components, see THIRD_PARTY_NOTICES.md for full details
Command line parsed using CLI11 2.5.0: Copyright (c) 2017-2025 University of Cincinnati
Set option presolve to "off"
Set option solver to "simplex"
Set option parallel to "off"
Set option threads to 1
Set option run_crossover to "off"
LP perold has 625 rows; 1376 cols; 6018 nonzeros
Coefficient ranges:
  Matrix  [5e-05, 2e+04]
  Cost    [1e+00, 1e+00]
  Bound   [7e-06, 6e+04]
  RHS     [8e-02, 4e+04]
WARNING: Problem has some excessively small column bounds
Solving LP without presolve or useful basis
Using dual simplex solver
  Iteration        Objective     Infeasibilities num(sum)
          0    -7.1365529920e+00 Ph1: 214(1.74115e+06); Du: 7(7.13655) 0.0s
       1401    -9.3807552782e+03 Pr: 0(0); Du: 0(4.88498e-14) 0.0s

Model name          : perold
Model status        : Optimal
Simplex   iterations: 1401
Objective value     : -9.3807552782e+03
P-D objective error :  5.9138329747e-15
HiGHS run time      :          0.04
Running HiGHS 1.15.1 (git hash: n/a): Copyright (c) 2026 under MIT licence terms
Includes third-party software components, see THIRD_PARTY_NOTICES.md for full details
Command line parsed using CLI11 2.5.0: Copyright (c) 2017-2025 University of Cincinnati
Set option presolve to "off"
Set option solver to "simplex"
Set option parallel to "off"
Set option threads to 1
Set option run_crossover to "off"
LP pilot has 1441 rows; 3652 cols; 43167 nonzeros
Coefficient ranges:
  Matrix  [1e-06, 1e+02]
  Cost    [2e-03, 3e-02]
  Bound   [1e-02, 2e+03]
  RHS     [5e-04, 6e+03]
Solving LP without presolve or useful basis
Using dual simplex solver
  Iteration        Objective     Infeasibilities num(sum)
          0    -7.3502225383e+01 Ph1: 167(583.183); Du: 52(73.5022) 0.0s
       5437    -5.5748972929e+02 Pr: 0(0) 0.5s
       5437    -5.5748972929e+02 Pr: 0(0) 0.5s

Model name          : pilot
Model status        : Optimal
Simplex   iterations: 5437
Objective value     : -5.5748972929e+02
P-D objective error :  3.2904591838e-14
HiGHS run time      :          0.55
Running HiGHS 1.15.1 (git hash: n/a): Copyright (c) 2026 under MIT licence terms
Includes third-party software components, see THIRD_PARTY_NOTICES.md for full details
Command line parsed using CLI11 2.5.0: Copyright (c) 2017-2025 University of Cincinnati
Set option presolve to "off"
Set option solver to "simplex"
Set option parallel to "off"
Set option threads to 1
Set option run_crossover to "off"
LP pilot has 1441 rows; 3652 cols; 43167 nonzeros
Coefficient ranges:
  Matrix  [1e-06, 1e+02]
  Cost    [2e-03, 3e-02]
  Bound   [1e-02, 2e+03]
  RHS     [5e-04, 6e+03]
Solving LP without presolve or useful basis
Using dual simplex solver
  Iteration        Objective     Infeasibilities num(sum)
          0    -7.3502225383e+01 Ph1: 167(583.183); Du: 52(73.5022) 0.0s
       5437    -5.5748972929e+02 Pr: 0(0) 0.6s
       5437    -5.5748972929e+02 Pr: 0(0) 0.6s

Model name          : pilot
Model status        : Optimal
Simplex   iterations: 5437
Objective value     : -5.5748972929e+02
P-D objective error :  3.2904591838e-14
HiGHS run time      :          0.56
Running HiGHS 1.15.1 (git hash: n/a): Copyright (c) 2026 under MIT licence terms
Includes third-party software components, see THIRD_PARTY_NOTICES.md for full details
Command line parsed using CLI11 2.5.0: Copyright (c) 2017-2025 University of Cincinnati
Set option presolve to "off"
Set option solver to "simplex"
Set option parallel to "off"
Set option threads to 1
Set option run_crossover to "off"
LP pilot-ja has 940 rows; 1988 cols; 14698 nonzeros
Coefficient ranges:
  Matrix  [2e-06, 6e+06]
  Cost    [2e-01, 1e+00]
  Bound   [1e-05, 6e+04]
  RHS     [1e-05, 4e+04]
WARNING: Problem has some excessively small column bounds
WARNING: Problem has some excessively small row bounds
Solving LP without presolve or useful basis
Using dual simplex solver
  Iteration        Objective     Infeasibilities num(sum)
          0    -2.6105290572e+01 Ph1: 256(2.29257e+06); Du: 7(26.1053) 0.0s
       1498    -6.1131364656e+03 Pr: 0(0) 0.0s
       1498    -6.1131364656e+03 Pr: 0(0) 0.1s

Model name          : pilot-ja
Model status        : Optimal
Simplex   iterations: 1498
Objective value     : -6.1131364656e+03
P-D objective error :  3.7191232538e-16
HiGHS run time      :          0.05
Running HiGHS 1.15.1 (git hash: n/a): Copyright (c) 2026 under MIT licence terms
Includes third-party software components, see THIRD_PARTY_NOTICES.md for full details
Command line parsed using CLI11 2.5.0: Copyright (c) 2017-2025 University of Cincinnati
Set option presolve to "off"
Set option solver to "simplex"
Set option parallel to "off"
Set option threads to 1
Set option run_crossover to "off"
LP pilot-ja has 940 rows; 1988 cols; 14698 nonzeros
Coefficient ranges:
  Matrix  [2e-06, 6e+06]
  Cost    [2e-01, 1e+00]
  Bound   [1e-05, 6e+04]
  RHS     [1e-05, 4e+04]
WARNING: Problem has some excessively small column bounds
WARNING: Problem has some excessively small row bounds
Solving LP without presolve or useful basis
Using dual simplex solver
  Iteration        Objective     Infeasibilities num(sum)
          0    -2.6105290572e+01 Ph1: 256(2.29257e+06); Du: 7(26.1053) 0.0s
       1498    -6.1131364656e+03 Pr: 0(0) 0.0s
       1498    -6.1131364656e+03 Pr: 0(0) 0.0s

Model name          : pilot-ja
Model status        : Optimal
Simplex   iterations: 1498
Objective value     : -6.1131364656e+03
P-D objective error :  3.7191232538e-16
HiGHS run time      :          0.05
Running HiGHS 1.15.1 (git hash: n/a): Copyright (c) 2026 under MIT licence terms
Includes third-party software components, see THIRD_PARTY_NOTICES.md for full details
Command line parsed using CLI11 2.5.0: Copyright (c) 2017-2025 University of Cincinnati
Set option presolve to "off"
Set option solver to "simplex"
Set option parallel to "off"
Set option threads to 1
Set option run_crossover to "off"
LP pilot-we has 722 rows; 2789 cols; 9126 nonzeros
Coefficient ranges:
  Matrix  [1e-04, 5e+04]
  Cost    [6e-01, 2e+05]
  Bound   [7e-06, 2e+05]
  RHS     [1e-05, 2e+04]
WARNING: Problem has some excessively small column bounds
WARNING: Problem has some excessively small row bounds
Solving LP without presolve or useful basis
Using dual simplex solver
  Iteration        Objective     Infeasibilities num(sum)
          0    -2.2085735618e+04 Ph1: 218(747558); Du: 91(22085.7) 0.0s
       3338    -2.7201075328e+06 Pr: 0(0) 0.1s

Model name          : pilot-we
Model status        : Optimal
Simplex   iterations: 3338
Objective value     : -2.7201075328e+06
P-D objective error :  5.1357660985e-16
HiGHS run time      :          0.10
Running HiGHS 1.15.1 (git hash: n/a): Copyright (c) 2026 under MIT licence terms
Includes third-party software components, see THIRD_PARTY_NOTICES.md for full details
Command line parsed using CLI11 2.5.0: Copyright (c) 2017-2025 University of Cincinnati
Set option presolve to "off"
Set option solver to "simplex"
Set option parallel to "off"
Set option threads to 1
Set option run_crossover to "off"
LP pilot-we has 722 rows; 2789 cols; 9126 nonzeros
Coefficient ranges:
  Matrix  [1e-04, 5e+04]
  Cost    [6e-01, 2e+05]
  Bound   [7e-06, 2e+05]
  RHS     [1e-05, 2e+04]
WARNING: Problem has some excessively small column bounds
WARNING: Problem has some excessively small row bounds
Solving LP without presolve or useful basis
Using dual simplex solver
  Iteration        Objective     Infeasibilities num(sum)
          0    -2.2085735618e+04 Ph1: 218(747558); Du: 91(22085.7) 0.0s
       3338    -2.7201075328e+06 Pr: 0(0) 0.1s

Model name          : pilot-we
Model status        : Optimal
Simplex   iterations: 3338
Objective value     : -2.7201075328e+06
P-D objective error :  5.1357660985e-16
HiGHS run time      :          0.10
Running HiGHS 1.15.1 (git hash: n/a): Copyright (c) 2026 under MIT licence terms
Includes third-party software components, see THIRD_PARTY_NOTICES.md for full details
Command line parsed using CLI11 2.5.0: Copyright (c) 2017-2025 University of Cincinnati
Set option presolve to "off"
Set option solver to "simplex"
Set option parallel to "off"
Set option threads to 1
Set option run_crossover to "off"
Number of PL entries in BOUNDS section is 2
LP pilot4 has 410 rows; 1000 cols; 5141 nonzeros
Coefficient ranges:
  Matrix  [4e-05, 3e+04]
  Cost    [1e+00, 1e+00]
  Bound   [7e-06, 3e+04]
  RHS     [8e-02, 4e+04]
WARNING: Problem has some excessively small column bounds
Solving LP without presolve or useful basis
Using dual simplex solver
  Iteration        Objective     Infeasibilities num(sum)
          0    -1.6312077879e+01 Ph1: 200(3.87476e+06); Du: 4(16.3121) 0.0s
        785    -2.5811392589e+03 Pr: 0(0) 0.0s

Model name          : pilot4
Model status        : Optimal
Simplex   iterations: 785
Objective value     : -2.5811392589e+03
P-D objective error :  9.6880709467e-16
HiGHS run time      :          0.02
Running HiGHS 1.15.1 (git hash: n/a): Copyright (c) 2026 under MIT licence terms
Includes third-party software components, see THIRD_PARTY_NOTICES.md for full details
Command line parsed using CLI11 2.5.0: Copyright (c) 2017-2025 University of Cincinnati
Set option presolve to "off"
Set option solver to "simplex"
Set option parallel to "off"
Set option threads to 1
Set option run_crossover to "off"
Number of PL entries in BOUNDS section is 2
LP pilot4 has 410 rows; 1000 cols; 5141 nonzeros
Coefficient ranges:
  Matrix  [4e-05, 3e+04]
  Cost    [1e+00, 1e+00]
  Bound   [7e-06, 3e+04]
  RHS     [8e-02, 4e+04]
WARNING: Problem has some excessively small column bounds
Solving LP without presolve or useful basis
Using dual simplex solver
  Iteration        Objective     Infeasibilities num(sum)
          0    -1.6312077879e+01 Ph1: 200(3.87476e+06); Du: 4(16.3121) 0.0s
        785    -2.5811392589e+03 Pr: 0(0) 0.0s

Model name          : pilot4
Model status        : Optimal
Simplex   iterations: 785
Objective value     : -2.5811392589e+03
P-D objective error :  9.6880709467e-16
HiGHS run time      :          0.02
Running HiGHS 1.15.1 (git hash: n/a): Copyright (c) 2026 under MIT licence terms
Includes third-party software components, see THIRD_PARTY_NOTICES.md for full details
Command line parsed using CLI11 2.5.0: Copyright (c) 2017-2025 University of Cincinnati
Set option presolve to "off"
Set option solver to "simplex"
Set option parallel to "off"
Set option threads to 1
Set option run_crossover to "off"
LP pilot87 has 2030 rows; 4883 cols; 73152 nonzeros
Coefficient ranges:
  Matrix  [1e-06, 1e+03]
  Cost    [1e-06, 3e+00]
  Bound   [2e-02, 2e+04]
  RHS     [1e-02, 6e+03]
WARNING: Problem has some excessively small costs
Solving LP without presolve or useful basis
Using dual simplex solver
  Iteration        Objective     Infeasibilities num(sum)
          0    -1.8440554354e+01 Ph1: 627(57959.9); Du: 345(18.4406) 0.0s
      11056     3.0171034733e+02 Pr: 0(0); Du: 0(3.08495e-11) 2.5s
      11056     3.0171034733e+02 Pr: 0(0); Du: 0(3.08495e-11) 2.5s

Model name          : pilot87
Model status        : Optimal
Simplex   iterations: 11056
Objective value     :  3.0171034733e+02
P-D objective error :  1.7501982218e-13
HiGHS run time      :          2.45
Running HiGHS 1.15.1 (git hash: n/a): Copyright (c) 2026 under MIT licence terms
Includes third-party software components, see THIRD_PARTY_NOTICES.md for full details
Command line parsed using CLI11 2.5.0: Copyright (c) 2017-2025 University of Cincinnati
Set option presolve to "off"
Set option solver to "simplex"
Set option parallel to "off"
Set option threads to 1
Set option run_crossover to "off"
LP pilot87 has 2030 rows; 4883 cols; 73152 nonzeros
Coefficient ranges:
  Matrix  [1e-06, 1e+03]
  Cost    [1e-06, 3e+00]
  Bound   [2e-02, 2e+04]
  RHS     [1e-02, 6e+03]
WARNING: Problem has some excessively small costs
Solving LP without presolve or useful basis
Using dual simplex solver
  Iteration        Objective     Infeasibilities num(sum)
          0    -1.8440554354e+01 Ph1: 627(57959.9); Du: 345(18.4406) 0.0s
      11056     3.0171034733e+02 Pr: 0(0); Du: 0(3.08495e-11) 2.3s
      11056     3.0171034733e+02 Pr: 0(0); Du: 0(3.08495e-11) 2.3s

Model name          : pilot87
Model status        : Optimal
Simplex   iterations: 11056
Objective value     :  3.0171034733e+02
P-D objective error :  1.7501982218e-13
HiGHS run time      :          2.33
Running HiGHS 1.15.1 (git hash: n/a): Copyright (c) 2026 under MIT licence terms
Includes third-party software components, see THIRD_PARTY_NOTICES.md for full details
Command line parsed using CLI11 2.5.0: Copyright (c) 2017-2025 University of Cincinnati
Set option presolve to "off"
Set option solver to "simplex"
Set option parallel to "off"
Set option threads to 1
Set option run_crossover to "off"
LP pilotnov has 975 rows; 2172 cols; 13057 nonzeros
Coefficient ranges:
  Matrix  [2e-06, 6e+06]
  Cost    [3e-03, 9e-01]
  Bound   [1e-05, 6e+04]
  RHS     [1e-05, 4e+04]
WARNING: Problem has some excessively small column bounds
WARNING: Problem has some excessively small row bounds
Solving LP without presolve or useful basis
Using dual simplex solver
  Iteration        Objective     Infeasibilities num(sum)
          0    -9.6900795657e+01 Ph1: 16(330.585); Du: 72(96.9008) 0.0s
       1166    -4.4972761882e+03 Pr: 0(0) 0.0s

Model name          : pilotnov
Model status        : Optimal
Simplex   iterations: 1166
Objective value     : -4.4972761882e+03
P-D objective error :  1.0110493094e-16
HiGHS run time      :          0.04
Running HiGHS 1.15.1 (git hash: n/a): Copyright (c) 2026 under MIT licence terms
Includes third-party software components, see THIRD_PARTY_NOTICES.md for full details
Command line parsed using CLI11 2.5.0: Copyright (c) 2017-2025 University of Cincinnati
Set option presolve to "off"
Set option solver to "simplex"
Set option parallel to "off"
Set option threads to 1
Set option run_crossover to "off"
LP pilotnov has 975 rows; 2172 cols; 13057 nonzeros
Coefficient ranges:
  Matrix  [2e-06, 6e+06]
  Cost    [3e-03, 9e-01]
  Bound   [1e-05, 6e+04]
  RHS     [1e-05, 4e+04]
WARNING: Problem has some excessively small column bounds
WARNING: Problem has some excessively small row bounds
Solving LP without presolve or useful basis
Using dual simplex solver
  Iteration        Objective     Infeasibilities num(sum)
          0    -9.6900795657e+01 Ph1: 16(330.585); Du: 72(96.9008) 0.0s
       1166    -4.4972761882e+03 Pr: 0(0) 0.0s

Model name          : pilotnov
Model status        : Optimal
Simplex   iterations: 1166
Objective value     : -4.4972761882e+03
P-D objective error :  1.0110493094e-16
HiGHS run time      :          0.04
Running HiGHS 1.15.1 (git hash: n/a): Copyright (c) 2026 under MIT licence terms
Includes third-party software components, see THIRD_PARTY_NOTICES.md for full details
Command line parsed using CLI11 2.5.0: Copyright (c) 2017-2025 University of Cincinnati
Set option presolve to "off"
Set option solver to "simplex"
Set option parallel to "off"
Set option threads to 1
Set option run_crossover to "off"
LP recipe has 91 rows; 180 cols; 663 nonzeros
Coefficient ranges:
  Matrix  [1e-01, 1e+02]
  Cost    [1e-03, 2e+00]
  Bound   [2e+00, 5e+03]
  RHS     [0e+00, 0e+00]
Solving LP without presolve or useful basis
Using dual simplex solver
  Iteration        Objective     Infeasibilities num(sum)
          0     0.0000000000e+00 Ph1: 0(0) 0.0s
         45    -2.6661600000e+02 Pr: 0(0) 0.0s

Model name          : recipe
Model status        : Optimal
Simplex   iterations: 45
Objective value     : -2.6661600000e+02
P-D objective error :  6.3841273672e-16
HiGHS run time      :          0.00
Running HiGHS 1.15.1 (git hash: n/a): Copyright (c) 2026 under MIT licence terms
Includes third-party software components, see THIRD_PARTY_NOTICES.md for full details
Command line parsed using CLI11 2.5.0: Copyright (c) 2017-2025 University of Cincinnati
Set option presolve to "off"
Set option solver to "simplex"
Set option parallel to "off"
Set option threads to 1
Set option run_crossover to "off"
LP recipe has 91 rows; 180 cols; 663 nonzeros
Coefficient ranges:
  Matrix  [1e-01, 1e+02]
  Cost    [1e-03, 2e+00]
  Bound   [2e+00, 5e+03]
  RHS     [0e+00, 0e+00]
Solving LP without presolve or useful basis
Using dual simplex solver
  Iteration        Objective     Infeasibilities num(sum)
          0     0.0000000000e+00 Ph1: 0(0) 0.0s
         45    -2.6661600000e+02 Pr: 0(0) 0.0s

Model name          : recipe
Model status        : Optimal
Simplex   iterations: 45
Objective value     : -2.6661600000e+02
P-D objective error :  6.3841273672e-16
HiGHS run time      :          0.00
Running HiGHS 1.15.1 (git hash: n/a): Copyright (c) 2026 under MIT licence terms
Includes third-party software components, see THIRD_PARTY_NOTICES.md for full details
Command line parsed using CLI11 2.5.0: Copyright (c) 2017-2025 University of Cincinnati
Set option presolve to "off"
Set option solver to "simplex"
Set option parallel to "off"
Set option threads to 1
Set option run_crossover to "off"
LP sc105 has 105 rows; 103 cols; 280 nonzeros
Coefficient ranges:
  Matrix  [1e-01, 2e+00]
  Cost    [1e+00, 1e+00]
  Bound   [0e+00, 0e+00]
  RHS     [1e+02, 2e+02]
Solving LP without presolve or useful basis
Using dual simplex solver
  Iteration        Objective     Infeasibilities num(sum)
          0    -9.9999847121e-01 Ph1: 2(2.1); Du: 1(0.999998) 0.0s
        124    -5.2202061212e+01 Pr: 0(0) 0.0s

Model name          : sc105
Model status        : Optimal
Simplex   iterations: 124
Objective value     : -5.2202061212e+01
P-D objective error :  6.7411285197e-17
HiGHS run time      :          0.00
Running HiGHS 1.15.1 (git hash: n/a): Copyright (c) 2026 under MIT licence terms
Includes third-party software components, see THIRD_PARTY_NOTICES.md for full details
Command line parsed using CLI11 2.5.0: Copyright (c) 2017-2025 University of Cincinnati
Set option presolve to "off"
Set option solver to "simplex"
Set option parallel to "off"
Set option threads to 1
Set option run_crossover to "off"
LP sc105 has 105 rows; 103 cols; 280 nonzeros
Coefficient ranges:
  Matrix  [1e-01, 2e+00]
  Cost    [1e+00, 1e+00]
  Bound   [0e+00, 0e+00]
  RHS     [1e+02, 2e+02]
Solving LP without presolve or useful basis
Using dual simplex solver
  Iteration        Objective     Infeasibilities num(sum)
          0    -9.9999847121e-01 Ph1: 2(2.1); Du: 1(0.999998) 0.0s
        124    -5.2202061212e+01 Pr: 0(0) 0.0s

Model name          : sc105
Model status        : Optimal
Simplex   iterations: 124
Objective value     : -5.2202061212e+01
P-D objective error :  6.7411285197e-17
HiGHS run time      :          0.00
Running HiGHS 1.15.1 (git hash: n/a): Copyright (c) 2026 under MIT licence terms
Includes third-party software components, see THIRD_PARTY_NOTICES.md for full details
Command line parsed using CLI11 2.5.0: Copyright (c) 2017-2025 University of Cincinnati
Set option presolve to "off"
Set option solver to "simplex"
Set option parallel to "off"
Set option threads to 1
Set option run_crossover to "off"
LP sc205 has 205 rows; 203 cols; 551 nonzeros
Coefficient ranges:
  Matrix  [1e-01, 2e+00]
  Cost    [1e+00, 1e+00]
  Bound   [0e+00, 0e+00]
  RHS     [1e+02, 2e+02]
Solving LP without presolve or useful basis
Using dual simplex solver
  Iteration        Objective     Infeasibilities num(sum)
          0    -9.9999894873e-01 Ph1: 2(2.1); Du: 1(0.999999) 0.0s
        237    -5.2202061212e+01 Pr: 0(0) 0.0s

Model name          : sc205
Model status        : Optimal
Simplex   iterations: 237
Objective value     : -5.2202061212e+01
P-D objective error :  5.3929028157e-16
HiGHS run time      :          0.01
Running HiGHS 1.15.1 (git hash: n/a): Copyright (c) 2026 under MIT licence terms
Includes third-party software components, see THIRD_PARTY_NOTICES.md for full details
Command line parsed using CLI11 2.5.0: Copyright (c) 2017-2025 University of Cincinnati
Set option presolve to "off"
Set option solver to "simplex"
Set option parallel to "off"
Set option threads to 1
Set option run_crossover to "off"
LP sc205 has 205 rows; 203 cols; 551 nonzeros
Coefficient ranges:
  Matrix  [1e-01, 2e+00]
  Cost    [1e+00, 1e+00]
  Bound   [0e+00, 0e+00]
  RHS     [1e+02, 2e+02]
Solving LP without presolve or useful basis
Using dual simplex solver
  Iteration        Objective     Infeasibilities num(sum)
          0    -9.9999894873e-01 Ph1: 2(2.1); Du: 1(0.999999) 0.0s
        237    -5.2202061212e+01 Pr: 0(0) 0.0s

Model name          : sc205
Model status        : Optimal
Simplex   iterations: 237
Objective value     : -5.2202061212e+01
P-D objective error :  5.3929028157e-16
HiGHS run time      :          0.01
Running HiGHS 1.15.1 (git hash: n/a): Copyright (c) 2026 under MIT licence terms
Includes third-party software components, see THIRD_PARTY_NOTICES.md for full details
Command line parsed using CLI11 2.5.0: Copyright (c) 2017-2025 University of Cincinnati
Set option presolve to "off"
Set option solver to "simplex"
Set option parallel to "off"
Set option threads to 1
Set option run_crossover to "off"
LP sc50a has 50 rows; 48 cols; 130 nonzeros
Coefficient ranges:
  Matrix  [1e-01, 2e+00]
  Cost    [1e+00, 1e+00]
  Bound   [0e+00, 0e+00]
  RHS     [1e+02, 2e+02]
Solving LP without presolve or useful basis
Using dual simplex solver
  Iteration        Objective     Infeasibilities num(sum)
          0    -9.9999843003e-01 Ph1: 2(2.1); Du: 1(0.999998) 0.0s
         55    -6.4575077059e+01 Pr: 0(0) 0.0s

Model name          : sc50a
Model status        : Optimal
Simplex   iterations: 55
Objective value     : -6.4575077059e+01
P-D objective error :  0.0000000000e+00
HiGHS run time      :          0.00
Running HiGHS 1.15.1 (git hash: n/a): Copyright (c) 2026 under MIT licence terms
Includes third-party software components, see THIRD_PARTY_NOTICES.md for full details
Command line parsed using CLI11 2.5.0: Copyright (c) 2017-2025 University of Cincinnati
Set option presolve to "off"
Set option solver to "simplex"
Set option parallel to "off"
Set option threads to 1
Set option run_crossover to "off"
LP sc50a has 50 rows; 48 cols; 130 nonzeros
Coefficient ranges:
  Matrix  [1e-01, 2e+00]
  Cost    [1e+00, 1e+00]
  Bound   [0e+00, 0e+00]
  RHS     [1e+02, 2e+02]
Solving LP without presolve or useful basis
Using dual simplex solver
  Iteration        Objective     Infeasibilities num(sum)
          0    -9.9999843003e-01 Ph1: 2(2.1); Du: 1(0.999998) 0.0s
         55    -6.4575077059e+01 Pr: 0(0) 0.0s

Model name          : sc50a
Model status        : Optimal
Simplex   iterations: 55
Objective value     : -6.4575077059e+01
P-D objective error :  0.0000000000e+00
HiGHS run time      :          0.00
Running HiGHS 1.15.1 (git hash: n/a): Copyright (c) 2026 under MIT licence terms
Includes third-party software components, see THIRD_PARTY_NOTICES.md for full details
Command line parsed using CLI11 2.5.0: Copyright (c) 2017-2025 University of Cincinnati
Set option presolve to "off"
Set option solver to "simplex"
Set option parallel to "off"
Set option threads to 1
Set option run_crossover to "off"
LP sc50b has 50 rows; 48 cols; 118 nonzeros
Coefficient ranges:
  Matrix  [3e-01, 3e+00]
  Cost    [1e+00, 1e+00]
  Bound   [0e+00, 0e+00]
  RHS     [3e+02, 3e+02]
Solving LP without presolve or useful basis
Using dual simplex solver
  Iteration        Objective     Infeasibilities num(sum)
          0    -9.9999843003e-01 Ph1: 2(2.1); Du: 1(0.999998) 0.0s
         48    -7.0000000000e+01 Pr: 0(0) 0.0s

Model name          : sc50b
Model status        : Optimal
Simplex   iterations: 48
Objective value     : -7.0000000000e+01
P-D objective error :  1.0078620365e-16
HiGHS run time      :          0.00
Running HiGHS 1.15.1 (git hash: n/a): Copyright (c) 2026 under MIT licence terms
Includes third-party software components, see THIRD_PARTY_NOTICES.md for full details
Command line parsed using CLI11 2.5.0: Copyright (c) 2017-2025 University of Cincinnati
Set option presolve to "off"
Set option solver to "simplex"
Set option parallel to "off"
Set option threads to 1
Set option run_crossover to "off"
LP sc50b has 50 rows; 48 cols; 118 nonzeros
Coefficient ranges:
  Matrix  [3e-01, 3e+00]
  Cost    [1e+00, 1e+00]
  Bound   [0e+00, 0e+00]
  RHS     [3e+02, 3e+02]
Solving LP without presolve or useful basis
Using dual simplex solver
  Iteration        Objective     Infeasibilities num(sum)
          0    -9.9999843003e-01 Ph1: 2(2.1); Du: 1(0.999998) 0.0s
         48    -7.0000000000e+01 Pr: 0(0) 0.0s

Model name          : sc50b
Model status        : Optimal
Simplex   iterations: 48
Objective value     : -7.0000000000e+01
P-D objective error :  1.0078620365e-16
HiGHS run time      :          0.00
Running HiGHS 1.15.1 (git hash: n/a): Copyright (c) 2026 under MIT licence terms
Includes third-party software components, see THIRD_PARTY_NOTICES.md for full details
Command line parsed using CLI11 2.5.0: Copyright (c) 2017-2025 University of Cincinnati
Set option presolve to "off"
Set option solver to "simplex"
Set option parallel to "off"
Set option threads to 1
Set option run_crossover to "off"
LP scagr25 has 471 rows; 500 cols; 1554 nonzeros
Coefficient ranges:
  Matrix  [2e-01, 9e+00]
  Cost    [4e-01, 7e+02]
  Bound   [0e+00, 0e+00]
  RHS     [9e+01, 7e+03]
Solving LP without presolve or useful basis
Using dual simplex solver
  Iteration        Objective     Infeasibilities num(sum)
          0    -4.6411513331e+04 Ph1: 197(291.08); Du: 125(46411.5) 0.0s
        535    -1.4753433061e+07 Pr: 0(0) 0.0s

Model name          : scagr25
Model status        : Optimal
Simplex   iterations: 535
Objective value     : -1.4753433061e+07
P-D objective error :  1.8937745660e-16
HiGHS run time      :          0.01
Running HiGHS 1.15.1 (git hash: n/a): Copyright (c) 2026 under MIT licence terms
Includes third-party software components, see THIRD_PARTY_NOTICES.md for full details
Command line parsed using CLI11 2.5.0: Copyright (c) 2017-2025 University of Cincinnati
Set option presolve to "off"
Set option solver to "simplex"
Set option parallel to "off"
Set option threads to 1
Set option run_crossover to "off"
LP scagr25 has 471 rows; 500 cols; 1554 nonzeros
Coefficient ranges:
  Matrix  [2e-01, 9e+00]
  Cost    [4e-01, 7e+02]
  Bound   [0e+00, 0e+00]
  RHS     [9e+01, 7e+03]
Solving LP without presolve or useful basis
Using dual simplex solver
  Iteration        Objective     Infeasibilities num(sum)
          0    -4.6411513331e+04 Ph1: 197(291.08); Du: 125(46411.5) 0.0s
        535    -1.4753433061e+07 Pr: 0(0) 0.0s

Model name          : scagr25
Model status        : Optimal
Simplex   iterations: 535
Objective value     : -1.4753433061e+07
P-D objective error :  1.8937745660e-16
HiGHS run time      :          0.01
Running HiGHS 1.15.1 (git hash: n/a): Copyright (c) 2026 under MIT licence terms
Includes third-party software components, see THIRD_PARTY_NOTICES.md for full details
Command line parsed using CLI11 2.5.0: Copyright (c) 2017-2025 University of Cincinnati
Set option presolve to "off"
Set option solver to "simplex"
Set option parallel to "off"
Set option threads to 1
Set option run_crossover to "off"
LP scagr7 has 129 rows; 140 cols; 420 nonzeros
Coefficient ranges:
  Matrix  [2e-01, 9e+00]
  Cost    [4e-01, 7e+02]
  Bound   [0e+00, 0e+00]
  RHS     [9e+01, 7e+03]
Solving LP without presolve or useful basis
Using dual simplex solver
  Iteration        Objective     Infeasibilities num(sum)
          0    -1.2524848101e+04 Ph1: 53(76.52); Du: 35(12524.8) 0.0s
        165    -2.3313898243e+06 Pr: 0(0) 0.0s

Model name          : scagr7
Model status        : Optimal
Simplex   iterations: 165
Objective value     : -2.3313898243e+06
P-D objective error :  9.9867723231e-17
HiGHS run time      :          0.00
Running HiGHS 1.15.1 (git hash: n/a): Copyright (c) 2026 under MIT licence terms
Includes third-party software components, see THIRD_PARTY_NOTICES.md for full details
Command line parsed using CLI11 2.5.0: Copyright (c) 2017-2025 University of Cincinnati
Set option presolve to "off"
Set option solver to "simplex"
Set option parallel to "off"
Set option threads to 1
Set option run_crossover to "off"
LP scagr7 has 129 rows; 140 cols; 420 nonzeros
Coefficient ranges:
  Matrix  [2e-01, 9e+00]
  Cost    [4e-01, 7e+02]
  Bound   [0e+00, 0e+00]
  RHS     [9e+01, 7e+03]
Solving LP without presolve or useful basis
Using dual simplex solver
  Iteration        Objective     Infeasibilities num(sum)
          0    -1.2524848101e+04 Ph1: 53(76.52); Du: 35(12524.8) 0.0s
        165    -2.3313898243e+06 Pr: 0(0) 0.0s

Model name          : scagr7
Model status        : Optimal
Simplex   iterations: 165
Objective value     : -2.3313898243e+06
P-D objective error :  9.9867723231e-17
HiGHS run time      :          0.00
Running HiGHS 1.15.1 (git hash: n/a): Copyright (c) 2026 under MIT licence terms
Includes third-party software components, see THIRD_PARTY_NOTICES.md for full details
Command line parsed using CLI11 2.5.0: Copyright (c) 2017-2025 University of Cincinnati
Set option presolve to "off"
Set option solver to "simplex"
Set option parallel to "off"
Set option threads to 1
Set option run_crossover to "off"
LP scfxm1 has 330 rows; 457 cols; 2589 nonzeros
Coefficient ranges:
  Matrix  [5e-04, 1e+02]
  Cost    [1e+00, 1e+01]
  Bound   [0e+00, 0e+00]
  RHS     [8e-01, 2e+03]
Solving LP without presolve or useful basis
Using dual simplex solver
  Iteration        Objective     Infeasibilities num(sum)
          0    -2.6124901867e+01 Ph1: 4(4); Du: 4(26.1249) 0.0s
        484     1.8416759028e+04 Pr: 0(0) 0.0s

Model name          : scfxm1
Model status        : Optimal
Simplex   iterations: 484
Objective value     :  1.8416759028e+04
P-D objective error :  0.0000000000e+00
HiGHS run time      :          0.01
Running HiGHS 1.15.1 (git hash: n/a): Copyright (c) 2026 under MIT licence terms
Includes third-party software components, see THIRD_PARTY_NOTICES.md for full details
Command line parsed using CLI11 2.5.0: Copyright (c) 2017-2025 University of Cincinnati
Set option presolve to "off"
Set option solver to "simplex"
Set option parallel to "off"
Set option threads to 1
Set option run_crossover to "off"
LP scfxm1 has 330 rows; 457 cols; 2589 nonzeros
Coefficient ranges:
  Matrix  [5e-04, 1e+02]
  Cost    [1e+00, 1e+01]
  Bound   [0e+00, 0e+00]
  RHS     [8e-01, 2e+03]
Solving LP without presolve or useful basis
Using dual simplex solver
  Iteration        Objective     Infeasibilities num(sum)
          0    -2.6124901867e+01 Ph1: 4(4); Du: 4(26.1249) 0.0s
        484     1.8416759028e+04 Pr: 0(0) 0.0s

Model name          : scfxm1
Model status        : Optimal
Simplex   iterations: 484
Objective value     :  1.8416759028e+04
P-D objective error :  0.0000000000e+00
HiGHS run time      :          0.01
Running HiGHS 1.15.1 (git hash: n/a): Copyright (c) 2026 under MIT licence terms
Includes third-party software components, see THIRD_PARTY_NOTICES.md for full details
Command line parsed using CLI11 2.5.0: Copyright (c) 2017-2025 University of Cincinnati
Set option presolve to "off"
Set option solver to "simplex"
Set option parallel to "off"
Set option threads to 1
Set option run_crossover to "off"
LP scfxm2 has 660 rows; 914 cols; 5183 nonzeros
Coefficient ranges:
  Matrix  [5e-04, 1e+02]
  Cost    [1e+00, 1e+01]
  Bound   [0e+00, 0e+00]
  RHS     [8e-01, 2e+03]
Solving LP without presolve or useful basis
Using dual simplex solver
  Iteration        Objective     Infeasibilities num(sum)
          0    -5.2249782874e+01 Ph1: 8(8); Du: 8(52.2498) 0.0s
        990     3.6660261565e+04 Pr: 0(0) 0.0s

Model name          : scfxm2
Model status        : Optimal
Simplex   iterations: 990
Objective value     :  3.6660261565e+04
P-D objective error :  9.9233585223e-17
HiGHS run time      :          0.02
Running HiGHS 1.15.1 (git hash: n/a): Copyright (c) 2026 under MIT licence terms
Includes third-party software components, see THIRD_PARTY_NOTICES.md for full details
Command line parsed using CLI11 2.5.0: Copyright (c) 2017-2025 University of Cincinnati
Set option presolve to "off"
Set option solver to "simplex"
Set option parallel to "off"
Set option threads to 1
Set option run_crossover to "off"
LP scfxm2 has 660 rows; 914 cols; 5183 nonzeros
Coefficient ranges:
  Matrix  [5e-04, 1e+02]
  Cost    [1e+00, 1e+01]
  Bound   [0e+00, 0e+00]
  RHS     [8e-01, 2e+03]
Solving LP without presolve or useful basis
Using dual simplex solver
  Iteration        Objective     Infeasibilities num(sum)
          0    -5.2249782874e+01 Ph1: 8(8); Du: 8(52.2498) 0.0s
        990     3.6660261565e+04 Pr: 0(0) 0.0s

Model name          : scfxm2
Model status        : Optimal
Simplex   iterations: 990
Objective value     :  3.6660261565e+04
P-D objective error :  9.9233585223e-17
HiGHS run time      :          0.01
Running HiGHS 1.15.1 (git hash: n/a): Copyright (c) 2026 under MIT licence terms
Includes third-party software components, see THIRD_PARTY_NOTICES.md for full details
Command line parsed using CLI11 2.5.0: Copyright (c) 2017-2025 University of Cincinnati
Set option presolve to "off"
Set option solver to "simplex"
Set option parallel to "off"
Set option threads to 1
Set option run_crossover to "off"
LP scfxm3 has 990 rows; 1371 cols; 7777 nonzeros
Coefficient ranges:
  Matrix  [5e-04, 1e+02]
  Cost    [1e+00, 1e+01]
  Bound   [0e+00, 0e+00]
  RHS     [8e-01, 2e+03]
Solving LP without presolve or useful basis
Using dual simplex solver
  Iteration        Objective     Infeasibilities num(sum)
          0    -7.8374635938e+01 Ph1: 12(12); Du: 12(78.3746) 0.0s
       1529     5.4901254550e+04 Pr: 0(0) 0.0s

Model name          : scfxm3
Model status        : Optimal
Simplex   iterations: 1529
Objective value     :  5.4901254550e+04
P-D objective error :  3.9758060597e-16
HiGHS run time      :          0.03
Running HiGHS 1.15.1 (git hash: n/a): Copyright (c) 2026 under MIT licence terms
Includes third-party software components, see THIRD_PARTY_NOTICES.md for full details
Command line parsed using CLI11 2.5.0: Copyright (c) 2017-2025 University of Cincinnati
Set option presolve to "off"
Set option solver to "simplex"
Set option parallel to "off"
Set option threads to 1
Set option run_crossover to "off"
LP scfxm3 has 990 rows; 1371 cols; 7777 nonzeros
Coefficient ranges:
  Matrix  [5e-04, 1e+02]
  Cost    [1e+00, 1e+01]
  Bound   [0e+00, 0e+00]
  RHS     [8e-01, 2e+03]
Solving LP without presolve or useful basis
Using dual simplex solver
  Iteration        Objective     Infeasibilities num(sum)
          0    -7.8374635938e+01 Ph1: 12(12); Du: 12(78.3746) 0.0s
       1529     5.4901254550e+04 Pr: 0(0) 0.0s

Model name          : scfxm3
Model status        : Optimal
Simplex   iterations: 1529
Objective value     :  5.4901254550e+04
P-D objective error :  3.9758060597e-16
HiGHS run time      :          0.02
Running HiGHS 1.15.1 (git hash: n/a): Copyright (c) 2026 under MIT licence terms
Includes third-party software components, see THIRD_PARTY_NOTICES.md for full details
Command line parsed using CLI11 2.5.0: Copyright (c) 2017-2025 University of Cincinnati
Set option presolve to "off"
Set option solver to "simplex"
Set option parallel to "off"
Set option threads to 1
Set option run_crossover to "off"
LP scorpion has 388 rows; 358 cols; 1426 nonzeros
Coefficient ranges:
  Matrix  [1e-02, 1e+00]
  Cost    [6e-02, 2e+02]
  Bound   [0e+00, 0e+00]
  RHS     [2e-03, 1e+00]
Solving LP without presolve or useful basis
Using dual simplex solver
  Iteration        Objective     Infeasibilities num(sum)
          0     0.0000000000e+00 Pr: 53(73.9046) 0.0s
        322     1.8781248227e+03 Pr: 0(0) 0.0s

Model name          : scorpion
Model status        : Optimal
Simplex   iterations: 322
Objective value     :  1.8781248227e+03
P-D objective error :  6.0515988262e-17
HiGHS run time      :          0.01
Running HiGHS 1.15.1 (git hash: n/a): Copyright (c) 2026 under MIT licence terms
Includes third-party software components, see THIRD_PARTY_NOTICES.md for full details
Command line parsed using CLI11 2.5.0: Copyright (c) 2017-2025 University of Cincinnati
Set option presolve to "off"
Set option solver to "simplex"
Set option parallel to "off"
Set option threads to 1
Set option run_crossover to "off"
LP scorpion has 388 rows; 358 cols; 1426 nonzeros
Coefficient ranges:
  Matrix  [1e-02, 1e+00]
  Cost    [6e-02, 2e+02]
  Bound   [0e+00, 0e+00]
  RHS     [2e-03, 1e+00]
Solving LP without presolve or useful basis
Using dual simplex solver
  Iteration        Objective     Infeasibilities num(sum)
          0     0.0000000000e+00 Pr: 53(73.9046) 0.0s
        322     1.8781248227e+03 Pr: 0(0) 0.0s

Model name          : scorpion
Model status        : Optimal
Simplex   iterations: 322
Objective value     :  1.8781248227e+03
P-D objective error :  6.0515988262e-17
HiGHS run time      :          0.01
Running HiGHS 1.15.1 (git hash: n/a): Copyright (c) 2026 under MIT licence terms
Includes third-party software components, see THIRD_PARTY_NOTICES.md for full details
Command line parsed using CLI11 2.5.0: Copyright (c) 2017-2025 University of Cincinnati
Set option presolve to "off"
Set option solver to "simplex"
Set option parallel to "off"
Set option threads to 1
Set option run_crossover to "off"
LP scrs8 has 490 rows; 1169 cols; 3182 nonzeros
Coefficient ranges:
  Matrix  [1e-03, 4e+02]
  Cost    [2e-04, 5e+03]
  Bound   [0e+00, 0e+00]
  RHS     [1e-02, 4e+01]
Solving LP without presolve or useful basis
Using dual simplex solver
  Iteration        Objective     Infeasibilities num(sum)
          0    -3.6557328588e+02 Ph1: 42(806.857); Du: 240(365.573) 0.0s
        604     9.0429695380e+02 Pr: 0(0) 0.0s

Model name          : scrs8
Model status        : Optimal
Simplex   iterations: 604
Objective value     :  9.0429695380e+02
P-D objective error :  2.5129801166e-16
HiGHS run time      :          0.01
Running HiGHS 1.15.1 (git hash: n/a): Copyright (c) 2026 under MIT licence terms
Includes third-party software components, see THIRD_PARTY_NOTICES.md for full details
Command line parsed using CLI11 2.5.0: Copyright (c) 2017-2025 University of Cincinnati
Set option presolve to "off"
Set option solver to "simplex"
Set option parallel to "off"
Set option threads to 1
Set option run_crossover to "off"
LP scrs8 has 490 rows; 1169 cols; 3182 nonzeros
Coefficient ranges:
  Matrix  [1e-03, 4e+02]
  Cost    [2e-04, 5e+03]
  Bound   [0e+00, 0e+00]
  RHS     [1e-02, 4e+01]
Solving LP without presolve or useful basis
Using dual simplex solver
  Iteration        Objective     Infeasibilities num(sum)
          0    -3.6557328588e+02 Ph1: 42(806.857); Du: 240(365.573) 0.0s
        604     9.0429695380e+02 Pr: 0(0) 0.0s

Model name          : scrs8
Model status        : Optimal
Simplex   iterations: 604
Objective value     :  9.0429695380e+02
P-D objective error :  2.5129801166e-16
HiGHS run time      :          0.01
Running HiGHS 1.15.1 (git hash: n/a): Copyright (c) 2026 under MIT licence terms
Includes third-party software components, see THIRD_PARTY_NOTICES.md for full details
Command line parsed using CLI11 2.5.0: Copyright (c) 2017-2025 University of Cincinnati
Set option presolve to "off"
Set option solver to "simplex"
Set option parallel to "off"
Set option threads to 1
Set option run_crossover to "off"
LP scsd1 has 77 rows; 760 cols; 2388 nonzeros
Coefficient ranges:
  Matrix  [2e-01, 1e+00]
  Cost    [1e+00, 5e+00]
  Bound   [0e+00, 0e+00]
  RHS     [1e+00, 1e+00]
Solving LP without presolve or useful basis
Using dual simplex solver
  Iteration        Objective     Infeasibilities num(sum)
          0     0.0000000000e+00 Pr: 1(1) 0.0s
         86     8.6666666743e+00 Pr: 0(0); Du: 0(2.60856e-09) 0.0s

Model name          : scsd1
Model status        : Optimal
Simplex   iterations: 86
Objective value     :  8.6666666743e+00
P-D objective error :  1.9378438232e-16
HiGHS run time      :          0.00
Running HiGHS 1.15.1 (git hash: n/a): Copyright (c) 2026 under MIT licence terms
Includes third-party software components, see THIRD_PARTY_NOTICES.md for full details
Command line parsed using CLI11 2.5.0: Copyright (c) 2017-2025 University of Cincinnati
Set option presolve to "off"
Set option solver to "simplex"
Set option parallel to "off"
Set option threads to 1
Set option run_crossover to "off"
LP scsd1 has 77 rows; 760 cols; 2388 nonzeros
Coefficient ranges:
  Matrix  [2e-01, 1e+00]
  Cost    [1e+00, 5e+00]
  Bound   [0e+00, 0e+00]
  RHS     [1e+00, 1e+00]
Solving LP without presolve or useful basis
Using dual simplex solver
  Iteration        Objective     Infeasibilities num(sum)
          0     0.0000000000e+00 Pr: 1(1) 0.0s
         86     8.6666666743e+00 Pr: 0(0); Du: 0(2.60856e-09) 0.0s

Model name          : scsd1
Model status        : Optimal
Simplex   iterations: 86
Objective value     :  8.6666666743e+00
P-D objective error :  1.9378438232e-16
HiGHS run time      :          0.00
Running HiGHS 1.15.1 (git hash: n/a): Copyright (c) 2026 under MIT licence terms
Includes third-party software components, see THIRD_PARTY_NOTICES.md for full details
Command line parsed using CLI11 2.5.0: Copyright (c) 2017-2025 University of Cincinnati
Set option presolve to "off"
Set option solver to "simplex"
Set option parallel to "off"
Set option threads to 1
Set option run_crossover to "off"
LP scsd6 has 147 rows; 1350 cols; 4316 nonzeros
Coefficient ranges:
  Matrix  [2e-01, 1e+00]
  Cost    [1e+00, 4e+00]
  Bound   [0e+00, 0e+00]
  RHS     [2e-01, 1e+00]
Solving LP without presolve or useful basis
Using dual simplex solver
  Iteration        Objective     Infeasibilities num(sum)
          0     0.0000000000e+00 Pr: 9(5.25) 0.0s
        270     5.0500000078e+01 Pr: 0(0); Du: 0(2.52156e-07) 0.0s

Model name          : scsd6
Model status        : Optimal
Simplex   iterations: 270
Objective value     :  5.0500000078e+01
P-D objective error :  2.7864420967e-16
HiGHS run time      :          0.01
Running HiGHS 1.15.1 (git hash: n/a): Copyright (c) 2026 under MIT licence terms
Includes third-party software components, see THIRD_PARTY_NOTICES.md for full details
Command line parsed using CLI11 2.5.0: Copyright (c) 2017-2025 University of Cincinnati
Set option presolve to "off"
Set option solver to "simplex"
Set option parallel to "off"
Set option threads to 1
Set option run_crossover to "off"
LP scsd6 has 147 rows; 1350 cols; 4316 nonzeros
Coefficient ranges:
  Matrix  [2e-01, 1e+00]
  Cost    [1e+00, 4e+00]
  Bound   [0e+00, 0e+00]
  RHS     [2e-01, 1e+00]
Solving LP without presolve or useful basis
Using dual simplex solver
  Iteration        Objective     Infeasibilities num(sum)
          0     0.0000000000e+00 Pr: 9(5.25) 0.0s
        270     5.0500000078e+01 Pr: 0(0); Du: 0(2.52156e-07) 0.0s

Model name          : scsd6
Model status        : Optimal
Simplex   iterations: 270
Objective value     :  5.0500000078e+01
P-D objective error :  2.7864420967e-16
HiGHS run time      :          0.01
Running HiGHS 1.15.1 (git hash: n/a): Copyright (c) 2026 under MIT licence terms
Includes third-party software components, see THIRD_PARTY_NOTICES.md for full details
Command line parsed using CLI11 2.5.0: Copyright (c) 2017-2025 University of Cincinnati
Set option presolve to "off"
Set option solver to "simplex"
Set option parallel to "off"
Set option threads to 1
Set option run_crossover to "off"
LP scsd8 has 397 rows; 2750 cols; 8584 nonzeros
Coefficient ranges:
  Matrix  [2e-01, 1e+00]
  Cost    [1e+00, 4e+00]
  Bound   [0e+00, 0e+00]
  RHS     [1e+00, 5e+00]
Solving LP without presolve or useful basis
Using dual simplex solver
  Iteration        Objective     Infeasibilities num(sum)
          0     0.0000000000e+00 Pr: 15(45) 0.0s
       1054     9.0499999993e+02 Pr: 0(0); Du: 0(3.65308e-12) 0.0s

Model name          : scsd8
Model status        : Optimal
Simplex   iterations: 1054
Objective value     :  9.0499999993e+02
P-D objective error :  6.2775724865e-17
HiGHS run time      :          0.02
Running HiGHS 1.15.1 (git hash: n/a): Copyright (c) 2026 under MIT licence terms
Includes third-party software components, see THIRD_PARTY_NOTICES.md for full details
Command line parsed using CLI11 2.5.0: Copyright (c) 2017-2025 University of Cincinnati
Set option presolve to "off"
Set option solver to "simplex"
Set option parallel to "off"
Set option threads to 1
Set option run_crossover to "off"
LP scsd8 has 397 rows; 2750 cols; 8584 nonzeros
Coefficient ranges:
  Matrix  [2e-01, 1e+00]
  Cost    [1e+00, 4e+00]
  Bound   [0e+00, 0e+00]
  RHS     [1e+00, 5e+00]
Solving LP without presolve or useful basis
Using dual simplex solver
  Iteration        Objective     Infeasibilities num(sum)
          0     0.0000000000e+00 Pr: 15(45) 0.0s
       1054     9.0499999993e+02 Pr: 0(0); Du: 0(3.65308e-12) 0.0s

Model name          : scsd8
Model status        : Optimal
Simplex   iterations: 1054
Objective value     :  9.0499999993e+02
P-D objective error :  6.2775724865e-17
HiGHS run time      :          0.02
Running HiGHS 1.15.1 (git hash: n/a): Copyright (c) 2026 under MIT licence terms
Includes third-party software components, see THIRD_PARTY_NOTICES.md for full details
Command line parsed using CLI11 2.5.0: Copyright (c) 2017-2025 University of Cincinnati
Set option presolve to "off"
Set option solver to "simplex"
Set option parallel to "off"
Set option threads to 1
Set option run_crossover to "off"
LP sctap1 has 300 rows; 480 cols; 1692 nonzeros
Coefficient ranges:
  Matrix  [1e+00, 8e+01]
  Cost    [1e+00, 8e+01]
  Bound   [0e+00, 0e+00]
  RHS     [1e+00, 4e+01]
Solving LP without presolve or useful basis
Using dual simplex solver
  Iteration        Objective     Infeasibilities num(sum)
          0     0.0000000000e+00 Pr: 154(921) 0.0s
        302     1.4122500000e+03 Pr: 0(0); Du: 0(1.01386e-12) 0.0s

Model name          : sctap1
Model status        : Optimal
Simplex   iterations: 302
Objective value     :  1.4122500000e+03
P-D objective error :  8.0472013960e-17
HiGHS run time      :          0.01
Running HiGHS 1.15.1 (git hash: n/a): Copyright (c) 2026 under MIT licence terms
Includes third-party software components, see THIRD_PARTY_NOTICES.md for full details
Command line parsed using CLI11 2.5.0: Copyright (c) 2017-2025 University of Cincinnati
Set option presolve to "off"
Set option solver to "simplex"
Set option parallel to "off"
Set option threads to 1
Set option run_crossover to "off"
LP sctap1 has 300 rows; 480 cols; 1692 nonzeros
Coefficient ranges:
  Matrix  [1e+00, 8e+01]
  Cost    [1e+00, 8e+01]
  Bound   [0e+00, 0e+00]
  RHS     [1e+00, 4e+01]
Solving LP without presolve or useful basis
Using dual simplex solver
  Iteration        Objective     Infeasibilities num(sum)
          0     0.0000000000e+00 Pr: 154(921) 0.0s
        302     1.4122500000e+03 Pr: 0(0); Du: 0(1.01386e-12) 0.0s

Model name          : sctap1
Model status        : Optimal
Simplex   iterations: 302
Objective value     :  1.4122500000e+03
P-D objective error :  8.0472013960e-17
HiGHS run time      :          0.01
Running HiGHS 1.15.1 (git hash: n/a): Copyright (c) 2026 under MIT licence terms
Includes third-party software components, see THIRD_PARTY_NOTICES.md for full details
Command line parsed using CLI11 2.5.0: Copyright (c) 2017-2025 University of Cincinnati
Set option presolve to "off"
Set option solver to "simplex"
Set option parallel to "off"
Set option threads to 1
Set option run_crossover to "off"
LP sctap2 has 1090 rows; 1880 cols; 6714 nonzeros
Coefficient ranges:
  Matrix  [1e+00, 8e+01]
  Cost    [1e+00, 8e+01]
  Bound   [0e+00, 0e+00]
  RHS     [1e+00, 5e+01]
Solving LP without presolve or useful basis
Using dual simplex solver
  Iteration        Objective     Infeasibilities num(sum)
          0     0.0000000000e+00 Pr: 521(3248) 0.0s
        742     1.7248071429e+03 Pr: 0(0); Du: 0(9.85878e-14) 0.0s

Model name          : sctap2
Model status        : Optimal
Simplex   iterations: 742
Objective value     :  1.7248071429e+03
P-D objective error :  6.5893680550e-17
HiGHS run time      :          0.01
Running HiGHS 1.15.1 (git hash: n/a): Copyright (c) 2026 under MIT licence terms
Includes third-party software components, see THIRD_PARTY_NOTICES.md for full details
Command line parsed using CLI11 2.5.0: Copyright (c) 2017-2025 University of Cincinnati
Set option presolve to "off"
Set option solver to "simplex"
Set option parallel to "off"
Set option threads to 1
Set option run_crossover to "off"
LP sctap2 has 1090 rows; 1880 cols; 6714 nonzeros
Coefficient ranges:
  Matrix  [1e+00, 8e+01]
  Cost    [1e+00, 8e+01]
  Bound   [0e+00, 0e+00]
  RHS     [1e+00, 5e+01]
Solving LP without presolve or useful basis
Using dual simplex solver
  Iteration        Objective     Infeasibilities num(sum)
          0     0.0000000000e+00 Pr: 521(3248) 0.0s
        742     1.7248071429e+03 Pr: 0(0); Du: 0(9.85878e-14) 0.0s

Model name          : sctap2
Model status        : Optimal
Simplex   iterations: 742
Objective value     :  1.7248071429e+03
P-D objective error :  6.5893680550e-17
HiGHS run time      :          0.01
Running HiGHS 1.15.1 (git hash: n/a): Copyright (c) 2026 under MIT licence terms
Includes third-party software components, see THIRD_PARTY_NOTICES.md for full details
Command line parsed using CLI11 2.5.0: Copyright (c) 2017-2025 University of Cincinnati
Set option presolve to "off"
Set option solver to "simplex"
Set option parallel to "off"
Set option threads to 1
Set option run_crossover to "off"
LP sctap3 has 1480 rows; 2480 cols; 8874 nonzeros
Coefficient ranges:
  Matrix  [1e+00, 8e+01]
  Cost    [1e+00, 8e+01]
  Bound   [0e+00, 0e+00]
  RHS     [1e+00, 5e+01]
Solving LP without presolve or useful basis
Using dual simplex solver
  Iteration        Objective     Infeasibilities num(sum)
          0     0.0000000000e+00 Pr: 682(3827.25) 0.0s
       1016     1.4240000000e+03 Pr: 0(0); Du: 0(6.00853e-13) 0.0s

Model name          : sctap3
Model status        : Optimal
Simplex   iterations: 1016
Objective value     :  1.4240000000e+03
P-D objective error :  0.0000000000e+00
HiGHS run time      :          0.01
Running HiGHS 1.15.1 (git hash: n/a): Copyright (c) 2026 under MIT licence terms
Includes third-party software components, see THIRD_PARTY_NOTICES.md for full details
Command line parsed using CLI11 2.5.0: Copyright (c) 2017-2025 University of Cincinnati
Set option presolve to "off"
Set option solver to "simplex"
Set option parallel to "off"
Set option threads to 1
Set option run_crossover to "off"
LP sctap3 has 1480 rows; 2480 cols; 8874 nonzeros
Coefficient ranges:
  Matrix  [1e+00, 8e+01]
  Cost    [1e+00, 8e+01]
  Bound   [0e+00, 0e+00]
  RHS     [1e+00, 5e+01]
Solving LP without presolve or useful basis
Using dual simplex solver
  Iteration        Objective     Infeasibilities num(sum)
          0     0.0000000000e+00 Pr: 682(3827.25) 0.0s
       1016     1.4240000000e+03 Pr: 0(0); Du: 0(6.00853e-13) 0.0s

Model name          : sctap3
Model status        : Optimal
Simplex   iterations: 1016
Objective value     :  1.4240000000e+03
P-D objective error :  0.0000000000e+00
HiGHS run time      :          0.01
Running HiGHS 1.15.1 (git hash: n/a): Copyright (c) 2026 under MIT licence terms
Includes third-party software components, see THIRD_PARTY_NOTICES.md for full details
Command line parsed using CLI11 2.5.0: Copyright (c) 2017-2025 University of Cincinnati
Set option presolve to "off"
Set option solver to "simplex"
Set option parallel to "off"
Set option threads to 1
Set option run_crossover to "off"
LP seba has 515 rows; 1028 cols; 4352 nonzeros
Coefficient ranges:
  Matrix  [1e+00, 2e+02]
  Cost    [2e-03, 5e+02]
  Bound   [3e-02, 1e+03]
  RHS     [2e+00, 9e+01]
Solving LP without presolve or useful basis
Using dual simplex solver
  Iteration        Objective     Infeasibilities num(sum)
          0     8.0351203440e+01 Pr: 224(10322.4) 0.0s
        439     1.5711600000e+04 Pr: 0(0) 0.0s

Model name          : seba
Model status        : Optimal
Simplex   iterations: 439
Objective value     :  1.5711600000e+04
P-D objective error :  0.0000000000e+00
HiGHS run time      :          0.01
Running HiGHS 1.15.1 (git hash: n/a): Copyright (c) 2026 under MIT licence terms
Includes third-party software components, see THIRD_PARTY_NOTICES.md for full details
Command line parsed using CLI11 2.5.0: Copyright (c) 2017-2025 University of Cincinnati
Set option presolve to "off"
Set option solver to "simplex"
Set option parallel to "off"
Set option threads to 1
Set option run_crossover to "off"
LP seba has 515 rows; 1028 cols; 4352 nonzeros
Coefficient ranges:
  Matrix  [1e+00, 2e+02]
  Cost    [2e-03, 5e+02]
  Bound   [3e-02, 1e+03]
  RHS     [2e+00, 9e+01]
Solving LP without presolve or useful basis
Using dual simplex solver
  Iteration        Objective     Infeasibilities num(sum)
          0     8.0351203440e+01 Pr: 224(10322.4) 0.0s
        439     1.5711600000e+04 Pr: 0(0) 0.0s

Model name          : seba
Model status        : Optimal
Simplex   iterations: 439
Objective value     :  1.5711600000e+04
P-D objective error :  0.0000000000e+00
HiGHS run time      :          0.01
Running HiGHS 1.15.1 (git hash: n/a): Copyright (c) 2026 under MIT licence terms
Includes third-party software components, see THIRD_PARTY_NOTICES.md for full details
Command line parsed using CLI11 2.5.0: Copyright (c) 2017-2025 University of Cincinnati
Set option presolve to "off"
Set option solver to "simplex"
Set option parallel to "off"
Set option threads to 1
Set option run_crossover to "off"
LP share1b has 117 rows; 225 cols; 1151 nonzeros
Coefficient ranges:
  Matrix  [1e-01, 1e+03]
  Cost    [2e-03, 1e+02]
  Bound   [0e+00, 0e+00]
  RHS     [1e-04, 3e+03]
Solving LP without presolve or useful basis
Using dual simplex solver
  Iteration        Objective     Infeasibilities num(sum)
          0    -7.6499427844e+00 Ph1: 47(98.7266); Du: 6(7.64994) 0.0s
        223    -7.6589318579e+04 Pr: 0(0) 0.0s

Model name          : share1b
Model status        : Optimal
Simplex   iterations: 223
Objective value     : -7.6589318579e+04
P-D objective error :  1.8999803758e-16
HiGHS run time      :          0.01
Running HiGHS 1.15.1 (git hash: n/a): Copyright (c) 2026 under MIT licence terms
Includes third-party software components, see THIRD_PARTY_NOTICES.md for full details
Command line parsed using CLI11 2.5.0: Copyright (c) 2017-2025 University of Cincinnati
Set option presolve to "off"
Set option solver to "simplex"
Set option parallel to "off"
Set option threads to 1
Set option run_crossover to "off"
LP share1b has 117 rows; 225 cols; 1151 nonzeros
Coefficient ranges:
  Matrix  [1e-01, 1e+03]
  Cost    [2e-03, 1e+02]
  Bound   [0e+00, 0e+00]
  RHS     [1e-04, 3e+03]
Solving LP without presolve or useful basis
Using dual simplex solver
  Iteration        Objective     Infeasibilities num(sum)
          0    -7.6499427844e+00 Ph1: 47(98.7266); Du: 6(7.64994) 0.0s
        223    -7.6589318579e+04 Pr: 0(0) 0.0s

Model name          : share1b
Model status        : Optimal
Simplex   iterations: 223
Objective value     : -7.6589318579e+04
P-D objective error :  1.8999803758e-16
HiGHS run time      :          0.01
Running HiGHS 1.15.1 (git hash: n/a): Copyright (c) 2026 under MIT licence terms
Includes third-party software components, see THIRD_PARTY_NOTICES.md for full details
Command line parsed using CLI11 2.5.0: Copyright (c) 2017-2025 University of Cincinnati
Set option presolve to "off"
Set option solver to "simplex"
Set option parallel to "off"
Set option threads to 1
Set option run_crossover to "off"
LP share2b has 96 rows; 79 cols; 694 nonzeros
Coefficient ranges:
  Matrix  [1e-02, 1e+02]
  Cost    [3e-02, 4e+00]
  Bound   [0e+00, 0e+00]
  RHS     [1e+00, 2e+01]
Solving LP without presolve or useful basis
Using dual simplex solver
  Iteration        Objective     Infeasibilities num(sum)
          0    -2.2449922126e+01 Ph1: 61(49.1203); Du: 13(22.4499) 0.0s
        104    -4.1573224074e+02 Pr: 0(0); Du: 0(1.62093e-14) 0.0s

Model name          : share2b
Model status        : Optimal
Simplex   iterations: 104
Objective value     : -4.1573224074e+02
P-D objective error :  3.8238645936e-15
HiGHS run time      :          0.00
Running HiGHS 1.15.1 (git hash: n/a): Copyright (c) 2026 under MIT licence terms
Includes third-party software components, see THIRD_PARTY_NOTICES.md for full details
Command line parsed using CLI11 2.5.0: Copyright (c) 2017-2025 University of Cincinnati
Set option presolve to "off"
Set option solver to "simplex"
Set option parallel to "off"
Set option threads to 1
Set option run_crossover to "off"
LP share2b has 96 rows; 79 cols; 694 nonzeros
Coefficient ranges:
  Matrix  [1e-02, 1e+02]
  Cost    [3e-02, 4e+00]
  Bound   [0e+00, 0e+00]
  RHS     [1e+00, 2e+01]
Solving LP without presolve or useful basis
Using dual simplex solver
  Iteration        Objective     Infeasibilities num(sum)
          0    -2.2449922126e+01 Ph1: 61(49.1203); Du: 13(22.4499) 0.0s
        104    -4.1573224074e+02 Pr: 0(0); Du: 0(1.62093e-14) 0.0s

Model name          : share2b
Model status        : Optimal
Simplex   iterations: 104
Objective value     : -4.1573224074e+02
P-D objective error :  3.8238645936e-15
HiGHS run time      :          0.00
Running HiGHS 1.15.1 (git hash: n/a): Copyright (c) 2026 under MIT licence terms
Includes third-party software components, see THIRD_PARTY_NOTICES.md for full details
Command line parsed using CLI11 2.5.0: Copyright (c) 2017-2025 University of Cincinnati
Set option presolve to "off"
Set option solver to "simplex"
Set option parallel to "off"
Set option threads to 1
Set option run_crossover to "off"
LP shell has 536 rows; 1775 cols; 3556 nonzeros
Coefficient ranges:
  Matrix  [1e+00, 1e+00]
  Cost    [1e+00, 4e+03]
  Bound   [6e+00, 5e+05]
  RHS     [4e+04, 5e+04]
Solving LP without presolve or useful basis
Using dual simplex solver
  Iteration        Objective     Infeasibilities num(sum)
          0     1.5560193183e+00 Pr: 257(982258) 0.0s
        623     1.2088253460e+09 Pr: 0(0) 0.0s

Model name          : shell
Model status        : Optimal
Simplex   iterations: 623
Objective value     :  1.2088253460e+09
P-D objective error :  0.0000000000e+00
HiGHS run time      :          0.01
Running HiGHS 1.15.1 (git hash: n/a): Copyright (c) 2026 under MIT licence terms
Includes third-party software components, see THIRD_PARTY_NOTICES.md for full details
Command line parsed using CLI11 2.5.0: Copyright (c) 2017-2025 University of Cincinnati
Set option presolve to "off"
Set option solver to "simplex"
Set option parallel to "off"
Set option threads to 1
Set option run_crossover to "off"
LP shell has 536 rows; 1775 cols; 3556 nonzeros
Coefficient ranges:
  Matrix  [1e+00, 1e+00]
  Cost    [1e+00, 4e+03]
  Bound   [6e+00, 5e+05]
  RHS     [4e+04, 5e+04]
Solving LP without presolve or useful basis
Using dual simplex solver
  Iteration        Objective     Infeasibilities num(sum)
          0     1.5560193183e+00 Pr: 257(982258) 0.0s
        623     1.2088253460e+09 Pr: 0(0) 0.0s

Model name          : shell
Model status        : Optimal
Simplex   iterations: 623
Objective value     :  1.2088253460e+09
P-D objective error :  0.0000000000e+00
HiGHS run time      :          0.01
Running HiGHS 1.15.1 (git hash: n/a): Copyright (c) 2026 under MIT licence terms
Includes third-party software components, see THIRD_PARTY_NOTICES.md for full details
Command line parsed using CLI11 2.5.0: Copyright (c) 2017-2025 University of Cincinnati
Set option presolve to "off"
Set option solver to "simplex"
Set option parallel to "off"
Set option threads to 1
Set option run_crossover to "off"
LP ship04l has 402 rows; 2118 cols; 6332 nonzeros
Coefficient ranges:
  Matrix  [1e-02, 5e+00]
  Cost    [1e+01, 7e+03]
  Bound   [0e+00, 0e+00]
  RHS     [3e-02, 1e+02]
Solving LP without presolve or useful basis
Using dual simplex solver
  Iteration        Objective     Infeasibilities num(sum)
          0     0.0000000000e+00 Pr: 255(205.55) 0.0s
        409     1.7933245380e+06 Pr: 0(0); Du: 0(3.41061e-13) 0.0s

Model name          : ship04l
Model status        : Optimal
Simplex   iterations: 409
Objective value     :  1.7933245380e+06
P-D objective error :  1.2983181449e-16
HiGHS run time      :          0.01
Running HiGHS 1.15.1 (git hash: n/a): Copyright (c) 2026 under MIT licence terms
Includes third-party software components, see THIRD_PARTY_NOTICES.md for full details
Command line parsed using CLI11 2.5.0: Copyright (c) 2017-2025 University of Cincinnati
Set option presolve to "off"
Set option solver to "simplex"
Set option parallel to "off"
Set option threads to 1
Set option run_crossover to "off"
LP ship04l has 402 rows; 2118 cols; 6332 nonzeros
Coefficient ranges:
  Matrix  [1e-02, 5e+00]
  Cost    [1e+01, 7e+03]
  Bound   [0e+00, 0e+00]
  RHS     [3e-02, 1e+02]
Solving LP without presolve or useful basis
Using dual simplex solver
  Iteration        Objective     Infeasibilities num(sum)
          0     0.0000000000e+00 Pr: 255(205.55) 0.0s
        409     1.7933245380e+06 Pr: 0(0); Du: 0(3.41061e-13) 0.0s

Model name          : ship04l
Model status        : Optimal
Simplex   iterations: 409
Objective value     :  1.7933245380e+06
P-D objective error :  1.2983181449e-16
HiGHS run time      :          0.01
Running HiGHS 1.15.1 (git hash: n/a): Copyright (c) 2026 under MIT licence terms
Includes third-party software components, see THIRD_PARTY_NOTICES.md for full details
Command line parsed using CLI11 2.5.0: Copyright (c) 2017-2025 University of Cincinnati
Set option presolve to "off"
Set option solver to "simplex"
Set option parallel to "off"
Set option threads to 1
Set option run_crossover to "off"
LP ship04s has 402 rows; 1458 cols; 4352 nonzeros
Coefficient ranges:
  Matrix  [1e-02, 5e+00]
  Cost    [1e+01, 7e+03]
  Bound   [0e+00, 0e+00]
  RHS     [3e-02, 1e+02]
Solving LP without presolve or useful basis
Using dual simplex solver
  Iteration        Objective     Infeasibilities num(sum)
          0     0.0000000000e+00 Pr: 255(205.55) 0.0s
        408     1.7987147004e+06 Pr: 0(0) 0.0s

Model name          : ship04s
Model status        : Optimal
Simplex   iterations: 408
Objective value     :  1.7987147004e+06
P-D objective error :  0.0000000000e+00
HiGHS run time      :          0.01
Running HiGHS 1.15.1 (git hash: n/a): Copyright (c) 2026 under MIT licence terms
Includes third-party software components, see THIRD_PARTY_NOTICES.md for full details
Command line parsed using CLI11 2.5.0: Copyright (c) 2017-2025 University of Cincinnati
Set option presolve to "off"
Set option solver to "simplex"
Set option parallel to "off"
Set option threads to 1
Set option run_crossover to "off"
LP ship04s has 402 rows; 1458 cols; 4352 nonzeros
Coefficient ranges:
  Matrix  [1e-02, 5e+00]
  Cost    [1e+01, 7e+03]
  Bound   [0e+00, 0e+00]
  RHS     [3e-02, 1e+02]
Solving LP without presolve or useful basis
Using dual simplex solver
  Iteration        Objective     Infeasibilities num(sum)
          0     0.0000000000e+00 Pr: 255(205.55) 0.0s
        408     1.7987147004e+06 Pr: 0(0) 0.0s

Model name          : ship04s
Model status        : Optimal
Simplex   iterations: 408
Objective value     :  1.7987147004e+06
P-D objective error :  0.0000000000e+00
HiGHS run time      :          0.01
Running HiGHS 1.15.1 (git hash: n/a): Copyright (c) 2026 under MIT licence terms
Includes third-party software components, see THIRD_PARTY_NOTICES.md for full details
Command line parsed using CLI11 2.5.0: Copyright (c) 2017-2025 University of Cincinnati
Set option presolve to "off"
Set option solver to "simplex"
Set option parallel to "off"
Set option threads to 1
Set option run_crossover to "off"
LP ship08l has 778 rows; 4283 cols; 12802 nonzeros
Coefficient ranges:
  Matrix  [1e-02, 5e+00]
  Cost    [2e+01, 8e+03]
  Bound   [0e+00, 0e+00]
  RHS     [2e-02, 1e+02]
Solving LP without presolve or useful basis
Using dual simplex solver
  Iteration        Objective     Infeasibilities num(sum)
          0     0.0000000000e+00 Pr: 405(196.633) 0.0s
        719     1.9090552114e+06 Pr: 0(0) 0.0s

Model name          : ship08l
Model status        : Optimal
Simplex   iterations: 719
Objective value     :  1.9090552114e+06
P-D objective error :  3.0490289291e-16
HiGHS run time      :          0.01
Running HiGHS 1.15.1 (git hash: n/a): Copyright (c) 2026 under MIT licence terms
Includes third-party software components, see THIRD_PARTY_NOTICES.md for full details
Command line parsed using CLI11 2.5.0: Copyright (c) 2017-2025 University of Cincinnati
Set option presolve to "off"
Set option solver to "simplex"
Set option parallel to "off"
Set option threads to 1
Set option run_crossover to "off"
LP ship08l has 778 rows; 4283 cols; 12802 nonzeros
Coefficient ranges:
  Matrix  [1e-02, 5e+00]
  Cost    [2e+01, 8e+03]
  Bound   [0e+00, 0e+00]
  RHS     [2e-02, 1e+02]
Solving LP without presolve or useful basis
Using dual simplex solver
  Iteration        Objective     Infeasibilities num(sum)
          0     0.0000000000e+00 Pr: 405(196.633) 0.0s
        719     1.9090552114e+06 Pr: 0(0) 0.0s

Model name          : ship08l
Model status        : Optimal
Simplex   iterations: 719
Objective value     :  1.9090552114e+06
P-D objective error :  3.0490289291e-16
HiGHS run time      :          0.01
Running HiGHS 1.15.1 (git hash: n/a): Copyright (c) 2026 under MIT licence terms
Includes third-party software components, see THIRD_PARTY_NOTICES.md for full details
Command line parsed using CLI11 2.5.0: Copyright (c) 2017-2025 University of Cincinnati
Set option presolve to "off"
Set option solver to "simplex"
Set option parallel to "off"
Set option threads to 1
Set option run_crossover to "off"
LP ship08s has 778 rows; 2387 cols; 7114 nonzeros
Coefficient ranges:
  Matrix  [1e-02, 5e+00]
  Cost    [2e+01, 8e+03]
  Bound   [0e+00, 0e+00]
  RHS     [2e-02, 1e+02]
Solving LP without presolve or useful basis
Using dual simplex solver
  Iteration        Objective     Infeasibilities num(sum)
          0     0.0000000000e+00 Pr: 405(203.875) 0.0s
        698     1.9200982105e+06 Pr: 0(0) 0.0s

Model name          : ship08s
Model status        : Optimal
Simplex   iterations: 698
Objective value     :  1.9200982105e+06
P-D objective error :  2.4251945213e-16
HiGHS run time      :          0.01
Running HiGHS 1.15.1 (git hash: n/a): Copyright (c) 2026 under MIT licence terms
Includes third-party software components, see THIRD_PARTY_NOTICES.md for full details
Command line parsed using CLI11 2.5.0: Copyright (c) 2017-2025 University of Cincinnati
Set option presolve to "off"
Set option solver to "simplex"
Set option parallel to "off"
Set option threads to 1
Set option run_crossover to "off"
LP ship08s has 778 rows; 2387 cols; 7114 nonzeros
Coefficient ranges:
  Matrix  [1e-02, 5e+00]
  Cost    [2e+01, 8e+03]
  Bound   [0e+00, 0e+00]
  RHS     [2e-02, 1e+02]
Solving LP without presolve or useful basis
Using dual simplex solver
  Iteration        Objective     Infeasibilities num(sum)
          0     0.0000000000e+00 Pr: 405(203.875) 0.0s
        698     1.9200982105e+06 Pr: 0(0) 0.0s

Model name          : ship08s
Model status        : Optimal
Simplex   iterations: 698
Objective value     :  1.9200982105e+06
P-D objective error :  2.4251945213e-16
HiGHS run time      :          0.01
Running HiGHS 1.15.1 (git hash: n/a): Copyright (c) 2026 under MIT licence terms
Includes third-party software components, see THIRD_PARTY_NOTICES.md for full details
Command line parsed using CLI11 2.5.0: Copyright (c) 2017-2025 University of Cincinnati
Set option presolve to "off"
Set option solver to "simplex"
Set option parallel to "off"
Set option threads to 1
Set option run_crossover to "off"
LP ship12l has 1151 rows; 5427 cols; 16170 nonzeros
Coefficient ranges:
  Matrix  [6e-03, 2e+00]
  Cost    [7e+00, 6e+03]
  Bound   [0e+00, 0e+00]
  RHS     [9e-03, 3e+01]
Solving LP without presolve or useful basis
Using dual simplex solver
  Iteration        Objective     Infeasibilities num(sum)
          0     0.0000000000e+00 Pr: 648(341.788) 0.0s
       1215     1.4701879193e+06 Pr: 0(0) 0.0s

Model name          : ship12l
Model status        : Optimal
Simplex   iterations: 1215
Objective value     :  1.4701879193e+06
P-D objective error :  3.1673578787e-16
HiGHS run time      :          0.01
Running HiGHS 1.15.1 (git hash: n/a): Copyright (c) 2026 under MIT licence terms
Includes third-party software components, see THIRD_PARTY_NOTICES.md for full details
Command line parsed using CLI11 2.5.0: Copyright (c) 2017-2025 University of Cincinnati
Set option presolve to "off"
Set option solver to "simplex"
Set option parallel to "off"
Set option threads to 1
Set option run_crossover to "off"
LP ship12l has 1151 rows; 5427 cols; 16170 nonzeros
Coefficient ranges:
  Matrix  [6e-03, 2e+00]
  Cost    [7e+00, 6e+03]
  Bound   [0e+00, 0e+00]
  RHS     [9e-03, 3e+01]
Solving LP without presolve or useful basis
Using dual simplex solver
  Iteration        Objective     Infeasibilities num(sum)
          0     0.0000000000e+00 Pr: 648(341.788) 0.0s
       1215     1.4701879193e+06 Pr: 0(0) 0.0s

Model name          : ship12l
Model status        : Optimal
Simplex   iterations: 1215
Objective value     :  1.4701879193e+06
P-D objective error :  3.1673578787e-16
HiGHS run time      :          0.01
Running HiGHS 1.15.1 (git hash: n/a): Copyright (c) 2026 under MIT licence terms
Includes third-party software components, see THIRD_PARTY_NOTICES.md for full details
Command line parsed using CLI11 2.5.0: Copyright (c) 2017-2025 University of Cincinnati
Set option presolve to "off"
Set option solver to "simplex"
Set option parallel to "off"
Set option threads to 1
Set option run_crossover to "off"
LP ship12s has 1151 rows; 2763 cols; 8178 nonzeros
Coefficient ranges:
  Matrix  [6e-03, 2e+00]
  Cost    [7e+00, 6e+03]
  Bound   [0e+00, 0e+00]
  RHS     [9e-03, 3e+01]
Solving LP without presolve or useful basis
Using dual simplex solver
  Iteration        Objective     Infeasibilities num(sum)
          0     0.0000000000e+00 Pr: 648(324.479) 0.0s
       1147     1.4892361344e+06 Pr: 0(0) 0.0s

Model name          : ship12s
Model status        : Optimal
Simplex   iterations: 1147
Objective value     :  1.4892361344e+06
P-D objective error :  1.4852516139e-15
HiGHS run time      :          0.01
Running HiGHS 1.15.1 (git hash: n/a): Copyright (c) 2026 under MIT licence terms
Includes third-party software components, see THIRD_PARTY_NOTICES.md for full details
Command line parsed using CLI11 2.5.0: Copyright (c) 2017-2025 University of Cincinnati
Set option presolve to "off"
Set option solver to "simplex"
Set option parallel to "off"
Set option threads to 1
Set option run_crossover to "off"
LP ship12s has 1151 rows; 2763 cols; 8178 nonzeros
Coefficient ranges:
  Matrix  [6e-03, 2e+00]
  Cost    [7e+00, 6e+03]
  Bound   [0e+00, 0e+00]
  RHS     [9e-03, 3e+01]
Solving LP without presolve or useful basis
Using dual simplex solver
  Iteration        Objective     Infeasibilities num(sum)
          0     0.0000000000e+00 Pr: 648(324.479) 0.0s
       1147     1.4892361344e+06 Pr: 0(0) 0.0s

Model name          : ship12s
Model status        : Optimal
Simplex   iterations: 1147
Objective value     :  1.4892361344e+06
P-D objective error :  1.4852516139e-15
HiGHS run time      :          0.01
Running HiGHS 1.15.1 (git hash: n/a): Copyright (c) 2026 under MIT licence terms
Includes third-party software components, see THIRD_PARTY_NOTICES.md for full details
Command line parsed using CLI11 2.5.0: Copyright (c) 2017-2025 University of Cincinnati
Set option presolve to "off"
Set option solver to "simplex"
Set option parallel to "off"
Set option threads to 1
Set option run_crossover to "off"
LP sierra has 1227 rows; 2036 cols; 7302 nonzeros
Coefficient ranges:
  Matrix  [1e+00, 1e+05]
  Cost    [6e-02, 6e+04]
  Bound   [1e+00, 1e+05]
  RHS     [1e+00, 1e+04]
Solving LP without presolve or useful basis
Using dual simplex solver
  Iteration        Objective     Infeasibilities num(sum)
          0     0.0000000000e+00 Pr: 148(32595.4) 0.0s
        602     1.5394362184e+07 Pr: 0(0); Du: 0(1.0516e-12) 0.0s
        602     1.5394362184e+07 Pr: 0(0); Du: 0(1.0516e-12) 0.0s

Model name          : sierra
Model status        : Optimal
Simplex   iterations: 602
Objective value     :  1.5394362184e+07
P-D objective error :  2.4199055037e-16
HiGHS run time      :          0.01
Running HiGHS 1.15.1 (git hash: n/a): Copyright (c) 2026 under MIT licence terms
Includes third-party software components, see THIRD_PARTY_NOTICES.md for full details
Command line parsed using CLI11 2.5.0: Copyright (c) 2017-2025 University of Cincinnati
Set option presolve to "off"
Set option solver to "simplex"
Set option parallel to "off"
Set option threads to 1
Set option run_crossover to "off"
LP sierra has 1227 rows; 2036 cols; 7302 nonzeros
Coefficient ranges:
  Matrix  [1e+00, 1e+05]
  Cost    [6e-02, 6e+04]
  Bound   [1e+00, 1e+05]
  RHS     [1e+00, 1e+04]
Solving LP without presolve or useful basis
Using dual simplex solver
  Iteration        Objective     Infeasibilities num(sum)
          0     0.0000000000e+00 Pr: 148(32595.4) 0.0s
        602     1.5394362184e+07 Pr: 0(0); Du: 0(1.0516e-12) 0.0s
        602     1.5394362184e+07 Pr: 0(0); Du: 0(1.0516e-12) 0.0s

Model name          : sierra
Model status        : Optimal
Simplex   iterations: 602
Objective value     :  1.5394362184e+07
P-D objective error :  2.4199055037e-16
HiGHS run time      :          0.01
Running HiGHS 1.15.1 (git hash: n/a): Copyright (c) 2026 under MIT licence terms
Includes third-party software components, see THIRD_PARTY_NOTICES.md for full details
Command line parsed using CLI11 2.5.0: Copyright (c) 2017-2025 University of Cincinnati
Set option presolve to "off"
Set option solver to "simplex"
Set option parallel to "off"
Set option threads to 1
Set option run_crossover to "off"
LP stair has 356 rows; 467 cols; 3856 nonzeros
Coefficient ranges:
  Matrix  [1e-05, 1e+01]
  Cost    [1e+00, 1e+00]
  Bound   [1e-01, 3e+02]
  RHS     [3e-02, 9e+01]
Solving LP without presolve or useful basis
Using dual simplex solver
  Iteration        Objective     Infeasibilities num(sum)
          0    -5.1199799154e+02 Ph1: 36(27170.7); Du: 1(511.998) 0.0s
        529    -2.5126695119e+02 Pr: 0(0) 0.0s

Model name          : stair
Model status        : Optimal
Simplex   iterations: 529
Objective value     : -2.5126695119e+02
P-D objective error :  4.5155584235e-16
HiGHS run time      :          0.01
Running HiGHS 1.15.1 (git hash: n/a): Copyright (c) 2026 under MIT licence terms
Includes third-party software components, see THIRD_PARTY_NOTICES.md for full details
Command line parsed using CLI11 2.5.0: Copyright (c) 2017-2025 University of Cincinnati
Set option presolve to "off"
Set option solver to "simplex"
Set option parallel to "off"
Set option threads to 1
Set option run_crossover to "off"
LP stair has 356 rows; 467 cols; 3856 nonzeros
Coefficient ranges:
  Matrix  [1e-05, 1e+01]
  Cost    [1e+00, 1e+00]
  Bound   [1e-01, 3e+02]
  RHS     [3e-02, 9e+01]
Solving LP without presolve or useful basis
Using dual simplex solver
  Iteration        Objective     Infeasibilities num(sum)
          0    -5.1199799154e+02 Ph1: 36(27170.7); Du: 1(511.998) 0.0s
        529    -2.5126695119e+02 Pr: 0(0) 0.0s

Model name          : stair
Model status        : Optimal
Simplex   iterations: 529
Objective value     : -2.5126695119e+02
P-D objective error :  4.5155584235e-16
HiGHS run time      :          0.01
Running HiGHS 1.15.1 (git hash: n/a): Copyright (c) 2026 under MIT licence terms
Includes third-party software components, see THIRD_PARTY_NOTICES.md for full details
Command line parsed using CLI11 2.5.0: Copyright (c) 2017-2025 University of Cincinnati
Set option presolve to "off"
Set option solver to "simplex"
Set option parallel to "off"
Set option threads to 1
Set option run_crossover to "off"
LP standata has 359 rows; 1075 cols; 3031 nonzeros
Coefficient ranges:
  Matrix  [1e+00, 3e+02]
  Cost    [1e+00, 1e+02]
  Bound   [1e+00, 2e+02]
  RHS     [1e+00, 2e+03]
Solving LP without presolve or useful basis
Using dual simplex solver
  Iteration        Objective     Infeasibilities num(sum)
          0    -6.9905979277e-11 Pr: 12(371.51) 0.0s
         72     1.2576995000e+03 Pr: 0(0) 0.0s

Model name          : standata
Model status        : Optimal
Simplex   iterations: 72
Objective value     :  1.2576995000e+03
P-D objective error :  0.0000000000e+00
HiGHS run time      :          0.00
Running HiGHS 1.15.1 (git hash: n/a): Copyright (c) 2026 under MIT licence terms
Includes third-party software components, see THIRD_PARTY_NOTICES.md for full details
Command line parsed using CLI11 2.5.0: Copyright (c) 2017-2025 University of Cincinnati
Set option presolve to "off"
Set option solver to "simplex"
Set option parallel to "off"
Set option threads to 1
Set option run_crossover to "off"
LP standata has 359 rows; 1075 cols; 3031 nonzeros
Coefficient ranges:
  Matrix  [1e+00, 3e+02]
  Cost    [1e+00, 1e+02]
  Bound   [1e+00, 2e+02]
  RHS     [1e+00, 2e+03]
Solving LP without presolve or useful basis
Using dual simplex solver
  Iteration        Objective     Infeasibilities num(sum)
          0    -6.9905979277e-11 Pr: 12(371.51) 0.0s
         72     1.2576995000e+03 Pr: 0(0) 0.0s

Model name          : standata
Model status        : Optimal
Simplex   iterations: 72
Objective value     :  1.2576995000e+03
P-D objective error :  0.0000000000e+00
HiGHS run time      :          0.00
Running HiGHS 1.15.1 (git hash: n/a): Copyright (c) 2026 under MIT licence terms
Includes third-party software components, see THIRD_PARTY_NOTICES.md for full details
Command line parsed using CLI11 2.5.0: Copyright (c) 2017-2025 University of Cincinnati
Set option presolve to "off"
Set option solver to "simplex"
Set option parallel to "off"
Set option threads to 1
Set option run_crossover to "off"
LP standmps has 467 rows; 1075 cols; 3679 nonzeros
Coefficient ranges:
  Matrix  [1e+00, 3e+02]
  Cost    [1e+00, 1e+02]
  Bound   [1e+00, 2e+02]
  RHS     [2e-01, 2e+03]
Solving LP without presolve or useful basis
Using dual simplex solver
  Iteration        Objective     Infeasibilities num(sum)
          0    -2.0590256876e-11 Pr: 120(608.15) 0.0s
        218     1.4060175000e+03 Pr: 0(0) 0.0s

Model name          : standmps
Model status        : Optimal
Simplex   iterations: 218
Objective value     :  1.4060175000e+03
P-D objective error :  3.2331439238e-16
HiGHS run time      :          0.00
Running HiGHS 1.15.1 (git hash: n/a): Copyright (c) 2026 under MIT licence terms
Includes third-party software components, see THIRD_PARTY_NOTICES.md for full details
Command line parsed using CLI11 2.5.0: Copyright (c) 2017-2025 University of Cincinnati
Set option presolve to "off"
Set option solver to "simplex"
Set option parallel to "off"
Set option threads to 1
Set option run_crossover to "off"
LP standmps has 467 rows; 1075 cols; 3679 nonzeros
Coefficient ranges:
  Matrix  [1e+00, 3e+02]
  Cost    [1e+00, 1e+02]
  Bound   [1e+00, 2e+02]
  RHS     [2e-01, 2e+03]
Solving LP without presolve or useful basis
Using dual simplex solver
  Iteration        Objective     Infeasibilities num(sum)
          0    -2.0590256876e-11 Pr: 120(608.15) 0.0s
        218     1.4060175000e+03 Pr: 0(0) 0.0s

Model name          : standmps
Model status        : Optimal
Simplex   iterations: 218
Objective value     :  1.4060175000e+03
P-D objective error :  3.2331439238e-16
HiGHS run time      :          0.00
Running HiGHS 1.15.1 (git hash: n/a): Copyright (c) 2026 under MIT licence terms
Includes third-party software components, see THIRD_PARTY_NOTICES.md for full details
Command line parsed using CLI11 2.5.0: Copyright (c) 2017-2025 University of Cincinnati
Set option presolve to "off"
Set option solver to "simplex"
Set option parallel to "off"
Set option threads to 1
Set option run_crossover to "off"
LP stocfor1 has 117 rows; 111 cols; 447 nonzeros
Coefficient ranges:
  Matrix  [6e-02, 3e+02]
  Cost    [5e-01, 3e+02]
  Bound   [0e+00, 0e+00]
  RHS     [1e-01, 6e+01]
Solving LP without presolve or useful basis
Using dual simplex solver
  Iteration        Objective     Infeasibilities num(sum)
          0    -9.3819962552e+02 Ph1: 25(23.5); Du: 15(938.2) 0.0s
        153    -4.1131976219e+04 Pr: 0(0) 0.0s

Model name          : stocfor1
Model status        : Optimal
Simplex   iterations: 153
Objective value     : -4.1131976219e+04
P-D objective error :  0.0000000000e+00
HiGHS run time      :          0.00
Running HiGHS 1.15.1 (git hash: n/a): Copyright (c) 2026 under MIT licence terms
Includes third-party software components, see THIRD_PARTY_NOTICES.md for full details
Command line parsed using CLI11 2.5.0: Copyright (c) 2017-2025 University of Cincinnati
Set option presolve to "off"
Set option solver to "simplex"
Set option parallel to "off"
Set option threads to 1
Set option run_crossover to "off"
LP stocfor1 has 117 rows; 111 cols; 447 nonzeros
Coefficient ranges:
  Matrix  [6e-02, 3e+02]
  Cost    [5e-01, 3e+02]
  Bound   [0e+00, 0e+00]
  RHS     [1e-01, 6e+01]
Solving LP without presolve or useful basis
Using dual simplex solver
  Iteration        Objective     Infeasibilities num(sum)
          0    -9.3819962552e+02 Ph1: 25(23.5); Du: 15(938.2) 0.0s
        153    -4.1131976219e+04 Pr: 0(0) 0.0s

Model name          : stocfor1
Model status        : Optimal
Simplex   iterations: 153
Objective value     : -4.1131976219e+04
P-D objective error :  0.0000000000e+00
HiGHS run time      :          0.01
Running HiGHS 1.15.1 (git hash: n/a): Copyright (c) 2026 under MIT licence terms
Includes third-party software components, see THIRD_PARTY_NOTICES.md for full details
Command line parsed using CLI11 2.5.0: Copyright (c) 2017-2025 University of Cincinnati
Set option presolve to "off"
Set option solver to "simplex"
Set option parallel to "off"
Set option threads to 1
Set option run_crossover to "off"
LP stocfor2 has 2157 rows; 2031 cols; 8343 nonzeros
Coefficient ranges:
  Matrix  [2e-01, 3e+02]
  Cost    [5e-04, 3e+01]
  Bound   [0e+00, 0e+00]
  RHS     [1e-01, 6e+01]
Solving LP without presolve or useful basis
Using dual simplex solver
  Iteration        Objective     Infeasibilities num(sum)
          0    -4.7993358028e+02 Ph1: 922(1352.5); Du: 639(479.934) 0.0s
       2556    -3.9024408538e+04 Pr: 0(0) 0.1s

Model name          : stocfor2
Model status        : Optimal
Simplex   iterations: 2556
Objective value     : -3.9024408538e+04
P-D objective error :  9.3221968824e-16
HiGHS run time      :          0.05
Running HiGHS 1.15.1 (git hash: n/a): Copyright (c) 2026 under MIT licence terms
Includes third-party software components, see THIRD_PARTY_NOTICES.md for full details
Command line parsed using CLI11 2.5.0: Copyright (c) 2017-2025 University of Cincinnati
Set option presolve to "off"
Set option solver to "simplex"
Set option parallel to "off"
Set option threads to 1
Set option run_crossover to "off"
LP stocfor2 has 2157 rows; 2031 cols; 8343 nonzeros
Coefficient ranges:
  Matrix  [2e-01, 3e+02]
  Cost    [5e-04, 3e+01]
  Bound   [0e+00, 0e+00]
  RHS     [1e-01, 6e+01]
Solving LP without presolve or useful basis
Using dual simplex solver
  Iteration        Objective     Infeasibilities num(sum)
          0    -4.7993358028e+02 Ph1: 922(1352.5); Du: 639(479.934) 0.0s
       2556    -3.9024408538e+04 Pr: 0(0) 0.1s

Model name          : stocfor2
Model status        : Optimal
Simplex   iterations: 2556
Objective value     : -3.9024408538e+04
P-D objective error :  9.3221968824e-16
HiGHS run time      :          0.05
Running HiGHS 1.15.1 (git hash: n/a): Copyright (c) 2026 under MIT licence terms
Includes third-party software components, see THIRD_PARTY_NOTICES.md for full details
Command line parsed using CLI11 2.5.0: Copyright (c) 2017-2025 University of Cincinnati
Set option presolve to "off"
Set option solver to "simplex"
Set option parallel to "off"
Set option threads to 1
Set option run_crossover to "off"
LP stocfor3 has 16675 rows; 15695 cols; 64875 nonzeros
Coefficient ranges:
  Matrix  [6e-02, 3e+02]
  Cost    [4e-07, 3e+01]
  Bound   [0e+00, 0e+00]
  RHS     [1e-01, 6e+01]
WARNING: Problem has some excessively small costs
Solving LP without presolve or useful basis
Using dual simplex solver
  Iteration        Objective     Infeasibilities num(sum)
          0    -2.4228335602e+03 Ph1: 7218(16266.5); Du: 5077(2422.83) 0.0s
      18710    -3.9976783944e+04 Pr: 0(0) 0.9s

Model name          : stocfor3
Model status        : Optimal
Simplex   iterations: 18710
Objective value     : -3.9976783944e+04
P-D objective error :  1.7290218473e-15
HiGHS run time      :          0.93
Running HiGHS 1.15.1 (git hash: n/a): Copyright (c) 2026 under MIT licence terms
Includes third-party software components, see THIRD_PARTY_NOTICES.md for full details
Command line parsed using CLI11 2.5.0: Copyright (c) 2017-2025 University of Cincinnati
Set option presolve to "off"
Set option solver to "simplex"
Set option parallel to "off"
Set option threads to 1
Set option run_crossover to "off"
LP stocfor3 has 16675 rows; 15695 cols; 64875 nonzeros
Coefficient ranges:
  Matrix  [6e-02, 3e+02]
  Cost    [4e-07, 3e+01]
  Bound   [0e+00, 0e+00]
  RHS     [1e-01, 6e+01]
WARNING: Problem has some excessively small costs
Solving LP without presolve or useful basis
Using dual simplex solver
  Iteration        Objective     Infeasibilities num(sum)
          0    -2.4228335602e+03 Ph1: 7218(16266.5); Du: 5077(2422.83) 0.0s
      18710    -3.9976783944e+04 Pr: 0(0) 0.9s

Model name          : stocfor3
Model status        : Optimal
Simplex   iterations: 18710
Objective value     : -3.9976783944e+04
P-D objective error :  1.7290218473e-15
HiGHS run time      :          0.92
Running HiGHS 1.15.1 (git hash: n/a): Copyright (c) 2026 under MIT licence terms
Includes third-party software components, see THIRD_PARTY_NOTICES.md for full details
Command line parsed using CLI11 2.5.0: Copyright (c) 2017-2025 University of Cincinnati
Set option presolve to "off"
Set option solver to "simplex"
Set option parallel to "off"
Set option threads to 1
Set option run_crossover to "off"
LP truss has 1000 rows; 8806 cols; 27836 nonzeros
Coefficient ranges:
  Matrix  [4e-01, 1e+00]
  Cost    [1e+01, 2e+01]
  Bound   [0e+00, 0e+00]
  RHS     [1e+00, 2e+01]
Solving LP without presolve or useful basis
Using dual simplex solver
  Iteration        Objective     Infeasibilities num(sum)
          0     0.0000000000e+00 Pr: 88(658.4) 0.0s
      19206     4.5881584719e+05 Pr: 0(0); Du: 0(3.27802e-10) 1.2s

Model name          : truss
Model status        : Optimal
Simplex   iterations: 19206
Objective value     :  4.5881584719e+05
P-D objective error :  6.9775660128e-16
HiGHS run time      :          1.19
Running HiGHS 1.15.1 (git hash: n/a): Copyright (c) 2026 under MIT licence terms
Includes third-party software components, see THIRD_PARTY_NOTICES.md for full details
Command line parsed using CLI11 2.5.0: Copyright (c) 2017-2025 University of Cincinnati
Set option presolve to "off"
Set option solver to "simplex"
Set option parallel to "off"
Set option threads to 1
Set option run_crossover to "off"
LP truss has 1000 rows; 8806 cols; 27836 nonzeros
Coefficient ranges:
  Matrix  [4e-01, 1e+00]
  Cost    [1e+01, 2e+01]
  Bound   [0e+00, 0e+00]
  RHS     [1e+00, 2e+01]
Solving LP without presolve or useful basis
Using dual simplex solver
  Iteration        Objective     Infeasibilities num(sum)
          0     0.0000000000e+00 Pr: 88(658.4) 0.0s
      19206     4.5881584719e+05 Pr: 0(0); Du: 0(3.27802e-10) 1.2s

Model name          : truss
Model status        : Optimal
Simplex   iterations: 19206
Objective value     :  4.5881584719e+05
P-D objective error :  6.9775660128e-16
HiGHS run time      :          1.19
Running HiGHS 1.15.1 (git hash: n/a): Copyright (c) 2026 under MIT licence terms
Includes third-party software components, see THIRD_PARTY_NOTICES.md for full details
Command line parsed using CLI11 2.5.0: Copyright (c) 2017-2025 University of Cincinnati
Set option presolve to "off"
Set option solver to "simplex"
Set option parallel to "off"
Set option threads to 1
Set option run_crossover to "off"
LP tuff has 333 rows; 587 cols; 4520 nonzeros
Coefficient ranges:
  Matrix  [1e-05, 1e+04]
  Cost    [5e-03, 5e-03]
  Bound   [1e+00, 1e+03]
  RHS     [0e+00, 0e+00]
Solving LP without presolve or useful basis
Using dual simplex solver
  Iteration        Objective     Infeasibilities num(sum)
          0     1.8425208857e-07 Pr: 3(10.2766); Du: 0(2.02382e-13) 0.0s
        274     2.9214776509e-01 Pr: 0(0) 0.0s

Model name          : tuff
Model status        : Optimal
Simplex   iterations: 274
Objective value     :  2.9214776509e-01
P-D objective error :  3.0133008109e-15
HiGHS run time      :          0.01
Running HiGHS 1.15.1 (git hash: n/a): Copyright (c) 2026 under MIT licence terms
Includes third-party software components, see THIRD_PARTY_NOTICES.md for full details
Command line parsed using CLI11 2.5.0: Copyright (c) 2017-2025 University of Cincinnati
Set option presolve to "off"
Set option solver to "simplex"
Set option parallel to "off"
Set option threads to 1
Set option run_crossover to "off"
LP tuff has 333 rows; 587 cols; 4520 nonzeros
Coefficient ranges:
  Matrix  [1e-05, 1e+04]
  Cost    [5e-03, 5e-03]
  Bound   [1e+00, 1e+03]
  RHS     [0e+00, 0e+00]
Solving LP without presolve or useful basis
Using dual simplex solver
  Iteration        Objective     Infeasibilities num(sum)
          0     1.8425208857e-07 Pr: 3(10.2766); Du: 0(2.02382e-13) 0.0s
        274     2.9214776509e-01 Pr: 0(0) 0.0s

Model name          : tuff
Model status        : Optimal
Simplex   iterations: 274
Objective value     :  2.9214776509e-01
P-D objective error :  3.0133008109e-15
HiGHS run time      :          0.01
Running HiGHS 1.15.1 (git hash: n/a): Copyright (c) 2026 under MIT licence terms
Includes third-party software components, see THIRD_PARTY_NOTICES.md for full details
Command line parsed using CLI11 2.5.0: Copyright (c) 2017-2025 University of Cincinnati
Set option presolve to "off"
Set option solver to "simplex"
Set option parallel to "off"
Set option threads to 1
Set option run_crossover to "off"
LP vtp-base has 198 rows; 203 cols; 908 nonzeros
Coefficient ranges:
  Matrix  [1e-01, 4e+03]
  Cost    [1e+00, 1e+00]
  Bound   [1e+00, 1e+03]
  RHS     [1e+00, 4e+03]
Solving LP without presolve or useful basis
Using dual simplex solver
  Iteration        Objective     Infeasibilities num(sum)
          0    -2.0000000000e+03 Ph1: 1(1000); Du: 1(2) 0.0s
        154     1.2983146246e+05 Pr: 0(0) 0.0s

Model name          : vtp-base
Model status        : Optimal
Simplex   iterations: 154
Objective value     :  1.2983146246e+05
P-D objective error :  2.8020671783e-16
HiGHS run time      :          0.00
Running HiGHS 1.15.1 (git hash: n/a): Copyright (c) 2026 under MIT licence terms
Includes third-party software components, see THIRD_PARTY_NOTICES.md for full details
Command line parsed using CLI11 2.5.0: Copyright (c) 2017-2025 University of Cincinnati
Set option presolve to "off"
Set option solver to "simplex"
Set option parallel to "off"
Set option threads to 1
Set option run_crossover to "off"
LP vtp-base has 198 rows; 203 cols; 908 nonzeros
Coefficient ranges:
  Matrix  [1e-01, 4e+03]
  Cost    [1e+00, 1e+00]
  Bound   [1e+00, 1e+03]
  RHS     [1e+00, 4e+03]
Solving LP without presolve or useful basis
Using dual simplex solver
  Iteration        Objective     Infeasibilities num(sum)
          0    -2.0000000000e+03 Ph1: 1(1000); Du: 1(2) 0.0s
        154     1.2983146246e+05 Pr: 0(0) 0.0s

Model name          : vtp-base
Model status        : Optimal
Simplex   iterations: 154
Objective value     :  1.2983146246e+05
P-D objective error :  2.8020671783e-16
HiGHS run time      :          0.00
Running HiGHS 1.15.1 (git hash: n/a): Copyright (c) 2026 under MIT licence terms
Includes third-party software components, see THIRD_PARTY_NOTICES.md for full details
Command line parsed using CLI11 2.5.0: Copyright (c) 2017-2025 University of Cincinnati
Set option presolve to "off"
Set option solver to "simplex"
Set option parallel to "off"
Set option threads to 1
Set option run_crossover to "off"
LP wood1p has 244 rows; 2594 cols; 70215 nonzeros
Coefficient ranges:
  Matrix  [3e-05, 1e+03]
  Cost    [1e+00, 1e+00]
  Bound   [0e+00, 0e+00]
  RHS     [8e-01, 1e+00]
Solving LP without presolve or useful basis
Using dual simplex solver
  Iteration        Objective     Infeasibilities num(sum)
          0     0.0000000000e+00 Pr: 2(0.975) 0.0s
        248     1.4429024116e+00 Pr: 0(0); Du: 0(1.64846e-12) 0.0s

Model name          : wood1p
Model status        : Optimal
Simplex   iterations: 248
Objective value     :  1.4429024116e+00
P-D objective error :  1.4857050189e-15
HiGHS run time      :          0.02
Running HiGHS 1.15.1 (git hash: n/a): Copyright (c) 2026 under MIT licence terms
Includes third-party software components, see THIRD_PARTY_NOTICES.md for full details
Command line parsed using CLI11 2.5.0: Copyright (c) 2017-2025 University of Cincinnati
Set option presolve to "off"
Set option solver to "simplex"
Set option parallel to "off"
Set option threads to 1
Set option run_crossover to "off"
LP wood1p has 244 rows; 2594 cols; 70215 nonzeros
Coefficient ranges:
  Matrix  [3e-05, 1e+03]
  Cost    [1e+00, 1e+00]
  Bound   [0e+00, 0e+00]
  RHS     [8e-01, 1e+00]
Solving LP without presolve or useful basis
Using dual simplex solver
  Iteration        Objective     Infeasibilities num(sum)
          0     0.0000000000e+00 Pr: 2(0.975) 0.0s
        248     1.4429024116e+00 Pr: 0(0); Du: 0(1.64846e-12) 0.0s

Model name          : wood1p
Model status        : Optimal
Simplex   iterations: 248
Objective value     :  1.4429024116e+00
P-D objective error :  1.4857050189e-15
HiGHS run time      :          0.02
Running HiGHS 1.15.1 (git hash: n/a): Copyright (c) 2026 under MIT licence terms
Includes third-party software components, see THIRD_PARTY_NOTICES.md for full details
Command line parsed using CLI11 2.5.0: Copyright (c) 2017-2025 University of Cincinnati
Set option presolve to "off"
Set option solver to "simplex"
Set option parallel to "off"
Set option threads to 1
Set option run_crossover to "off"
LP woodw has 1098 rows; 8405 cols; 37474 nonzeros
Coefficient ranges:
  Matrix  [1e-02, 1e+03]
  Cost    [1e+00, 1e+00]
  Bound   [0e+00, 0e+00]
  RHS     [1e-02, 8e-01]
Solving LP without presolve or useful basis
Using dual simplex solver
  Iteration        Objective     Infeasibilities num(sum)
          0     0.0000000000e+00 Pr: 25(11.645) 0.0s
       1300     1.3044763331e+00 Pr: 0(0) 0.1s

Model name          : woodw
Model status        : Optimal
Simplex   iterations: 1300
Objective value     :  1.3044763331e+00
P-D objective error :  6.1526050759e-17
HiGHS run time      :          0.05
Running HiGHS 1.15.1 (git hash: n/a): Copyright (c) 2026 under MIT licence terms
Includes third-party software components, see THIRD_PARTY_NOTICES.md for full details
Command line parsed using CLI11 2.5.0: Copyright (c) 2017-2025 University of Cincinnati
Set option presolve to "off"
Set option solver to "simplex"
Set option parallel to "off"
Set option threads to 1
Set option run_crossover to "off"
LP woodw has 1098 rows; 8405 cols; 37474 nonzeros
Coefficient ranges:
  Matrix  [1e-02, 1e+03]
  Cost    [1e+00, 1e+00]
  Bound   [0e+00, 0e+00]
  RHS     [1e-02, 8e-01]
Solving LP without presolve or useful basis
Using dual simplex solver
  Iteration        Objective     Infeasibilities num(sum)
          0     0.0000000000e+00 Pr: 25(11.645) 0.0s
       1300     1.3044763331e+00 Pr: 0(0) 0.1s

Model name          : woodw
Model status        : Optimal
Simplex   iterations: 1300
Objective value     :  1.3044763331e+00
P-D objective error :  6.1526050759e-17
HiGHS run time      :          0.05
Running HiGHS 1.15.1 (git hash: n/a): Copyright (c) 2026 under MIT licence terms
Includes third-party software components, see THIRD_PARTY_NOTICES.md for full details
Command line parsed using CLI11 2.5.0: Copyright (c) 2017-2025 University of Cincinnati
Set option presolve to "off"
Set option solver to "simplex"
Set option parallel to "off"
Set option threads to 1
Set option run_crossover to "off"
LP e226 has 223 rows; 282 cols; 2578 nonzeros
Coefficient ranges:
  Matrix  [3e-04, 1e+03]
  Cost    [5e-04, 3e+01]
  Bound   [0e+00, 0e+00]
  RHS     [9e-03, 6e+01]
Solving LP without presolve or useful basis
Using dual simplex solver
  Iteration        Objective     Infeasibilities num(sum)
          0    -2.2530121601e+02 Ph1: 108(362.034); Du: 60(225.301) 0.0s
        328    -1.1638929066e+01 Pr: 0(0) 0.0s

Model name          : e226
Model status        : Optimal
Simplex   iterations: 328
Objective value     : -1.1638929066e+01
P-D objective error :  1.4414051497e-14
HiGHS run time      :          0.01
Running HiGHS 1.15.1 (git hash: n/a): Copyright (c) 2026 under MIT licence terms
Includes third-party software components, see THIRD_PARTY_NOTICES.md for full details
Command line parsed using CLI11 2.5.0: Copyright (c) 2017-2025 University of Cincinnati
Set option presolve to "off"
Set option solver to "simplex"
Set option parallel to "off"
Set option threads to 1
Set option run_crossover to "off"
LP e226 has 223 rows; 282 cols; 2578 nonzeros
Coefficient ranges:
  Matrix  [3e-04, 1e+03]
  Cost    [5e-04, 3e+01]
  Bound   [0e+00, 0e+00]
  RHS     [9e-03, 6e+01]
Solving LP without presolve or useful basis
Using dual simplex solver
  Iteration        Objective     Infeasibilities num(sum)
          0    -2.2530121601e+02 Ph1: 108(362.034); Du: 60(225.301) 0.0s
        328    -1.1638929066e+01 Pr: 0(0) 0.0s

Model name          : e226
Model status        : Optimal
Simplex   iterations: 328
Objective value     : -1.1638929066e+01
P-D objective error :  1.4414051497e-14
HiGHS run time      :          0.01
Running HiGHS 1.15.1 (git hash: n/a): Copyright (c) 2026 under MIT licence terms
Includes third-party software components, see THIRD_PARTY_NOTICES.md for full details
Command line parsed using CLI11 2.5.0: Copyright (c) 2017-2025 University of Cincinnati
Set option presolve to "off"
Set option solver to "simplex"
Set option parallel to "off"
Set option threads to 1
Set option run_crossover to "off"
LP 25fv47 has 821 rows; 1571 cols; 10400 nonzeros
Coefficient ranges:
  Matrix  [2e-04, 2e+02]
  Cost    [1e-03, 1e+02]
  Bound   [0e+00, 0e+00]
  RHS     [2e-01, 2e+03]
Solving LP without presolve or useful basis
Using dual simplex solver
  Iteration        Objective     Infeasibilities num(sum)
          0    -8.6641744311e+01 Ph1: 79(245.084); Du: 41(86.6417) 0.0s
       3149     5.5018458883e+03 Pr: 0(0); Du: 0(3.10862e-14) 0.1s

Model name          : 25fv47
Model status        : Optimal
Simplex   iterations: 3149
Objective value     :  5.5018458883e+03
P-D objective error :  1.2396912884e-15
HiGHS run time      :          0.09
Running HiGHS 1.15.1 (git hash: n/a): Copyright (c) 2026 under MIT licence terms
Includes third-party software components, see THIRD_PARTY_NOTICES.md for full details
Command line parsed using CLI11 2.5.0: Copyright (c) 2017-2025 University of Cincinnati
Set option presolve to "off"
Set option solver to "simplex"
Set option parallel to "off"
Set option threads to 1
Set option run_crossover to "off"
LP 25fv47 has 821 rows; 1571 cols; 10400 nonzeros
Coefficient ranges:
  Matrix  [2e-04, 2e+02]
  Cost    [1e-03, 1e+02]
  Bound   [0e+00, 0e+00]
  RHS     [2e-01, 2e+03]
Solving LP without presolve or useful basis
Using dual simplex solver
  Iteration        Objective     Infeasibilities num(sum)
          0    -8.6641744311e+01 Ph1: 79(245.084); Du: 41(86.6417) 0.0s
       3149     5.5018458883e+03 Pr: 0(0); Du: 0(3.10862e-14) 0.1s

Model name          : 25fv47
Model status        : Optimal
Simplex   iterations: 3149
Objective value     :  5.5018458883e+03
P-D objective error :  1.2396912884e-15
HiGHS run time      :          0.09
Running HiGHS 1.15.1 (git hash: n/a): Copyright (c) 2026 under MIT licence terms
Includes third-party software components, see THIRD_PARTY_NOTICES.md for full details
Command line parsed using CLI11 2.5.0: Copyright (c) 2017-2025 University of Cincinnati
Set option presolve to "off"
Set option solver to "simplex"
Set option parallel to "off"
Set option threads to 1
Set option run_crossover to "off"
LP 80bau3b has 2262 rows; 9799 cols; 21002 nonzeros
Coefficient ranges:
  Matrix  [2e-04, 1e+02]
  Cost    [1e-03, 3e+03]
  Bound   [7e-05, 1e+06]
  RHS     [1e-03, 5e+03]
WARNING: Problem has some excessively small column bounds
Solving LP without presolve or useful basis
Using dual simplex solver
  Iteration        Objective     Infeasibilities num(sum)
          0    -3.4167145836e+02 Ph1: 101(295.75); Du: 208(341.671) 0.0s
       3686     9.8722419241e+05 Pr: 0(0); Du: 0(1.58429e-13) 0.1s

Model name          : 80bau3b
Model status        : Optimal
Simplex   iterations: 3686
Objective value     :  9.8722419241e+05
P-D objective error :  1.7688271382e-16
HiGHS run time      :          0.06
Running HiGHS 1.15.1 (git hash: n/a): Copyright (c) 2026 under MIT licence terms
Includes third-party software components, see THIRD_PARTY_NOTICES.md for full details
Command line parsed using CLI11 2.5.0: Copyright (c) 2017-2025 University of Cincinnati
Set option presolve to "off"
Set option solver to "simplex"
Set option parallel to "off"
Set option threads to 1
Set option run_crossover to "off"
LP 80bau3b has 2262 rows; 9799 cols; 21002 nonzeros
Coefficient ranges:
  Matrix  [2e-04, 1e+02]
  Cost    [1e-03, 3e+03]
  Bound   [7e-05, 1e+06]
  RHS     [1e-03, 5e+03]
WARNING: Problem has some excessively small column bounds
Solving LP without presolve or useful basis
Using dual simplex solver
  Iteration        Objective     Infeasibilities num(sum)
          0    -3.4167145836e+02 Ph1: 101(295.75); Du: 208(341.671) 0.0s
       3686     9.8722419241e+05 Pr: 0(0); Du: 0(1.58429e-13) 0.1s

Model name          : 80bau3b
Model status        : Optimal
Simplex   iterations: 3686
Objective value     :  9.8722419241e+05
P-D objective error :  1.7688271382e-16
HiGHS run time      :          0.06
Running HiGHS 1.15.1 (git hash: n/a): Copyright (c) 2026 under MIT licence terms
Includes third-party software components, see THIRD_PARTY_NOTICES.md for full details
Command line parsed using CLI11 2.5.0: Copyright (c) 2017-2025 University of Cincinnati
Set option presolve to "off"
Set option solver to "simplex"
Set option parallel to "off"
Set option threads to 1
Set option run_crossover to "off"
LP adlittle has 56 rows; 97 cols; 383 nonzeros
Coefficient ranges:
  Matrix  [1e-03, 6e+01]
  Cost    [2e+00, 3e+03]
  Bound   [0e+00, 0e+00]
  RHS     [2e+00, 2e+03]
Solving LP without presolve or useful basis
Using dual simplex solver
  Iteration        Objective     Infeasibilities num(sum)
          0    -1.1853896266e+05 Ph1: 24(113.233); Du: 22(118539) 0.0s
         74     2.2549496316e+05 Pr: 0(0); Du: 0(1.27329e-11) 0.0s

Model name          : adlittle
Model status        : Optimal
Simplex   iterations: 74
Objective value     :  2.2549496316e+05
P-D objective error :  3.2266536595e-16
HiGHS run time      :          0.00
Running HiGHS 1.15.1 (git hash: n/a): Copyright (c) 2026 under MIT licence terms
Includes third-party software components, see THIRD_PARTY_NOTICES.md for full details
Command line parsed using CLI11 2.5.0: Copyright (c) 2017-2025 University of Cincinnati
Set option presolve to "off"
Set option solver to "simplex"
Set option parallel to "off"
Set option threads to 1
Set option run_crossover to "off"
LP adlittle has 56 rows; 97 cols; 383 nonzeros
Coefficient ranges:
  Matrix  [1e-03, 6e+01]
  Cost    [2e+00, 3e+03]
  Bound   [0e+00, 0e+00]
  RHS     [2e+00, 2e+03]
Solving LP without presolve or useful basis
Using dual simplex solver
  Iteration        Objective     Infeasibilities num(sum)
          0    -1.1853896266e+05 Ph1: 24(113.233); Du: 22(118539) 0.0s
         74     2.2549496316e+05 Pr: 0(0); Du: 0(1.27329e-11) 0.0s

Model name          : adlittle
Model status        : Optimal
Simplex   iterations: 74
Objective value     :  2.2549496316e+05
P-D objective error :  3.2266536595e-16
HiGHS run time      :          0.00
Running HiGHS 1.15.1 (git hash: n/a): Copyright (c) 2026 under MIT licence terms
Includes third-party software components, see THIRD_PARTY_NOTICES.md for full details
Command line parsed using CLI11 2.5.0: Copyright (c) 2017-2025 University of Cincinnati
Set option presolve to "off"
Set option solver to "simplex"
Set option parallel to "off"
Set option threads to 1
Set option run_crossover to "off"
LP afiro has 27 rows; 32 cols; 83 nonzeros
Coefficient ranges:
  Matrix  [1e-01, 2e+00]
  Cost    [3e-01, 1e+01]
  Bound   [0e+00, 0e+00]
  RHS     [4e+01, 5e+02]
Solving LP without presolve or useful basis
Using dual simplex solver
  Iteration        Objective     Infeasibilities num(sum)
          0    -2.8799096294e+00 Ph1: 6(4.8); Du: 4(2.87991) 0.0s
         22    -4.6475314286e+02 Pr: 0(0) 0.0s

Model name          : afiro
Model status        : Optimal
Simplex   iterations: 22
Objective value     : -4.6475314286e+02
P-D objective error :  0.0000000000e+00
HiGHS run time      :          0.00
Running HiGHS 1.15.1 (git hash: n/a): Copyright (c) 2026 under MIT licence terms
Includes third-party software components, see THIRD_PARTY_NOTICES.md for full details
Command line parsed using CLI11 2.5.0: Copyright (c) 2017-2025 University of Cincinnati
Set option presolve to "off"
Set option solver to "simplex"
Set option parallel to "off"
Set option threads to 1
Set option run_crossover to "off"
LP afiro has 27 rows; 32 cols; 83 nonzeros
Coefficient ranges:
  Matrix  [1e-01, 2e+00]
  Cost    [3e-01, 1e+01]
  Bound   [0e+00, 0e+00]
  RHS     [4e+01, 5e+02]
Solving LP without presolve or useful basis
Using dual simplex solver
  Iteration        Objective     Infeasibilities num(sum)
          0    -2.8799096294e+00 Ph1: 6(4.8); Du: 4(2.87991) 0.0s
         22    -4.6475314286e+02 Pr: 0(0) 0.0s

Model name          : afiro
Model status        : Optimal
Simplex   iterations: 22
Objective value     : -4.6475314286e+02
P-D objective error :  0.0000000000e+00
HiGHS run time      :          0.00
Running HiGHS 1.15.1 (git hash: n/a): Copyright (c) 2026 under MIT licence terms
Includes third-party software components, see THIRD_PARTY_NOTICES.md for full details
Command line parsed using CLI11 2.5.0: Copyright (c) 2017-2025 University of Cincinnati
Set option presolve to "off"
Set option solver to "simplex"
Set option parallel to "off"
Set option threads to 1
Set option run_crossover to "off"
LP agg has 488 rows; 163 cols; 2410 nonzeros
Coefficient ranges:
  Matrix  [2e-05, 4e+02]
  Cost    [3e+00, 1e+02]
  Bound   [0e+00, 0e+00]
  RHS     [1e+02, 6e+06]
WARNING: Problem has some excessively large row bounds
WARNING:    Consider scaling the    bounds by 1e-1, or setting the user_bound_scale option to -3
Solving LP without presolve or useful basis
Using dual simplex solver
  Iteration        Objective     Infeasibilities num(sum)
          0    -1.5218665641e+05 Ph1: 271(1866.7); Du: 95(152187) 0.0s
        206    -3.5991767287e+07 Pr: 0(0); Du: 0(9.09495e-13) 0.0s

Model name          : agg
Model status        : Optimal
Simplex   iterations: 206
Objective value     : -3.5991767287e+07
P-D objective error :  1.5008073415e-14
HiGHS run time      :          0.01
Running HiGHS 1.15.1 (git hash: n/a): Copyright (c) 2026 under MIT licence terms
Includes third-party software components, see THIRD_PARTY_NOTICES.md for full details
Command line parsed using CLI11 2.5.0: Copyright (c) 2017-2025 University of Cincinnati
Set option presolve to "off"
Set option solver to "simplex"
Set option parallel to "off"
Set option threads to 1
Set option run_crossover to "off"
LP agg has 488 rows; 163 cols; 2410 nonzeros
Coefficient ranges:
  Matrix  [2e-05, 4e+02]
  Cost    [3e+00, 1e+02]
  Bound   [0e+00, 0e+00]
  RHS     [1e+02, 6e+06]
WARNING: Problem has some excessively large row bounds
WARNING:    Consider scaling the    bounds by 1e-1, or setting the user_bound_scale option to -3
Solving LP without presolve or useful basis
Using dual simplex solver
  Iteration        Objective     Infeasibilities num(sum)
          0    -1.5218665641e+05 Ph1: 271(1866.7); Du: 95(152187) 0.0s
        206    -3.5991767287e+07 Pr: 0(0); Du: 0(9.09495e-13) 0.0s

Model name          : agg
Model status        : Optimal
Simplex   iterations: 206
Objective value     : -3.5991767287e+07
P-D objective error :  1.5008073415e-14
HiGHS run time      :          0.01
Running HiGHS 1.15.1 (git hash: n/a): Copyright (c) 2026 under MIT licence terms
Includes third-party software components, see THIRD_PARTY_NOTICES.md for full details
Command line parsed using CLI11 2.5.0: Copyright (c) 2017-2025 University of Cincinnati
Set option presolve to "off"
Set option solver to "simplex"
Set option parallel to "off"
Set option threads to 1
Set option run_crossover to "off"
LP agg2 has 516 rows; 302 cols; 4284 nonzeros
Coefficient ranges:
  Matrix  [2e-05, 4e+02]
  Cost    [3e+00, 1e+02]
  Bound   [0e+00, 0e+00]
  RHS     [8e+01, 1e+06]
WARNING: Problem has some excessively large row bounds
WARNING:    Consider scaling the    bounds by 1e-1, or setting the user_bound_scale option to -1
Solving LP without presolve or useful basis
Using dual simplex solver
  Iteration        Objective     Infeasibilities num(sum)
          0    -2.0762605319e+05 Ph1: 281(2664.74); Du: 171(207626) 0.0s
        221    -2.0239252356e+07 Pr: 0(0); Du: 0(6.25278e-13) 0.0s

Model name          : agg2
Model status        : Optimal
Simplex   iterations: 221
Objective value     : -2.0239252356e+07
P-D objective error :  1.3804697949e-15
HiGHS run time      :          0.01
Running HiGHS 1.15.1 (git hash: n/a): Copyright (c) 2026 under MIT licence terms
Includes third-party software components, see THIRD_PARTY_NOTICES.md for full details
Command line parsed using CLI11 2.5.0: Copyright (c) 2017-2025 University of Cincinnati
Set option presolve to "off"
Set option solver to "simplex"
Set option parallel to "off"
Set option threads to 1
Set option run_crossover to "off"
LP agg2 has 516 rows; 302 cols; 4284 nonzeros
Coefficient ranges:
  Matrix  [2e-05, 4e+02]
  Cost    [3e+00, 1e+02]
  Bound   [0e+00, 0e+00]
  RHS     [8e+01, 1e+06]
WARNING: Problem has some excessively large row bounds
WARNING:    Consider scaling the    bounds by 1e-1, or setting the user_bound_scale option to -1
Solving LP without presolve or useful basis
Using dual simplex solver
  Iteration        Objective     Infeasibilities num(sum)
          0    -2.0762605319e+05 Ph1: 281(2664.74); Du: 171(207626) 0.0s
        221    -2.0239252356e+07 Pr: 0(0); Du: 0(6.25278e-13) 0.0s

Model name          : agg2
Model status        : Optimal
Simplex   iterations: 221
Objective value     : -2.0239252356e+07
P-D objective error :  1.3804697949e-15
HiGHS run time      :          0.01
Running HiGHS 1.15.1 (git hash: n/a): Copyright (c) 2026 under MIT licence terms
Includes third-party software components, see THIRD_PARTY_NOTICES.md for full details
Command line parsed using CLI11 2.5.0: Copyright (c) 2017-2025 University of Cincinnati
Set option presolve to "off"
Set option solver to "simplex"
Set option parallel to "off"
Set option threads to 1
Set option run_crossover to "off"
LP agg3 has 516 rows; 302 cols; 4300 nonzeros
Coefficient ranges:
  Matrix  [2e-05, 4e+02]
  Cost    [3e+00, 1e+02]
  Bound   [0e+00, 0e+00]
  RHS     [1e+02, 1e+06]
WARNING: Problem has some excessively large row bounds
WARNING:    Consider scaling the    bounds by 1e-1, or setting the user_bound_scale option to -1
Solving LP without presolve or useful basis
Using dual simplex solver
  Iteration        Objective     Infeasibilities num(sum)
          0    -2.0762605319e+05 Ph1: 281(2679.77); Du: 171(207626) 0.0s
        225     1.0312115935e+07 Pr: 0(0); Du: 0(9.37916e-13) 0.0s

Model name          : agg3
Model status        : Optimal
Simplex   iterations: 225
Objective value     :  1.0312115935e+07
P-D objective error :  3.6125370790e-16
HiGHS run time      :          0.01
Running HiGHS 1.15.1 (git hash: n/a): Copyright (c) 2026 under MIT licence terms
Includes third-party software components, see THIRD_PARTY_NOTICES.md for full details
Command line parsed using CLI11 2.5.0: Copyright (c) 2017-2025 University of Cincinnati
Set option presolve to "off"
Set option solver to "simplex"
Set option parallel to "off"
Set option threads to 1
Set option run_crossover to "off"
LP agg3 has 516 rows; 302 cols; 4300 nonzeros
Coefficient ranges:
  Matrix  [2e-05, 4e+02]
  Cost    [3e+00, 1e+02]
  Bound   [0e+00, 0e+00]
  RHS     [1e+02, 1e+06]
WARNING: Problem has some excessively large row bounds
WARNING:    Consider scaling the    bounds by 1e-1, or setting the user_bound_scale option to -1
Solving LP without presolve or useful basis
Using dual simplex solver
  Iteration        Objective     Infeasibilities num(sum)
          0    -2.0762605319e+05 Ph1: 281(2679.77); Du: 171(207626) 0.0s
        225     1.0312115935e+07 Pr: 0(0); Du: 0(9.37916e-13) 0.0s

Model name          : agg3
Model status        : Optimal
Simplex   iterations: 225
Objective value     :  1.0312115935e+07
P-D objective error :  3.6125370790e-16
HiGHS run time      :          0.01
Running HiGHS 1.15.1 (git hash: n/a): Copyright (c) 2026 under MIT licence terms
Includes third-party software components, see THIRD_PARTY_NOTICES.md for full details
Command line parsed using CLI11 2.5.0: Copyright (c) 2017-2025 University of Cincinnati
Set option presolve to "off"
Set option solver to "simplex"
Set option parallel to "off"
Set option threads to 1
Set option run_crossover to "off"
LP bandm has 305 rows; 472 cols; 2494 nonzeros
Coefficient ranges:
  Matrix  [1e-03, 2e+02]
  Cost    [1e-04, 1e+01]
  Bound   [0e+00, 0e+00]
  RHS     [1e-01, 7e+01]
Solving LP without presolve or useful basis
Using dual simplex solver
  Iteration        Objective     Infeasibilities num(sum)
          0    -1.7521036775e+02 Ph1: 151(517.82); Du: 92(175.21) 0.0s
        536    -1.5862801845e+02 Pr: 0(0) 0.0s

Model name          : bandm
Model status        : Optimal
Simplex   iterations: 536
Objective value     : -1.5862801845e+02
P-D objective error :  1.4288726628e-15
HiGHS run time      :          0.01
Running HiGHS 1.15.1 (git hash: n/a): Copyright (c) 2026 under MIT licence terms
Includes third-party software components, see THIRD_PARTY_NOTICES.md for full details
Command line parsed using CLI11 2.5.0: Copyright (c) 2017-2025 University of Cincinnati
Set option presolve to "off"
Set option solver to "simplex"
Set option parallel to "off"
Set option threads to 1
Set option run_crossover to "off"
LP bandm has 305 rows; 472 cols; 2494 nonzeros
Coefficient ranges:
  Matrix  [1e-03, 2e+02]
  Cost    [1e-04, 1e+01]
  Bound   [0e+00, 0e+00]
  RHS     [1e-01, 7e+01]
Solving LP without presolve or useful basis
Using dual simplex solver
  Iteration        Objective     Infeasibilities num(sum)
          0    -1.7521036775e+02 Ph1: 151(517.82); Du: 92(175.21) 0.0s
        536    -1.5862801845e+02 Pr: 0(0) 0.0s

Model name          : bandm
Model status        : Optimal
Simplex   iterations: 536
Objective value     : -1.5862801845e+02
P-D objective error :  1.4288726628e-15
HiGHS run time      :          0.01
Running HiGHS 1.15.1 (git hash: n/a): Copyright (c) 2026 under MIT licence terms
Includes third-party software components, see THIRD_PARTY_NOTICES.md for full details
Command line parsed using CLI11 2.5.0: Copyright (c) 2017-2025 University of Cincinnati
Set option presolve to "off"
Set option solver to "simplex"
Set option parallel to "off"
Set option threads to 1
Set option run_crossover to "off"
LP beaconfd has 173 rows; 262 cols; 3375 nonzeros
Coefficient ranges:
  Matrix  [1e-03, 5e+02]
  Cost    [3e-02, 1e+02]
  Bound   [0e+00, 0e+00]
  RHS     [1e+00, 2e+03]
Solving LP without presolve or useful basis
Using dual simplex solver
  Iteration        Objective     Infeasibilities num(sum)
          0     0.0000000000e+00 Pr: 34(3561.62) 0.0s
        101     3.3592485807e+04 Pr: 0(0) 0.0s

Model name          : beaconfd
Model status        : Optimal
Simplex   iterations: 101
Objective value     :  3.3592485807e+04
P-D objective error :  2.1659157230e-16
HiGHS run time      :          0.00
Running HiGHS 1.15.1 (git hash: n/a): Copyright (c) 2026 under MIT licence terms
Includes third-party software components, see THIRD_PARTY_NOTICES.md for full details
Command line parsed using CLI11 2.5.0: Copyright (c) 2017-2025 University of Cincinnati
Set option presolve to "off"
Set option solver to "simplex"
Set option parallel to "off"
Set option threads to 1
Set option run_crossover to "off"
LP beaconfd has 173 rows; 262 cols; 3375 nonzeros
Coefficient ranges:
  Matrix  [1e-03, 5e+02]
  Cost    [3e-02, 1e+02]
  Bound   [0e+00, 0e+00]
  RHS     [1e+00, 2e+03]
Solving LP without presolve or useful basis
Using dual simplex solver
  Iteration        Objective     Infeasibilities num(sum)
          0     0.0000000000e+00 Pr: 34(3561.62) 0.0s
        101     3.3592485807e+04 Pr: 0(0) 0.0s

Model name          : beaconfd
Model status        : Optimal
Simplex   iterations: 101
Objective value     :  3.3592485807e+04
P-D objective error :  2.1659157230e-16
HiGHS run time      :          0.00
Running HiGHS 1.15.1 (git hash: n/a): Copyright (c) 2026 under MIT licence terms
Includes third-party software components, see THIRD_PARTY_NOTICES.md for full details
Command line parsed using CLI11 2.5.0: Copyright (c) 2017-2025 University of Cincinnati
Set option presolve to "off"
Set option solver to "simplex"
Set option parallel to "off"
Set option threads to 1
Set option run_crossover to "off"
LP blend has 74 rows; 83 cols; 491 nonzeros
Coefficient ranges:
  Matrix  [3e-03, 7e+01]
  Cost    [4e-03, 5e+00]
  Bound   [0e+00, 0e+00]
  RHS     [3e+00, 3e+01]
Solving LP without presolve or useful basis
Using dual simplex solver
  Iteration        Objective     Infeasibilities num(sum)
          0    -1.0014231359e+01 Ph1: 21(23.2831); Du: 7(10.0142) 0.0s
        109    -3.0812149846e+01 Pr: 0(0); Du: 0(9.63118e-15) 0.0s

Model name          : blend
Model status        : Optimal
Simplex   iterations: 109
Objective value     : -3.0812149846e+01
P-D objective error :  0.0000000000e+00
HiGHS run time      :          0.00
Running HiGHS 1.15.1 (git hash: n/a): Copyright (c) 2026 under MIT licence terms
Includes third-party software components, see THIRD_PARTY_NOTICES.md for full details
Command line parsed using CLI11 2.5.0: Copyright (c) 2017-2025 University of Cincinnati
Set option presolve to "off"
Set option solver to "simplex"
Set option parallel to "off"
Set option threads to 1
Set option run_crossover to "off"
LP blend has 74 rows; 83 cols; 491 nonzeros
Coefficient ranges:
  Matrix  [3e-03, 7e+01]
  Cost    [4e-03, 5e+00]
  Bound   [0e+00, 0e+00]
  RHS     [3e+00, 3e+01]
Solving LP without presolve or useful basis
Using dual simplex solver
  Iteration        Objective     Infeasibilities num(sum)
          0    -1.0014231359e+01 Ph1: 21(23.2831); Du: 7(10.0142) 0.0s
        109    -3.0812149846e+01 Pr: 0(0); Du: 0(9.63118e-15) 0.0s

Model name          : blend
Model status        : Optimal
Simplex   iterations: 109
Objective value     : -3.0812149846e+01
P-D objective error :  0.0000000000e+00
HiGHS run time      :          0.00
Running HiGHS 1.15.1 (git hash: n/a): Copyright (c) 2026 under MIT licence terms
Includes third-party software components, see THIRD_PARTY_NOTICES.md for full details
Command line parsed using CLI11 2.5.0: Copyright (c) 2017-2025 University of Cincinnati
Set option presolve to "off"
Set option solver to "simplex"
Set option parallel to "off"
Set option threads to 1
Set option run_crossover to "off"
LP bnl1 has 643 rows; 1175 cols; 5121 nonzeros
Coefficient ranges:
  Matrix  [1e-03, 8e+01]
  Cost    [2e-04, 2e+01]
  Bound   [0e+00, 0e+00]
  RHS     [1e-02, 2e+03]
Solving LP without presolve or useful basis
Using dual simplex solver
  Iteration        Objective     Infeasibilities num(sum)
          0    -3.5479439335e+01 Ph1: 91(469.526); Du: 57(35.4794) 0.0s
        929     1.9776295615e+03 Pr: 0(0); Du: 0(5.44519e-11) 0.0s

Model name          : bnl1
Model status        : Optimal
Simplex   iterations: 929
Objective value     :  1.9776295615e+03
P-D objective error :  0.0000000000e+00
HiGHS run time      :          0.02
Running HiGHS 1.15.1 (git hash: n/a): Copyright (c) 2026 under MIT licence terms
Includes third-party software components, see THIRD_PARTY_NOTICES.md for full details
Command line parsed using CLI11 2.5.0: Copyright (c) 2017-2025 University of Cincinnati
Set option presolve to "off"
Set option solver to "simplex"
Set option parallel to "off"
Set option threads to 1
Set option run_crossover to "off"
LP bnl1 has 643 rows; 1175 cols; 5121 nonzeros
Coefficient ranges:
  Matrix  [1e-03, 8e+01]
  Cost    [2e-04, 2e+01]
  Bound   [0e+00, 0e+00]
  RHS     [1e-02, 2e+03]
Solving LP without presolve or useful basis
Using dual simplex solver
  Iteration        Objective     Infeasibilities num(sum)
          0    -3.5479439335e+01 Ph1: 91(469.526); Du: 57(35.4794) 0.0s
        929     1.9776295615e+03 Pr: 0(0); Du: 0(5.44519e-11) 0.0s

Model name          : bnl1
Model status        : Optimal
Simplex   iterations: 929
Objective value     :  1.9776295615e+03
P-D objective error :  0.0000000000e+00
HiGHS run time      :          0.02
Running HiGHS 1.15.1 (git hash: n/a): Copyright (c) 2026 under MIT licence terms
Includes third-party software components, see THIRD_PARTY_NOTICES.md for full details
Command line parsed using CLI11 2.5.0: Copyright (c) 2017-2025 University of Cincinnati
Set option presolve to "off"
Set option solver to "simplex"
Set option parallel to "off"
Set option threads to 1
Set option run_crossover to "off"
LP bnl2 has 2324 rows; 3489 cols; 13999 nonzeros
Coefficient ranges:
  Matrix  [6e-04, 8e+01]
  Cost    [1e-04, 6e+01]
  Bound   [0e+00, 0e+00]
  RHS     [1e-02, 6e+03]
Solving LP without presolve or useful basis
Using dual simplex solver
  Iteration        Objective     Infeasibilities num(sum)
          0    -1.0887290070e+02 Ph1: 295(1193.9); Du: 156(108.873) 0.0s
       1737     1.8112365404e+03 Pr: 0(0); Du: 0(8.61811e-14) 0.0s

Model name          : bnl2
Model status        : Optimal
Simplex   iterations: 1737
Objective value     :  1.8112365404e+03
P-D objective error :  7.5300244946e-16
HiGHS run time      :          0.05
Running HiGHS 1.15.1 (git hash: n/a): Copyright (c) 2026 under MIT licence terms
Includes third-party software components, see THIRD_PARTY_NOTICES.md for full details
Command line parsed using CLI11 2.5.0: Copyright (c) 2017-2025 University of Cincinnati
Set option presolve to "off"
Set option solver to "simplex"
Set option parallel to "off"
Set option threads to 1
Set option run_crossover to "off"
LP bnl2 has 2324 rows; 3489 cols; 13999 nonzeros
Coefficient ranges:
  Matrix  [6e-04, 8e+01]
  Cost    [1e-04, 6e+01]
  Bound   [0e+00, 0e+00]
  RHS     [1e-02, 6e+03]
Solving LP without presolve or useful basis
Using dual simplex solver
  Iteration        Objective     Infeasibilities num(sum)
          0    -1.0887290070e+02 Ph1: 295(1193.9); Du: 156(108.873) 0.0s
       1737     1.8112365404e+03 Pr: 0(0); Du: 0(8.61811e-14) 0.0s

Model name          : bnl2
Model status        : Optimal
Simplex   iterations: 1737
Objective value     :  1.8112365404e+03
P-D objective error :  7.5300244946e-16
HiGHS run time      :          0.04
Running HiGHS 1.15.1 (git hash: n/a): Copyright (c) 2026 under MIT licence terms
Includes third-party software components, see THIRD_PARTY_NOTICES.md for full details
Command line parsed using CLI11 2.5.0: Copyright (c) 2017-2025 University of Cincinnati
Set option presolve to "off"
Set option solver to "simplex"
Set option parallel to "off"
Set option threads to 1
Set option run_crossover to "off"
LP boeing1 has 351 rows; 384 cols; 3485 nonzeros
Coefficient ranges:
  Matrix  [1e-02, 3e+03]
  Cost    [1e-02, 4e+01]
  Bound   [1e+00, 1e+02]
  RHS     [1e+00, 3e+03]
Solving LP without presolve or useful basis
Using dual simplex solver
  Iteration        Objective     Infeasibilities num(sum)
          0    -7.5846399889e+01 Ph1: 255(1745.92); Du: 164(75.8464) 0.0s
        462    -3.3521356751e+02 Pr: 0(0); Du: 0(2.22045e-16) 0.0s

Model name          : boeing1
Model status        : Optimal
Simplex   iterations: 462
Objective value     : -3.3521356751e+02
P-D objective error :  1.6932118437e-16
HiGHS run time      :          0.01
Running HiGHS 1.15.1 (git hash: n/a): Copyright (c) 2026 under MIT licence terms
Includes third-party software components, see THIRD_PARTY_NOTICES.md for full details
Command line parsed using CLI11 2.5.0: Copyright (c) 2017-2025 University of Cincinnati
Set option presolve to "off"
Set option solver to "simplex"
Set option parallel to "off"
Set option threads to 1
Set option run_crossover to "off"
LP boeing1 has 351 rows; 384 cols; 3485 nonzeros
Coefficient ranges:
  Matrix  [1e-02, 3e+03]
  Cost    [1e-02, 4e+01]
  Bound   [1e+00, 1e+02]
  RHS     [1e+00, 3e+03]
Solving LP without presolve or useful basis
Using dual simplex solver
  Iteration        Objective     Infeasibilities num(sum)
          0    -7.5846399889e+01 Ph1: 255(1745.92); Du: 164(75.8464) 0.0s
        462    -3.3521356751e+02 Pr: 0(0); Du: 0(2.22045e-16) 0.0s

Model name          : boeing1
Model status        : Optimal
Simplex   iterations: 462
Objective value     : -3.3521356751e+02
P-D objective error :  1.6932118437e-16
HiGHS run time      :          0.01
Running HiGHS 1.15.1 (git hash: n/a): Copyright (c) 2026 under MIT licence terms
Includes third-party software components, see THIRD_PARTY_NOTICES.md for full details
Command line parsed using CLI11 2.5.0: Copyright (c) 2017-2025 University of Cincinnati
Set option presolve to "off"
Set option solver to "simplex"
Set option parallel to "off"
Set option threads to 1
Set option run_crossover to "off"
LP boeing2 has 166 rows; 143 cols; 1196 nonzeros
Coefficient ranges:
  Matrix  [1e-02, 3e+03]
  Cost    [1e-02, 7e+00]
  Bound   [2e+00, 1e+02]
  RHS     [1e+00, 1e+05]
Solving LP without presolve or useful basis
Using dual simplex solver
  Iteration        Objective     Infeasibilities num(sum)
          0    -1.9283898781e+02 Ph1: 94(425.078); Du: 87(192.839) 0.0s
        123    -3.1501872802e+02 Pr: 0(0); Du: 0(2.19461e-13) 0.0s

Model name          : boeing2
Model status        : Optimal
Simplex   iterations: 123
Objective value     : -3.1501872802e+02
P-D objective error :  3.6031724151e-16
HiGHS run time      :          0.00
Running HiGHS 1.15.1 (git hash: n/a): Copyright (c) 2026 under MIT licence terms
Includes third-party software components, see THIRD_PARTY_NOTICES.md for full details
Command line parsed using CLI11 2.5.0: Copyright (c) 2017-2025 University of Cincinnati
Set option presolve to "off"
Set option solver to "simplex"
Set option parallel to "off"
Set option threads to 1
Set option run_crossover to "off"
LP boeing2 has 166 rows; 143 cols; 1196 nonzeros
Coefficient ranges:
  Matrix  [1e-02, 3e+03]
  Cost    [1e-02, 7e+00]
  Bound   [2e+00, 1e+02]
  RHS     [1e+00, 1e+05]
Solving LP without presolve or useful basis
Using dual simplex solver
  Iteration        Objective     Infeasibilities num(sum)
          0    -1.9283898781e+02 Ph1: 94(425.078); Du: 87(192.839) 0.0s
        123    -3.1501872802e+02 Pr: 0(0); Du: 0(2.19461e-13) 0.0s

Model name          : boeing2
Model status        : Optimal
Simplex   iterations: 123
Objective value     : -3.1501872802e+02
P-D objective error :  3.6031724151e-16
HiGHS run time      :          0.00
Running HiGHS 1.15.1 (git hash: n/a): Copyright (c) 2026 under MIT licence terms
Includes third-party software components, see THIRD_PARTY_NOTICES.md for full details
Command line parsed using CLI11 2.5.0: Copyright (c) 2017-2025 University of Cincinnati
Set option presolve to "off"
Set option solver to "simplex"
Set option parallel to "off"
Set option threads to 1
Set option run_crossover to "off"
LP bore3d has 233 rows; 315 cols; 1429 nonzeros
Coefficient ranges:
  Matrix  [1e-04, 1e+03]
  Cost    [3e-04, 3e+02]
  Bound   [1e+01, 1e+02]
  RHS     [0e+00, 0e+00]
Solving LP without presolve or useful basis
Using dual simplex solver
  Iteration        Objective     Infeasibilities num(sum)
          0     0.0000000000e+00 Ph1: 0(0) 0.0s
        202     1.3730803942e+03 Pr: 0(0) 0.0s

Model name          : bore3d
Model status        : Optimal
Simplex   iterations: 202
Objective value     :  1.3730803942e+03
P-D objective error :  0.0000000000e+00
HiGHS run time      :          0.01
Running HiGHS 1.15.1 (git hash: n/a): Copyright (c) 2026 under MIT licence terms
Includes third-party software components, see THIRD_PARTY_NOTICES.md for full details
Command line parsed using CLI11 2.5.0: Copyright (c) 2017-2025 University of Cincinnati
Set option presolve to "off"
Set option solver to "simplex"
Set option parallel to "off"
Set option threads to 1
Set option run_crossover to "off"
LP bore3d has 233 rows; 315 cols; 1429 nonzeros
Coefficient ranges:
  Matrix  [1e-04, 1e+03]
  Cost    [3e-04, 3e+02]
  Bound   [1e+01, 1e+02]
  RHS     [0e+00, 0e+00]
Solving LP without presolve or useful basis
Using dual simplex solver
  Iteration        Objective     Infeasibilities num(sum)
          0     0.0000000000e+00 Ph1: 0(0) 0.0s
        202     1.3730803942e+03 Pr: 0(0) 0.0s

Model name          : bore3d
Model status        : Optimal
Simplex   iterations: 202
Objective value     :  1.3730803942e+03
P-D objective error :  0.0000000000e+00
HiGHS run time      :          0.00
Running HiGHS 1.15.1 (git hash: n/a): Copyright (c) 2026 under MIT licence terms
Includes third-party software components, see THIRD_PARTY_NOTICES.md for full details
Command line parsed using CLI11 2.5.0: Copyright (c) 2017-2025 University of Cincinnati
Set option presolve to "off"
Set option solver to "simplex"
Set option parallel to "off"
Set option threads to 1
Set option run_crossover to "off"
LP brandy has 220 rows; 249 cols; 2148 nonzeros
Coefficient ranges:
  Matrix  [8e-04, 2e+02]
  Cost    [1e+00, 1e+00]
  Bound   [0e+00, 0e+00]
  RHS     [2e-01, 1e+02]
Solving LP without presolve or useful basis
Using dual simplex solver
  Iteration        Objective     Infeasibilities num(sum)
          0     0.0000000000e+00 Pr: 29(359.835) 0.0s
        304     1.5185098965e+03 Pr: 0(0); Du: 0(1.31006e-14) 0.0s

Model name          : brandy
Model status        : Optimal
Simplex   iterations: 304
Objective value     :  1.5185098965e+03
P-D objective error :  0.0000000000e+00
HiGHS run time      :          0.01
Running HiGHS 1.15.1 (git hash: n/a): Copyright (c) 2026 under MIT licence terms
Includes third-party software components, see THIRD_PARTY_NOTICES.md for full details
Command line parsed using CLI11 2.5.0: Copyright (c) 2017-2025 University of Cincinnati
Set option presolve to "off"
Set option solver to "simplex"
Set option parallel to "off"
Set option threads to 1
Set option run_crossover to "off"
LP brandy has 220 rows; 249 cols; 2148 nonzeros
Coefficient ranges:
  Matrix  [8e-04, 2e+02]
  Cost    [1e+00, 1e+00]
  Bound   [0e+00, 0e+00]
  RHS     [2e-01, 1e+02]
Solving LP without presolve or useful basis
Using dual simplex solver
  Iteration        Objective     Infeasibilities num(sum)
          0     0.0000000000e+00 Pr: 29(359.835) 0.0s
        304     1.5185098965e+03 Pr: 0(0); Du: 0(1.31006e-14) 0.0s

Model name          : brandy
Model status        : Optimal
Simplex   iterations: 304
Objective value     :  1.5185098965e+03
P-D objective error :  0.0000000000e+00
HiGHS run time      :          0.01
Running HiGHS 1.15.1 (git hash: n/a): Copyright (c) 2026 under MIT licence terms
Includes third-party software components, see THIRD_PARTY_NOTICES.md for full details
Command line parsed using CLI11 2.5.0: Copyright (c) 2017-2025 University of Cincinnati
Set option presolve to "off"
Set option solver to "simplex"
Set option parallel to "off"
Set option threads to 1
Set option run_crossover to "off"
LP capri has 271 rows; 353 cols; 1767 nonzeros
Coefficient ranges:
  Matrix  [9e-05, 2e+02]
  Cost    [2e-01, 1e+00]
  Bound   [1e+00, 3e+02]
  RHS     [3e-02, 3e+03]
Solving LP without presolve or useful basis
Using dual simplex solver
  Iteration        Objective     Infeasibilities num(sum)
          0    -1.1303415212e+04 Ph1: 69(110473); Du: 18(42.9569) 0.0s
        298     2.6900129138e+03 Pr: 0(0) 0.0s

Model name          : capri
Model status        : Optimal
Simplex   iterations: 298
Objective value     :  2.6900129138e+03
P-D objective error :  1.6901883227e-16
HiGHS run time      :          0.01
Running HiGHS 1.15.1 (git hash: n/a): Copyright (c) 2026 under MIT licence terms
Includes third-party software components, see THIRD_PARTY_NOTICES.md for full details
Command line parsed using CLI11 2.5.0: Copyright (c) 2017-2025 University of Cincinnati
Set option presolve to "off"
Set option solver to "simplex"
Set option parallel to "off"
Set option threads to 1
Set option run_crossover to "off"
LP capri has 271 rows; 353 cols; 1767 nonzeros
Coefficient ranges:
  Matrix  [9e-05, 2e+02]
  Cost    [2e-01, 1e+00]
  Bound   [1e+00, 3e+02]
  RHS     [3e-02, 3e+03]
Solving LP without presolve or useful basis
Using dual simplex solver
  Iteration        Objective     Infeasibilities num(sum)
          0    -1.1303415212e+04 Ph1: 69(110473); Du: 18(42.9569) 0.0s
        298     2.6900129138e+03 Pr: 0(0) 0.0s

Model name          : capri
Model status        : Optimal
Simplex   iterations: 298
Objective value     :  2.6900129138e+03
P-D objective error :  1.6901883227e-16
HiGHS run time      :          0.00
Running HiGHS 1.15.1 (git hash: n/a): Copyright (c) 2026 under MIT licence terms
Includes third-party software components, see THIRD_PARTY_NOTICES.md for full details
Command line parsed using CLI11 2.5.0: Copyright (c) 2017-2025 University of Cincinnati
Set option presolve to "off"
Set option solver to "simplex"
Set option parallel to "off"
Set option threads to 1
Set option run_crossover to "off"
LP cycle has 1903 rows; 2857 cols; 20720 nonzeros
Coefficient ranges:
  Matrix  [1e-05, 9e+02]
  Cost    [2e-03, 1e+00]
  Bound   [2e+00, 2e+03]
  RHS     [0e+00, 0e+00]
Solving LP without presolve or useful basis
Using dual simplex solver
  Iteration        Objective     Infeasibilities num(sum)
          0    -2.3232341243e+02 Ph1: 310(23500.9); Du: 498(232.323) 0.0s
       2451    -5.2263930249e+00 Pr: 0(0); Du: 0(5.55112e-17) 0.1s
       2451    -5.2263930249e+00 Pr: 0(0); Du: 0(5.55112e-17) 0.1s

Model name          : cycle
Model status        : Optimal
Simplex   iterations: 2451
Objective value     : -5.2263930249e+00
P-D objective error :  0.0000000000e+00
HiGHS run time      :          0.10
Running HiGHS 1.15.1 (git hash: n/a): Copyright (c) 2026 under MIT licence terms
Includes third-party software components, see THIRD_PARTY_NOTICES.md for full details
Command line parsed using CLI11 2.5.0: Copyright (c) 2017-2025 University of Cincinnati
Set option presolve to "off"
Set option solver to "simplex"
Set option parallel to "off"
Set option threads to 1
Set option run_crossover to "off"
LP cycle has 1903 rows; 2857 cols; 20720 nonzeros
Coefficient ranges:
  Matrix  [1e-05, 9e+02]
  Cost    [2e-03, 1e+00]
  Bound   [2e+00, 2e+03]
  RHS     [0e+00, 0e+00]
Solving LP without presolve or useful basis
Using dual simplex solver
  Iteration        Objective     Infeasibilities num(sum)
          0    -2.3232341243e+02 Ph1: 310(23500.9); Du: 498(232.323) 0.0s
       2451    -5.2263930249e+00 Pr: 0(0); Du: 0(5.55112e-17) 0.1s
       2451    -5.2263930249e+00 Pr: 0(0); Du: 0(5.55112e-17) 0.1s

Model name          : cycle
Model status        : Optimal
Simplex   iterations: 2451
Objective value     : -5.2263930249e+00
P-D objective error :  0.0000000000e+00
HiGHS run time      :          0.08
Running HiGHS 1.15.1 (git hash: n/a): Copyright (c) 2026 under MIT licence terms
Includes third-party software components, see THIRD_PARTY_NOTICES.md for full details
Command line parsed using CLI11 2.5.0: Copyright (c) 2017-2025 University of Cincinnati
Set option presolve to "off"
Set option solver to "simplex"
Set option parallel to "off"
Set option threads to 1
Set option run_crossover to "off"
LP czprob has 929 rows; 3523 cols; 10669 nonzeros
Coefficient ranges:
  Matrix  [2e-03, 1e+02]
  Cost    [1e+00, 3e+02]
  Bound   [0e+00, 0e+00]
  RHS     [1e-03, 3e+03]
Solving LP without presolve or useful basis
Using dual simplex solver
  Iteration        Objective     Infeasibilities num(sum)
          0    -7.5664811989e+04 Ph1: 433(4908.68); Du: 1521(75664.8) 0.0s
       1538     2.1851966989e+06 Pr: 0(0); Du: 0(6.11067e-13) 0.0s

Model name          : czprob
Model status        : Optimal
Simplex   iterations: 1538
Objective value     :  2.1851966989e+06
P-D objective error :  0.0000000000e+00
HiGHS run time      :          0.03
Running HiGHS 1.15.1 (git hash: n/a): Copyright (c) 2026 under MIT licence terms
Includes third-party software components, see THIRD_PARTY_NOTICES.md for full details
Command line parsed using CLI11 2.5.0: Copyright (c) 2017-2025 University of Cincinnati
Set option presolve to "off"
Set option solver to "simplex"
Set option parallel to "off"
Set option threads to 1
Set option run_crossover to "off"
LP czprob has 929 rows; 3523 cols; 10669 nonzeros
Coefficient ranges:
  Matrix  [2e-03, 1e+02]
  Cost    [1e+00, 3e+02]
  Bound   [0e+00, 0e+00]
  RHS     [1e-03, 3e+03]
Solving LP without presolve or useful basis
Using dual simplex solver
  Iteration        Objective     Infeasibilities num(sum)
          0    -7.5664811989e+04 Ph1: 433(4908.68); Du: 1521(75664.8) 0.0s
       1538     2.1851966989e+06 Pr: 0(0); Du: 0(6.11067e-13) 0.0s

Model name          : czprob
Model status        : Optimal
Simplex   iterations: 1538
Objective value     :  2.1851966989e+06
P-D objective error :  0.0000000000e+00
HiGHS run time      :          0.03
Running HiGHS 1.15.1 (git hash: n/a): Copyright (c) 2026 under MIT licence terms
Includes third-party software components, see THIRD_PARTY_NOTICES.md for full details
Command line parsed using CLI11 2.5.0: Copyright (c) 2017-2025 University of Cincinnati
Set option presolve to "off"
Set option solver to "simplex"
Set option parallel to "off"
Set option threads to 1
Set option run_crossover to "off"
LP d2q06c has 2171 rows; 5167 cols; 32417 nonzeros
Coefficient ranges:
  Matrix  [2e-04, 2e+03]
  Cost    [1e-03, 7e+01]
  Bound   [0e+00, 0e+00]
  RHS     [2e-02, 5e+03]
Solving LP without presolve or useful basis
Using dual simplex solver
  Iteration        Objective     Infeasibilities num(sum)
          0    -1.5573526229e+02 Ph1: 223(582.254); Du: 115(155.735) 0.0s
       6519     1.2278421081e+05 Pr: 0(0); Du: 0(2.02928e-10) 0.5s

Model name          : d2q06c
Model status        : Optimal
Simplex   iterations: 6519
Objective value     :  1.2278421081e+05
P-D objective error :  1.1851569411e-16
HiGHS run time      :          0.50
Running HiGHS 1.15.1 (git hash: n/a): Copyright (c) 2026 under MIT licence terms
Includes third-party software components, see THIRD_PARTY_NOTICES.md for full details
Command line parsed using CLI11 2.5.0: Copyright (c) 2017-2025 University of Cincinnati
Set option presolve to "off"
Set option solver to "simplex"
Set option parallel to "off"
Set option threads to 1
Set option run_crossover to "off"
LP d2q06c has 2171 rows; 5167 cols; 32417 nonzeros
Coefficient ranges:
  Matrix  [2e-04, 2e+03]
  Cost    [1e-03, 7e+01]
  Bound   [0e+00, 0e+00]
  RHS     [2e-02, 5e+03]
Solving LP without presolve or useful basis
Using dual simplex solver
  Iteration        Objective     Infeasibilities num(sum)
          0    -1.5573526229e+02 Ph1: 223(582.254); Du: 115(155.735) 0.0s
       6519     1.2278421081e+05 Pr: 0(0); Du: 0(2.02928e-10) 0.5s

Model name          : d2q06c
Model status        : Optimal
Simplex   iterations: 6519
Objective value     :  1.2278421081e+05
P-D objective error :  1.1851569411e-16
HiGHS run time      :          0.47
Running HiGHS 1.15.1 (git hash: n/a): Copyright (c) 2026 under MIT licence terms
Includes third-party software components, see THIRD_PARTY_NOTICES.md for full details
Command line parsed using CLI11 2.5.0: Copyright (c) 2017-2025 University of Cincinnati
Set option presolve to "off"
Set option solver to "simplex"
Set option parallel to "off"
Set option threads to 1
Set option run_crossover to "off"
LP d6cube has 415 rows; 6184 cols; 37704 nonzeros
Coefficient ranges:
  Matrix  [1e+00, 4e+02]
  Cost    [1e+00, 1e+00]
  Bound   [1e+00, 1e+00]
  RHS     [1e+00, 1e+04]
Solving LP without presolve or useful basis
Using dual simplex solver
  Iteration        Objective     Infeasibilities num(sum)
          0     1.0000133089e+00 Pr: 12(12992) 0.0s
        458     3.1549166667e+02 Pr: 0(0); Du: 0(1.17129e-14) 0.0s

Model name          : d6cube
Model status        : Optimal
Simplex   iterations: 458
Objective value     :  3.1549166667e+02
P-D objective error :  8.9944490405e-17
HiGHS run time      :          0.03
Running HiGHS 1.15.1 (git hash: n/a): Copyright (c) 2026 under MIT licence terms
Includes third-party software components, see THIRD_PARTY_NOTICES.md for full details
Command line parsed using CLI11 2.5.0: Copyright (c) 2017-2025 University of Cincinnati
Set option presolve to "off"
Set option solver to "simplex"
Set option parallel to "off"
Set option threads to 1
Set option run_crossover to "off"
LP d6cube has 415 rows; 6184 cols; 37704 nonzeros
Coefficient ranges:
  Matrix  [1e+00, 4e+02]
  Cost    [1e+00, 1e+00]
  Bound   [1e+00, 1e+00]
  RHS     [1e+00, 1e+04]
Solving LP without presolve or useful basis
Using dual simplex solver
  Iteration        Objective     Infeasibilities num(sum)
          0     1.0000133089e+00 Pr: 12(12992) 0.0s
        458     3.1549166667e+02 Pr: 0(0); Du: 0(1.17129e-14) 0.0s

Model name          : d6cube
Model status        : Optimal
Simplex   iterations: 458
Objective value     :  3.1549166667e+02
P-D objective error :  8.9944490405e-17
HiGHS run time      :          0.03
Running HiGHS 1.15.1 (git hash: n/a): Copyright (c) 2026 under MIT licence terms
Includes third-party software components, see THIRD_PARTY_NOTICES.md for full details
Command line parsed using CLI11 2.5.0: Copyright (c) 2017-2025 University of Cincinnati
Set option presolve to "off"
Set option solver to "simplex"
Set option parallel to "off"
Set option threads to 1
Set option run_crossover to "off"
LP degen2 has 444 rows; 534 cols; 3978 nonzeros
Coefficient ranges:
  Matrix  [1e+00, 1e+00]
  Cost    [1e-02, 5e+01]
  Bound   [0e+00, 0e+00]
  RHS     [1e+00, 4e+01]
Solving LP without presolve or useful basis
Using dual simplex solver
  Iteration        Objective     Infeasibilities num(sum)
          0    -3.6545560594e+03 Ph1: 310(899); Du: 425(3654.56) 0.0s
        595    -1.4351780000e+03 Pr: 0(0) 0.0s

Model name          : degen2
Model status        : Optimal
Simplex   iterations: 595
Objective value     : -1.4351780000e+03
P-D objective error :  3.1674745374e-16
HiGHS run time      :          0.01
Running HiGHS 1.15.1 (git hash: n/a): Copyright (c) 2026 under MIT licence terms
Includes third-party software components, see THIRD_PARTY_NOTICES.md for full details
Command line parsed using CLI11 2.5.0: Copyright (c) 2017-2025 University of Cincinnati
Set option presolve to "off"
Set option solver to "simplex"
Set option parallel to "off"
Set option threads to 1
Set option run_crossover to "off"
LP degen2 has 444 rows; 534 cols; 3978 nonzeros
Coefficient ranges:
  Matrix  [1e+00, 1e+00]
  Cost    [1e-02, 5e+01]
  Bound   [0e+00, 0e+00]
  RHS     [1e+00, 4e+01]
Solving LP without presolve or useful basis
Using dual simplex solver
  Iteration        Objective     Infeasibilities num(sum)
          0    -3.6545560594e+03 Ph1: 310(899); Du: 425(3654.56) 0.0s
        595    -1.4351780000e+03 Pr: 0(0) 0.0s

Model name          : degen2
Model status        : Optimal
Simplex   iterations: 595
Objective value     : -1.4351780000e+03
P-D objective error :  3.1674745374e-16
HiGHS run time      :          0.01
Running HiGHS 1.15.1 (git hash: n/a): Copyright (c) 2026 under MIT licence terms
Includes third-party software components, see THIRD_PARTY_NOTICES.md for full details
Command line parsed using CLI11 2.5.0: Copyright (c) 2017-2025 University of Cincinnati
Set option presolve to "off"
Set option solver to "simplex"
Set option parallel to "off"
Set option threads to 1
Set option run_crossover to "off"
LP degen3 has 1503 rows; 1818 cols; 24646 nonzeros
Coefficient ranges:
  Matrix  [1e+00, 1e+00]
  Cost    [1e-02, 2e+01]
  Bound   [0e+00, 0e+00]
  RHS     [1e+00, 5e+01]
Solving LP without presolve or useful basis
Using dual simplex solver
  Iteration        Objective     Infeasibilities num(sum)
          0    -2.9119112654e+03 Ph1: 963(2985); Du: 1249(2911.91) 0.0s
       2276    -9.8729400000e+02 Pr: 0(0) 0.1s

Model name          : degen3
Model status        : Optimal
Simplex   iterations: 2276
Objective value     : -9.8729400000e+02
P-D objective error :  1.7263746954e-16
HiGHS run time      :          0.10
Running HiGHS 1.15.1 (git hash: n/a): Copyright (c) 2026 under MIT licence terms
Includes third-party software components, see THIRD_PARTY_NOTICES.md for full details
Command line parsed using CLI11 2.5.0: Copyright (c) 2017-2025 University of Cincinnati
Set option presolve to "off"
Set option solver to "simplex"
Set option parallel to "off"
Set option threads to 1
Set option run_crossover to "off"
LP degen3 has 1503 rows; 1818 cols; 24646 nonzeros
Coefficient ranges:
  Matrix  [1e+00, 1e+00]
  Cost    [1e-02, 2e+01]
  Bound   [0e+00, 0e+00]
  RHS     [1e+00, 5e+01]
Solving LP without presolve or useful basis
Using dual simplex solver
  Iteration        Objective     Infeasibilities num(sum)
          0    -2.9119112654e+03 Ph1: 963(2985); Du: 1249(2911.91) 0.0s
       2276    -9.8729400000e+02 Pr: 0(0) 0.1s

Model name          : degen3
Model status        : Optimal
Simplex   iterations: 2276
Objective value     : -9.8729400000e+02
P-D objective error :  1.7263746954e-16
HiGHS run time      :          0.10
Running HiGHS 1.15.1 (git hash: n/a): Copyright (c) 2026 under MIT licence terms
Includes third-party software components, see THIRD_PARTY_NOTICES.md for full details
Command line parsed using CLI11 2.5.0: Copyright (c) 2017-2025 University of Cincinnati
Set option presolve to "off"
Set option solver to "simplex"
Set option parallel to "off"
Set option threads to 1
Set option run_crossover to "off"
LP dfl001 has 6071 rows; 12230 cols; 35632 nonzeros
Coefficient ranges:
  Matrix  [8e-02, 2e+00]
  Cost    [6e+02, 4e+07]
  Bound   [4e+00, 1e+02]
  RHS     [1e+00, 1e+02]
WARNING: Problem has some excessively large costs
WARNING:    Consider scaling the objective by 1e-2, or setting the user_objective_scale option to -6
Solving LP without presolve or useful basis
Using dual simplex solver
  Iteration        Objective     Infeasibilities num(sum)
          0     0.0000000000e+00 Pr: 1663(15843.5) 0.0s
      18721     1.1260972025e+07 Pr: 954(6503.57) 5.0s
      21189     1.1266396047e+07 Pr: 0(0); Du: 0(1.95356e-08) 5.9s
      21189     1.1266396047e+07 Pr: 0(0); Du: 0(1.95356e-08) 5.9s

Model name          : dfl001
Model status        : Optimal
Simplex   iterations: 21189
Objective value     :  1.1266396047e+07
P-D objective error :  1.4052837305e-15
HiGHS run time      :          5.89
Running HiGHS 1.15.1 (git hash: n/a): Copyright (c) 2026 under MIT licence terms
Includes third-party software components, see THIRD_PARTY_NOTICES.md for full details
Command line parsed using CLI11 2.5.0: Copyright (c) 2017-2025 University of Cincinnati
Set option presolve to "off"
Set option solver to "simplex"
Set option parallel to "off"
Set option threads to 1
Set option run_crossover to "off"
LP dfl001 has 6071 rows; 12230 cols; 35632 nonzeros
Coefficient ranges:
  Matrix  [8e-02, 2e+00]
  Cost    [6e+02, 4e+07]
  Bound   [4e+00, 1e+02]
  RHS     [1e+00, 1e+02]
WARNING: Problem has some excessively large costs
WARNING:    Consider scaling the objective by 1e-2, or setting the user_objective_scale option to -6
Solving LP without presolve or useful basis
Using dual simplex solver
  Iteration        Objective     Infeasibilities num(sum)
          0     0.0000000000e+00 Pr: 1663(15843.5) 0.0s
      18591     1.1260250401e+07 Pr: 1154(25081.4) 5.0s
      21189     1.1266396047e+07 Pr: 0(0); Du: 0(1.95356e-08) 5.9s
      21189     1.1266396047e+07 Pr: 0(0); Du: 0(1.95356e-08) 5.9s

Model name          : dfl001
Model status        : Optimal
Simplex   iterations: 21189
Objective value     :  1.1266396047e+07
P-D objective error :  1.4052837305e-15
HiGHS run time      :          5.94
Running HiGHS 1.15.1 (git hash: n/a): Copyright (c) 2026 under MIT licence terms
Includes third-party software components, see THIRD_PARTY_NOTICES.md for full details
Command line parsed using CLI11 2.5.0: Copyright (c) 2017-2025 University of Cincinnati
Set option presolve to "off"
Set option solver to "simplex"
Set option parallel to "off"
Set option threads to 1
Set option run_crossover to "off"
LP e226 has 223 rows; 282 cols; 2578 nonzeros
Coefficient ranges:
  Matrix  [3e-04, 1e+03]
  Cost    [5e-04, 3e+01]
  Bound   [0e+00, 0e+00]
  RHS     [9e-03, 6e+01]
Solving LP without presolve or useful basis
Using dual simplex solver
  Iteration        Objective     Infeasibilities num(sum)
          0    -2.2530121601e+02 Ph1: 108(362.034); Du: 60(225.301) 0.0s
        328    -1.1638929066e+01 Pr: 0(0) 0.0s

Model name          : e226
Model status        : Optimal
Simplex   iterations: 328
Objective value     : -1.1638929066e+01
P-D objective error :  1.4414051497e-14
HiGHS run time      :          0.01
Running HiGHS 1.15.1 (git hash: n/a): Copyright (c) 2026 under MIT licence terms
Includes third-party software components, see THIRD_PARTY_NOTICES.md for full details
Command line parsed using CLI11 2.5.0: Copyright (c) 2017-2025 University of Cincinnati
Set option presolve to "off"
Set option solver to "simplex"
Set option parallel to "off"
Set option threads to 1
Set option run_crossover to "off"
LP e226 has 223 rows; 282 cols; 2578 nonzeros
Coefficient ranges:
  Matrix  [3e-04, 1e+03]
  Cost    [5e-04, 3e+01]
  Bound   [0e+00, 0e+00]
  RHS     [9e-03, 6e+01]
Solving LP without presolve or useful basis
Using dual simplex solver
  Iteration        Objective     Infeasibilities num(sum)
          0    -2.2530121601e+02 Ph1: 108(362.034); Du: 60(225.301) 0.0s
        328    -1.1638929066e+01 Pr: 0(0) 0.0s

Model name          : e226
Model status        : Optimal
Simplex   iterations: 328
Objective value     : -1.1638929066e+01
P-D objective error :  1.4414051497e-14
HiGHS run time      :          0.01
Running HiGHS 1.15.1 (git hash: n/a): Copyright (c) 2026 under MIT licence terms
Includes third-party software components, see THIRD_PARTY_NOTICES.md for full details
Command line parsed using CLI11 2.5.0: Copyright (c) 2017-2025 University of Cincinnati
Set option presolve to "off"
Set option solver to "simplex"
Set option parallel to "off"
Set option threads to 1
Set option run_crossover to "off"
LP etamacro has 400 rows; 688 cols; 2409 nonzeros
Coefficient ranges:
  Matrix  [2e-02, 2e+03]
  Cost    [8e-03, 8e+02]
  Bound   [3e-02, 1e+02]
  RHS     [1e+00, 1e+04]
Solving LP without presolve or useful basis
Using dual simplex solver
  Iteration        Objective     Infeasibilities num(sum)
          0    -2.9562269393e+01 Ph1: 46(77.0946); Du: 45(29.5623) 0.0s
        530    -7.5571523130e+02 Pr: 0(0); Du: 0(1.87426e-07) 0.0s
        530    -7.5571523130e+02 Pr: 0(0); Du: 0(1.87426e-07) 0.0s
Using primal simplex solver
  Iteration        Objective     Infeasibilities num(sum)
        530    -7.5571523130e+02 Pr: 0(0); Du: 1(1.46689e-06) 0.0s
        532    -7.5571523330e+02 Pr: 0(0); Du: 0(1.05135e-07) 0.0s

Model name          : etamacro
Model status        : Optimal
Simplex   iterations: 532
Objective value     : -7.5571523330e+02
P-D objective error :  1.5033661412e-16
HiGHS run time      :          0.01
Running HiGHS 1.15.1 (git hash: n/a): Copyright (c) 2026 under MIT licence terms
Includes third-party software components, see THIRD_PARTY_NOTICES.md for full details
Command line parsed using CLI11 2.5.0: Copyright (c) 2017-2025 University of Cincinnati
Set option presolve to "off"
Set option solver to "simplex"
Set option parallel to "off"
Set option threads to 1
Set option run_crossover to "off"
LP etamacro has 400 rows; 688 cols; 2409 nonzeros
Coefficient ranges:
  Matrix  [2e-02, 2e+03]
  Cost    [8e-03, 8e+02]
  Bound   [3e-02, 1e+02]
  RHS     [1e+00, 1e+04]
Solving LP without presolve or useful basis
Using dual simplex solver
  Iteration        Objective     Infeasibilities num(sum)
          0    -2.9562269393e+01 Ph1: 46(77.0946); Du: 45(29.5623) 0.0s
        530    -7.5571523130e+02 Pr: 0(0); Du: 0(1.87426e-07) 0.0s
        530    -7.5571523130e+02 Pr: 0(0); Du: 0(1.87426e-07) 0.0s
Using primal simplex solver
  Iteration        Objective     Infeasibilities num(sum)
        530    -7.5571523130e+02 Pr: 0(0); Du: 1(1.46689e-06) 0.0s
        532    -7.5571523330e+02 Pr: 0(0); Du: 0(1.05135e-07) 0.0s

Model name          : etamacro
Model status        : Optimal
Simplex   iterations: 532
Objective value     : -7.5571523330e+02
P-D objective error :  1.5033661412e-16
HiGHS run time      :          0.01
Running HiGHS 1.15.1 (git hash: n/a): Copyright (c) 2026 under MIT licence terms
Includes third-party software components, see THIRD_PARTY_NOTICES.md for full details
Command line parsed using CLI11 2.5.0: Copyright (c) 2017-2025 University of Cincinnati
Set option presolve to "off"
Set option solver to "simplex"
Set option parallel to "off"
Set option threads to 1
Set option run_crossover to "off"
LP fffff800 has 524 rows; 854 cols; 6227 nonzeros
Coefficient ranges:
  Matrix  [8e-03, 1e+05]
  Cost    [1e+00, 1e+00]
  Bound   [0e+00, 0e+00]
  RHS     [3e-01, 2e+05]
Solving LP without presolve or useful basis
Using dual simplex solver
  Iteration        Objective     Infeasibilities num(sum)
          0     0.0000000000e+00 Pr: 153(1.27749e+06) 0.0s
        963     5.5567956482e+05 Pr: 0(0); Du: 0(1.06581e-14) 0.0s

Model name          : fffff800
Model status        : Optimal
Simplex   iterations: 963
Objective value     :  5.5567956482e+05
P-D objective error :  4.1900125341e-16
HiGHS run time      :          0.02
Running HiGHS 1.15.1 (git hash: n/a): Copyright (c) 2026 under MIT licence terms
Includes third-party software components, see THIRD_PARTY_NOTICES.md for full details
Command line parsed using CLI11 2.5.0: Copyright (c) 2017-2025 University of Cincinnati
Set option presolve to "off"
Set option solver to "simplex"
Set option parallel to "off"
Set option threads to 1
Set option run_crossover to "off"
LP fffff800 has 524 rows; 854 cols; 6227 nonzeros
Coefficient ranges:
  Matrix  [8e-03, 1e+05]
  Cost    [1e+00, 1e+00]
  Bound   [0e+00, 0e+00]
  RHS     [3e-01, 2e+05]
Solving LP without presolve or useful basis
Using dual simplex solver
  Iteration        Objective     Infeasibilities num(sum)
          0     0.0000000000e+00 Pr: 153(1.27749e+06) 0.0s
        963     5.5567956482e+05 Pr: 0(0); Du: 0(1.06581e-14) 0.0s

Model name          : fffff800
Model status        : Optimal
Simplex   iterations: 963
Objective value     :  5.5567956482e+05
P-D objective error :  4.1900125341e-16
HiGHS run time      :          0.02
Running HiGHS 1.15.1 (git hash: n/a): Copyright (c) 2026 under MIT licence terms
Includes third-party software components, see THIRD_PARTY_NOTICES.md for full details
Command line parsed using CLI11 2.5.0: Copyright (c) 2017-2025 University of Cincinnati
Set option presolve to "off"
Set option solver to "simplex"
Set option parallel to "off"
Set option threads to 1
Set option run_crossover to "off"
LP finnis has 497 rows; 614 cols; 2310 nonzeros
Coefficient ranges:
  Matrix  [5e-04, 3e+01]
  Cost    [1e-05, 4e+03]
  Bound   [1e-04, 3e+04]
  RHS     [1e-02, 4e+03]
WARNING: Problem has some excessively small costs
Solving LP without presolve or useful basis
Using dual simplex solver
  Iteration        Objective     Infeasibilities num(sum)
          0    -1.8518330175e+01 Ph1: 6(2.75); Du: 6(18.5183) 0.0s
        354     1.7279106560e+05 Pr: 0(0); Du: 0(1.11022e-15) 0.0s

Model name          : finnis
Model status        : Optimal
Simplex   iterations: 354
Objective value     :  1.7279106560e+05
P-D objective error :  1.6843316603e-16
HiGHS run time      :          0.01
Running HiGHS 1.15.1 (git hash: n/a): Copyright (c) 2026 under MIT licence terms
Includes third-party software components, see THIRD_PARTY_NOTICES.md for full details
Command line parsed using CLI11 2.5.0: Copyright (c) 2017-2025 University of Cincinnati
Set option presolve to "off"
Set option solver to "simplex"
Set option parallel to "off"
Set option threads to 1
Set option run_crossover to "off"
LP finnis has 497 rows; 614 cols; 2310 nonzeros
Coefficient ranges:
  Matrix  [5e-04, 3e+01]
  Cost    [1e-05, 4e+03]
  Bound   [1e-04, 3e+04]
  RHS     [1e-02, 4e+03]
WARNING: Problem has some excessively small costs
Solving LP without presolve or useful basis
Using dual simplex solver
  Iteration        Objective     Infeasibilities num(sum)
          0    -1.8518330175e+01 Ph1: 6(2.75); Du: 6(18.5183) 0.0s
        354     1.7279106560e+05 Pr: 0(0); Du: 0(1.11022e-15) 0.0s

Model name          : finnis
Model status        : Optimal
Simplex   iterations: 354
Objective value     :  1.7279106560e+05
P-D objective error :  1.6843316603e-16
HiGHS run time      :          0.01
Running HiGHS 1.15.1 (git hash: n/a): Copyright (c) 2026 under MIT licence terms
Includes third-party software components, see THIRD_PARTY_NOTICES.md for full details
Command line parsed using CLI11 2.5.0: Copyright (c) 2017-2025 University of Cincinnati
Set option presolve to "off"
Set option solver to "simplex"
Set option parallel to "off"
Set option threads to 1
Set option run_crossover to "off"
LP fit1d has 24 rows; 1026 cols; 13404 nonzeros
Coefficient ranges:
  Matrix  [1e-02, 2e+03]
  Cost    [1e+01, 1e+03]
  Bound   [1e+00, 3e+00]
  RHS     [0e+00, 0e+00]
Solving LP without presolve or useful basis
Using dual simplex solver
  Iteration        Objective     Infeasibilities num(sum)
          0     0.0000000000e+00 Ph1: 0(0) 0.0s
         57    -9.1463780924e+03 Pr: 0(0) 0.0s

Model name          : fit1d
Model status        : Optimal
Simplex   iterations: 57
Objective value     : -9.1463780924e+03
P-D objective error :  9.9432253561e-17
HiGHS run time      :          0.01
Running HiGHS 1.15.1 (git hash: n/a): Copyright (c) 2026 under MIT licence terms
Includes third-party software components, see THIRD_PARTY_NOTICES.md for full details
Command line parsed using CLI11 2.5.0: Copyright (c) 2017-2025 University of Cincinnati
Set option presolve to "off"
Set option solver to "simplex"
Set option parallel to "off"
Set option threads to 1
Set option run_crossover to "off"
LP fit1d has 24 rows; 1026 cols; 13404 nonzeros
Coefficient ranges:
  Matrix  [1e-02, 2e+03]
  Cost    [1e+01, 1e+03]
  Bound   [1e+00, 3e+00]
  RHS     [0e+00, 0e+00]
Solving LP without presolve or useful basis
Using dual simplex solver
  Iteration        Objective     Infeasibilities num(sum)
          0     0.0000000000e+00 Ph1: 0(0) 0.0s
         57    -9.1463780924e+03 Pr: 0(0) 0.0s

Model name          : fit1d
Model status        : Optimal
Simplex   iterations: 57
Objective value     : -9.1463780924e+03
P-D objective error :  9.9432253561e-17
HiGHS run time      :          0.01
Running HiGHS 1.15.1 (git hash: n/a): Copyright (c) 2026 under MIT licence terms
Includes third-party software components, see THIRD_PARTY_NOTICES.md for full details
Command line parsed using CLI11 2.5.0: Copyright (c) 2017-2025 University of Cincinnati
Set option presolve to "off"
Set option solver to "simplex"
Set option parallel to "off"
Set option threads to 1
Set option run_crossover to "off"
LP fit1p has 627 rows; 1677 cols; 9868 nonzeros
Coefficient ranges:
  Matrix  [1e-02, 2e+03]
  Cost    [1e+00, 3e+00]
  Bound   [8e+01, 1e+03]
  RHS     [1e+01, 2e+02]
Solving LP without presolve or useful basis
Using dual simplex solver
  Iteration        Objective     Infeasibilities num(sum)
          0     0.0000000000e+00 Pr: 627(19524.1) 0.0s
        860     9.1463780924e+03 Pr: 0(0) 0.0s

Model name          : fit1p
Model status        : Optimal
Simplex   iterations: 860
Objective value     :  9.1463780924e+03
P-D objective error :  3.9772901424e-16
HiGHS run time      :          0.02
Running HiGHS 1.15.1 (git hash: n/a): Copyright (c) 2026 under MIT licence terms
Includes third-party software components, see THIRD_PARTY_NOTICES.md for full details
Command line parsed using CLI11 2.5.0: Copyright (c) 2017-2025 University of Cincinnati
Set option presolve to "off"
Set option solver to "simplex"
Set option parallel to "off"
Set option threads to 1
Set option run_crossover to "off"
LP fit1p has 627 rows; 1677 cols; 9868 nonzeros
Coefficient ranges:
  Matrix  [1e-02, 2e+03]
  Cost    [1e+00, 3e+00]
  Bound   [8e+01, 1e+03]
  RHS     [1e+01, 2e+02]
Solving LP without presolve or useful basis
Using dual simplex solver
  Iteration        Objective     Infeasibilities num(sum)
          0     0.0000000000e+00 Pr: 627(19524.1) 0.0s
        860     9.1463780924e+03 Pr: 0(0) 0.0s

Model name          : fit1p
Model status        : Optimal
Simplex   iterations: 860
Objective value     :  9.1463780924e+03
P-D objective error :  3.9772901424e-16
HiGHS run time      :          0.02
Running HiGHS 1.15.1 (git hash: n/a): Copyright (c) 2026 under MIT licence terms
Includes third-party software components, see THIRD_PARTY_NOTICES.md for full details
Command line parsed using CLI11 2.5.0: Copyright (c) 2017-2025 University of Cincinnati
Set option presolve to "off"
Set option solver to "simplex"
Set option parallel to "off"
Set option threads to 1
Set option run_crossover to "off"
LP fit2d has 25 rows; 10500 cols; 129018 nonzeros
Coefficient ranges:
  Matrix  [5e-02, 3e+03]
  Cost    [5e+00, 8e+03]
  Bound   [5e-01, 8e+00]
  RHS     [0e+00, 0e+00]
Solving LP without presolve or useful basis
Using dual simplex solver
  Iteration        Objective     Infeasibilities num(sum)
          0     0.0000000000e+00 Ph1: 0(0) 0.0s
        148    -6.8464293294e+04 Pr: 0(0); Du: 0(4.44089e-16) 0.0s

Model name          : fit2d
Model status        : Optimal
Simplex   iterations: 148
Objective value     : -6.8464293294e+04
P-D objective error :  6.3763788051e-16
HiGHS run time      :          0.03
Running HiGHS 1.15.1 (git hash: n/a): Copyright (c) 2026 under MIT licence terms
Includes third-party software components, see THIRD_PARTY_NOTICES.md for full details
Command line parsed using CLI11 2.5.0: Copyright (c) 2017-2025 University of Cincinnati
Set option presolve to "off"
Set option solver to "simplex"
Set option parallel to "off"
Set option threads to 1
Set option run_crossover to "off"
LP fit2d has 25 rows; 10500 cols; 129018 nonzeros
Coefficient ranges:
  Matrix  [5e-02, 3e+03]
  Cost    [5e+00, 8e+03]
  Bound   [5e-01, 8e+00]
  RHS     [0e+00, 0e+00]
Solving LP without presolve or useful basis
Using dual simplex solver
  Iteration        Objective     Infeasibilities num(sum)
          0     0.0000000000e+00 Ph1: 0(0) 0.0s
        148    -6.8464293294e+04 Pr: 0(0); Du: 0(4.44089e-16) 0.0s

Model name          : fit2d
Model status        : Optimal
Simplex   iterations: 148
Objective value     : -6.8464293294e+04
P-D objective error :  6.3763788051e-16
HiGHS run time      :          0.04
Running HiGHS 1.15.1 (git hash: n/a): Copyright (c) 2026 under MIT licence terms
Includes third-party software components, see THIRD_PARTY_NOTICES.md for full details
Command line parsed using CLI11 2.5.0: Copyright (c) 2017-2025 University of Cincinnati
Set option presolve to "off"
Set option solver to "simplex"
Set option parallel to "off"
Set option threads to 1
Set option run_crossover to "off"
LP fit2p has 3000 rows; 13525 cols; 50284 nonzeros
Coefficient ranges:
  Matrix  [5e-02, 3e+03]
  Cost    [1e+00, 1e+01]
  Bound   [4e+00, 7e+03]
  RHS     [4e+01, 2e+03]
Solving LP without presolve or useful basis
Using dual simplex solver
  Iteration        Objective     Infeasibilities num(sum)
          0     0.0000000000e+00 Pr: 1500(87699.5) 0.0s
       4907     6.8464293294e+04 Pr: 0(0) 0.5s

Model name          : fit2p
Model status        : Optimal
Simplex   iterations: 4907
Objective value     :  6.8464293294e+04
P-D objective error :  7.4391086059e-16
HiGHS run time      :          0.52
Running HiGHS 1.15.1 (git hash: n/a): Copyright (c) 2026 under MIT licence terms
Includes third-party software components, see THIRD_PARTY_NOTICES.md for full details
Command line parsed using CLI11 2.5.0: Copyright (c) 2017-2025 University of Cincinnati
Set option presolve to "off"
Set option solver to "simplex"
Set option parallel to "off"
Set option threads to 1
Set option run_crossover to "off"
LP fit2p has 3000 rows; 13525 cols; 50284 nonzeros
Coefficient ranges:
  Matrix  [5e-02, 3e+03]
  Cost    [1e+00, 1e+01]
  Bound   [4e+00, 7e+03]
  RHS     [4e+01, 2e+03]
Solving LP without presolve or useful basis
Using dual simplex solver
  Iteration        Objective     Infeasibilities num(sum)
          0     0.0000000000e+00 Pr: 1500(87699.5) 0.0s
       4907     6.8464293294e+04 Pr: 0(0) 0.5s

Model name          : fit2p
Model status        : Optimal
Simplex   iterations: 4907
Objective value     :  6.8464293294e+04
P-D objective error :  7.4391086059e-16
HiGHS run time      :          0.52
Running HiGHS 1.15.1 (git hash: n/a): Copyright (c) 2026 under MIT licence terms
Includes third-party software components, see THIRD_PARTY_NOTICES.md for full details
Command line parsed using CLI11 2.5.0: Copyright (c) 2017-2025 University of Cincinnati
Set option presolve to "off"
Set option solver to "simplex"
Set option parallel to "off"
Set option threads to 1
Set option run_crossover to "off"
LP forplan has 161 rows; 421 cols; 4563 nonzeros
Coefficient ranges:
  Matrix  [7e-03, 3e+03]
  Cost    [1e-04, 1e+00]
  Bound   [3e+03, 1e+07]
  RHS     [1e+01, 7e+06]
WARNING: Problem has some excessively large column bounds
WARNING: Problem has some excessively large row bounds
WARNING:    Consider scaling the    bounds by 1e-1, or setting the user_bound_scale option to -4
Solving LP without presolve or useful basis
Using dual simplex solver
  Iteration        Objective     Infeasibilities num(sum)
          0    -6.9302160162e+01 Ph1: 65(398.398); Du: 28(69.3022) 0.0s
        225    -6.6421896127e+02 Pr: 0(0) 0.0s

Model name          : forplan
Model status        : Optimal
Simplex   iterations: 225
Objective value     : -6.6421896127e+02
P-D objective error :  3.9336884006e-15
HiGHS run time      :          0.01
Running HiGHS 1.15.1 (git hash: n/a): Copyright (c) 2026 under MIT licence terms
Includes third-party software components, see THIRD_PARTY_NOTICES.md for full details
Command line parsed using CLI11 2.5.0: Copyright (c) 2017-2025 University of Cincinnati
Set option presolve to "off"
Set option solver to "simplex"
Set option parallel to "off"
Set option threads to 1
Set option run_crossover to "off"
LP forplan has 161 rows; 421 cols; 4563 nonzeros
Coefficient ranges:
  Matrix  [7e-03, 3e+03]
  Cost    [1e-04, 1e+00]
  Bound   [3e+03, 1e+07]
  RHS     [1e+01, 7e+06]
WARNING: Problem has some excessively large column bounds
WARNING: Problem has some excessively large row bounds
WARNING:    Consider scaling the    bounds by 1e-1, or setting the user_bound_scale option to -4
Solving LP without presolve or useful basis
Using dual simplex solver
  Iteration        Objective     Infeasibilities num(sum)
          0    -6.9302160162e+01 Ph1: 65(398.398); Du: 28(69.3022) 0.0s
        225    -6.6421896127e+02 Pr: 0(0) 0.0s

Model name          : forplan
Model status        : Optimal
Simplex   iterations: 225
Objective value     : -6.6421896127e+02
P-D objective error :  3.9336884006e-15
HiGHS run time      :          0.01
Running HiGHS 1.15.1 (git hash: n/a): Copyright (c) 2026 under MIT licence terms
Includes third-party software components, see THIRD_PARTY_NOTICES.md for full details
Command line parsed using CLI11 2.5.0: Copyright (c) 2017-2025 University of Cincinnati
Set option presolve to "off"
Set option solver to "simplex"
Set option parallel to "off"
Set option threads to 1
Set option run_crossover to "off"
LP ganges has 1309 rows; 1681 cols; 6912 nonzeros
Coefficient ranges:
  Matrix  [1e-03, 1e+00]
  Cost    [5e-01, 5e-01]
  Bound   [6e+00, 5e+04]
  RHS     [1e+01, 1e+05]
Solving LP without presolve or useful basis
Using dual simplex solver
  Iteration        Objective     Infeasibilities num(sum)
          0     0.0000000000e+00 Ph1: 0(0) 0.0s
       1270    -1.0958573613e+05 Pr: 0(0); Du: 0(7.30438e-12) 0.0s

Model name          : ganges
Model status        : Optimal
Simplex   iterations: 1270
Objective value     : -1.0958573613e+05
P-D objective error :  2.2574236293e-15
HiGHS run time      :          0.01
Running HiGHS 1.15.1 (git hash: n/a): Copyright (c) 2026 under MIT licence terms
Includes third-party software components, see THIRD_PARTY_NOTICES.md for full details
Command line parsed using CLI11 2.5.0: Copyright (c) 2017-2025 University of Cincinnati
Set option presolve to "off"
Set option solver to "simplex"
Set option parallel to "off"
Set option threads to 1
Set option run_crossover to "off"
LP ganges has 1309 rows; 1681 cols; 6912 nonzeros
Coefficient ranges:
  Matrix  [1e-03, 1e+00]
  Cost    [5e-01, 5e-01]
  Bound   [6e+00, 5e+04]
  RHS     [1e+01, 1e+05]
Solving LP without presolve or useful basis
Using dual simplex solver
  Iteration        Objective     Infeasibilities num(sum)
          0     0.0000000000e+00 Ph1: 0(0) 0.0s
       1270    -1.0958573613e+05 Pr: 0(0); Du: 0(7.30438e-12) 0.0s

Model name          : ganges
Model status        : Optimal
Simplex   iterations: 1270
Objective value     : -1.0958573613e+05
P-D objective error :  2.2574236293e-15
HiGHS run time      :          0.01
Running HiGHS 1.15.1 (git hash: n/a): Copyright (c) 2026 under MIT licence terms
Includes third-party software components, see THIRD_PARTY_NOTICES.md for full details
Command line parsed using CLI11 2.5.0: Copyright (c) 2017-2025 University of Cincinnati
Set option presolve to "off"
Set option solver to "simplex"
Set option parallel to "off"
Set option threads to 1
Set option run_crossover to "off"
LP gfrd-pnc has 616 rows; 1092 cols; 2377 nonzeros
Coefficient ranges:
  Matrix  [1e+00, 1e+03]
  Cost    [2e-01, 8e+04]
  Bound   [1e+00, 1e+05]
  RHS     [9e+02, 1e+03]
Solving LP without presolve or useful basis
Using dual simplex solver
  Iteration        Objective     Infeasibilities num(sum)
          0     2.9813883317e-01 Pr: 2(140000) 0.0s
        573     6.9022359995e+06 Pr: 0(0) 0.0s

Model name          : gfrd-pnc
Model status        : Optimal
Simplex   iterations: 573
Objective value     :  6.9022359995e+06
P-D objective error :  2.6986110217e-16
HiGHS run time      :          0.01
Running HiGHS 1.15.1 (git hash: n/a): Copyright (c) 2026 under MIT licence terms
Includes third-party software components, see THIRD_PARTY_NOTICES.md for full details
Command line parsed using CLI11 2.5.0: Copyright (c) 2017-2025 University of Cincinnati
Set option presolve to "off"
Set option solver to "simplex"
Set option parallel to "off"
Set option threads to 1
Set option run_crossover to "off"
LP gfrd-pnc has 616 rows; 1092 cols; 2377 nonzeros
Coefficient ranges:
  Matrix  [1e+00, 1e+03]
  Cost    [2e-01, 8e+04]
  Bound   [1e+00, 1e+05]
  RHS     [9e+02, 1e+03]
Solving LP without presolve or useful basis
Using dual simplex solver
  Iteration        Objective     Infeasibilities num(sum)
          0     2.9813883317e-01 Pr: 2(140000) 0.0s
        573     6.9022359995e+06 Pr: 0(0) 0.0s

Model name          : gfrd-pnc
Model status        : Optimal
Simplex   iterations: 573
Objective value     :  6.9022359995e+06
P-D objective error :  2.6986110217e-16
HiGHS run time      :          0.01
Running HiGHS 1.15.1 (git hash: n/a): Copyright (c) 2026 under MIT licence terms
Includes third-party software components, see THIRD_PARTY_NOTICES.md for full details
Command line parsed using CLI11 2.5.0: Copyright (c) 2017-2025 University of Cincinnati
Set option presolve to "off"
Set option solver to "simplex"
Set option parallel to "off"
Set option threads to 1
Set option run_crossover to "off"
LP greenbea has 2392 rows; 5405 cols; 30877 nonzeros
Coefficient ranges:
  Matrix  [6e-05, 1e+02]
  Cost    [6e-02, 1e+02]
  Bound   [1e+00, 1e+04]
  RHS     [0e+00, 0e+00]
Solving LP without presolve or useful basis
Using dual simplex solver
  Iteration        Objective     Infeasibilities num(sum)
          0    -1.7539523835e+01 Ph1: 6(3.75); Du: 6(17.5395) 0.0s
       5109    -7.2555248130e+07 Pr: 0(0); Du: 0(1.01554e-11) 0.3s
       5109    -7.2555248130e+07 Pr: 0(0); Du: 0(1.01554e-11) 0.3s

Model name          : greenbea
Model status        : Optimal
Simplex   iterations: 5109
Objective value     : -7.2555248130e+07
P-D objective error :  5.1344187620e-16
HiGHS run time      :          0.28
Running HiGHS 1.15.1 (git hash: n/a): Copyright (c) 2026 under MIT licence terms
Includes third-party software components, see THIRD_PARTY_NOTICES.md for full details
Command line parsed using CLI11 2.5.0: Copyright (c) 2017-2025 University of Cincinnati
Set option presolve to "off"
Set option solver to "simplex"
Set option parallel to "off"
Set option threads to 1
Set option run_crossover to "off"
LP greenbea has 2392 rows; 5405 cols; 30877 nonzeros
Coefficient ranges:
  Matrix  [6e-05, 1e+02]
  Cost    [6e-02, 1e+02]
  Bound   [1e+00, 1e+04]
  RHS     [0e+00, 0e+00]
Solving LP without presolve or useful basis
Using dual simplex solver
  Iteration        Objective     Infeasibilities num(sum)
          0    -1.7539523835e+01 Ph1: 6(3.75); Du: 6(17.5395) 0.0s
       5109    -7.2555248130e+07 Pr: 0(0); Du: 0(1.01554e-11) 0.3s
       5109    -7.2555248130e+07 Pr: 0(0); Du: 0(1.01554e-11) 0.3s

Model name          : greenbea
Model status        : Optimal
Simplex   iterations: 5109
Objective value     : -7.2555248130e+07
P-D objective error :  5.1344187620e-16
HiGHS run time      :          0.29
Running HiGHS 1.15.1 (git hash: n/a): Copyright (c) 2026 under MIT licence terms
Includes third-party software components, see THIRD_PARTY_NOTICES.md for full details
Command line parsed using CLI11 2.5.0: Copyright (c) 2017-2025 University of Cincinnati
Set option presolve to "off"
Set option solver to "simplex"
Set option parallel to "off"
Set option threads to 1
Set option run_crossover to "off"
LP greenbeb has 2392 rows; 5405 cols; 30877 nonzeros
Coefficient ranges:
  Matrix  [6e-05, 1e+02]
  Cost    [6e-02, 1e+02]
  Bound   [1e+00, 1e+04]
  RHS     [0e+00, 0e+00]
Solving LP without presolve or useful basis
Using dual simplex solver
  Iteration        Objective     Infeasibilities num(sum)
          0    -1.2597269445e+03 Ph1: 12(7691.25); Du: 10(25.0254) 0.0s
       8188    -4.3022602612e+06 Pr: 0(0); Du: 0(5.54223e-13) 0.4s

Model name          : greenbeb
Model status        : Optimal
Simplex   iterations: 8188
Objective value     : -4.3022602612e+06
P-D objective error :  1.0823641642e-16
HiGHS run time      :          0.45
Running HiGHS 1.15.1 (git hash: n/a): Copyright (c) 2026 under MIT licence terms
Includes third-party software components, see THIRD_PARTY_NOTICES.md for full details
Command line parsed using CLI11 2.5.0: Copyright (c) 2017-2025 University of Cincinnati
Set option presolve to "off"
Set option solver to "simplex"
Set option parallel to "off"
Set option threads to 1
Set option run_crossover to "off"
LP greenbeb has 2392 rows; 5405 cols; 30877 nonzeros
Coefficient ranges:
  Matrix  [6e-05, 1e+02]
  Cost    [6e-02, 1e+02]
  Bound   [1e+00, 1e+04]
  RHS     [0e+00, 0e+00]
Solving LP without presolve or useful basis
Using dual simplex solver
  Iteration        Objective     Infeasibilities num(sum)
          0    -1.2597269445e+03 Ph1: 12(7691.25); Du: 10(25.0254) 0.0s
       8188    -4.3022602612e+06 Pr: 0(0); Du: 0(5.54223e-13) 0.5s

Model name          : greenbeb
Model status        : Optimal
Simplex   iterations: 8188
Objective value     : -4.3022602612e+06
P-D objective error :  1.0823641642e-16
HiGHS run time      :          0.45
Running HiGHS 1.15.1 (git hash: n/a): Copyright (c) 2026 under MIT licence terms
Includes third-party software components, see THIRD_PARTY_NOTICES.md for full details
Command line parsed using CLI11 2.5.0: Copyright (c) 2017-2025 University of Cincinnati
Set option presolve to "off"
Set option solver to "simplex"
Set option parallel to "off"
Set option threads to 1
Set option run_crossover to "off"
LP grow15 has 300 rows; 645 cols; 5620 nonzeros
Coefficient ranges:
  Matrix  [6e-06, 1e+00]
  Cost    [1e+00, 7e+00]
  Bound   [3e+03, 1e+06]
  RHS     [0e+00, 0e+00]
WARNING: Problem has some excessively large column bounds
WARNING:    Consider scaling the    bounds by 1e-1, or setting the user_bound_scale option to -1
Solving LP without presolve or useful basis
Using dual simplex solver
  Iteration        Objective     Infeasibilities num(sum)
          0     0.0000000000e+00 Ph1: 0(0) 0.0s
        997    -1.0687094129e+08 Pr: 0(0); Du: 0(7.61546e-12) 0.0s

Model name          : grow15
Model status        : Optimal
Simplex   iterations: 997
Objective value     : -1.0687094129e+08
P-D objective error :  0.0000000000e+00
HiGHS run time      :          0.02
Running HiGHS 1.15.1 (git hash: n/a): Copyright (c) 2026 under MIT licence terms
Includes third-party software components, see THIRD_PARTY_NOTICES.md for full details
Command line parsed using CLI11 2.5.0: Copyright (c) 2017-2025 University of Cincinnati
Set option presolve to "off"
Set option solver to "simplex"
Set option parallel to "off"
Set option threads to 1
Set option run_crossover to "off"
LP grow15 has 300 rows; 645 cols; 5620 nonzeros
Coefficient ranges:
  Matrix  [6e-06, 1e+00]
  Cost    [1e+00, 7e+00]
  Bound   [3e+03, 1e+06]
  RHS     [0e+00, 0e+00]
WARNING: Problem has some excessively large column bounds
WARNING:    Consider scaling the    bounds by 1e-1, or setting the user_bound_scale option to -1
Solving LP without presolve or useful basis
Using dual simplex solver
  Iteration        Objective     Infeasibilities num(sum)
          0     0.0000000000e+00 Ph1: 0(0) 0.0s
        997    -1.0687094129e+08 Pr: 0(0); Du: 0(7.61546e-12) 0.0s

Model name          : grow15
Model status        : Optimal
Simplex   iterations: 997
Objective value     : -1.0687094129e+08
P-D objective error :  0.0000000000e+00
HiGHS run time      :          0.02
Running HiGHS 1.15.1 (git hash: n/a): Copyright (c) 2026 under MIT licence terms
Includes third-party software components, see THIRD_PARTY_NOTICES.md for full details
Command line parsed using CLI11 2.5.0: Copyright (c) 2017-2025 University of Cincinnati
Set option presolve to "off"
Set option solver to "simplex"
Set option parallel to "off"
Set option threads to 1
Set option run_crossover to "off"
LP grow22 has 440 rows; 946 cols; 8252 nonzeros
Coefficient ranges:
  Matrix  [6e-06, 1e+00]
  Cost    [1e+00, 7e+00]
  Bound   [3e+03, 1e+06]
  RHS     [0e+00, 0e+00]
WARNING: Problem has some excessively large column bounds
WARNING:    Consider scaling the    bounds by 1e-1, or setting the user_bound_scale option to -1
Solving LP without presolve or useful basis
Using dual simplex solver
  Iteration        Objective     Infeasibilities num(sum)
          0     0.0000000000e+00 Ph1: 0(0) 0.0s
       1693    -1.6083433648e+08 Pr: 0(0); Du: 0(2.04279e-11) 0.0s

Model name          : grow22
Model status        : Optimal
Simplex   iterations: 1693
Objective value     : -1.6083433648e+08
P-D objective error :  0.0000000000e+00
HiGHS run time      :          0.04
Running HiGHS 1.15.1 (git hash: n/a): Copyright (c) 2026 under MIT licence terms
Includes third-party software components, see THIRD_PARTY_NOTICES.md for full details
Command line parsed using CLI11 2.5.0: Copyright (c) 2017-2025 University of Cincinnati
Set option presolve to "off"
Set option solver to "simplex"
Set option parallel to "off"
Set option threads to 1
Set option run_crossover to "off"
LP grow22 has 440 rows; 946 cols; 8252 nonzeros
Coefficient ranges:
  Matrix  [6e-06, 1e+00]
  Cost    [1e+00, 7e+00]
  Bound   [3e+03, 1e+06]
  RHS     [0e+00, 0e+00]
WARNING: Problem has some excessively large column bounds
WARNING:    Consider scaling the    bounds by 1e-1, or setting the user_bound_scale option to -1
Solving LP without presolve or useful basis
Using dual simplex solver
  Iteration        Objective     Infeasibilities num(sum)
          0     0.0000000000e+00 Ph1: 0(0) 0.0s
       1693    -1.6083433648e+08 Pr: 0(0); Du: 0(2.04279e-11) 0.0s

Model name          : grow22
Model status        : Optimal
Simplex   iterations: 1693
Objective value     : -1.6083433648e+08
P-D objective error :  0.0000000000e+00
HiGHS run time      :          0.04
Running HiGHS 1.15.1 (git hash: n/a): Copyright (c) 2026 under MIT licence terms
Includes third-party software components, see THIRD_PARTY_NOTICES.md for full details
Command line parsed using CLI11 2.5.0: Copyright (c) 2017-2025 University of Cincinnati
Set option presolve to "off"
Set option solver to "simplex"
Set option parallel to "off"
Set option threads to 1
Set option run_crossover to "off"
LP grow7 has 140 rows; 301 cols; 2612 nonzeros
Coefficient ranges:
  Matrix  [6e-06, 1e+00]
  Cost    [1e+00, 7e+00]
  Bound   [3e+03, 1e+06]
  RHS     [0e+00, 0e+00]
WARNING: Problem has some excessively large column bounds
WARNING:    Consider scaling the    bounds by 1e-1, or setting the user_bound_scale option to -1
Solving LP without presolve or useful basis
Using dual simplex solver
  Iteration        Objective     Infeasibilities num(sum)
          0     0.0000000000e+00 Ph1: 0(0) 0.0s
        339    -4.7787811815e+07 Pr: 0(0); Du: 0(6.386e-13) 0.0s

Model name          : grow7
Model status        : Optimal
Simplex   iterations: 339
Objective value     : -4.7787811815e+07
P-D objective error :  3.1181927927e-16
HiGHS run time      :          0.01
Running HiGHS 1.15.1 (git hash: n/a): Copyright (c) 2026 under MIT licence terms
Includes third-party software components, see THIRD_PARTY_NOTICES.md for full details
Command line parsed using CLI11 2.5.0: Copyright (c) 2017-2025 University of Cincinnati
Set option presolve to "off"
Set option solver to "simplex"
Set option parallel to "off"
Set option threads to 1
Set option run_crossover to "off"
LP grow7 has 140 rows; 301 cols; 2612 nonzeros
Coefficient ranges:
  Matrix  [6e-06, 1e+00]
  Cost    [1e+00, 7e+00]
  Bound   [3e+03, 1e+06]
  RHS     [0e+00, 0e+00]
WARNING: Problem has some excessively large column bounds
WARNING:    Consider scaling the    bounds by 1e-1, or setting the user_bound_scale option to -1
Solving LP without presolve or useful basis
Using dual simplex solver
  Iteration        Objective     Infeasibilities num(sum)
          0     0.0000000000e+00 Ph1: 0(0) 0.0s
        339    -4.7787811815e+07 Pr: 0(0); Du: 0(6.386e-13) 0.0s

Model name          : grow7
Model status        : Optimal
Simplex   iterations: 339
Objective value     : -4.7787811815e+07
P-D objective error :  3.1181927927e-16
HiGHS run time      :          0.01
Running HiGHS 1.15.1 (git hash: n/a): Copyright (c) 2026 under MIT licence terms
Includes third-party software components, see THIRD_PARTY_NOTICES.md for full details
Command line parsed using CLI11 2.5.0: Copyright (c) 2017-2025 University of Cincinnati
Set option presolve to "off"
Set option solver to "simplex"
Set option parallel to "off"
Set option threads to 1
Set option run_crossover to "off"
LP israel has 174 rows; 142 cols; 2269 nonzeros
Coefficient ranges:
  Matrix  [1e-03, 2e+03]
  Cost    [2e-01, 3e+03]
  Bound   [0e+00, 0e+00]
  RHS     [5e-01, 9e+05]
Solving LP without presolve or useful basis
Using dual simplex solver
  Iteration        Objective     Infeasibilities num(sum)
          0    -1.3154677422e+03 Ph1: 150(1646.62); Du: 24(1315.47) 0.0s
        146    -8.9664482186e+05 Pr: 0(0); Du: 0(7.20565e-13) 0.0s

Model name          : israel
Model status        : Optimal
Simplex   iterations: 146
Objective value     : -8.9664482186e+05
P-D objective error :  5.8425437065e-16
HiGHS run time      :          0.00
Running HiGHS 1.15.1 (git hash: n/a): Copyright (c) 2026 under MIT licence terms
Includes third-party software components, see THIRD_PARTY_NOTICES.md for full details
Command line parsed using CLI11 2.5.0: Copyright (c) 2017-2025 University of Cincinnati
Set option presolve to "off"
Set option solver to "simplex"
Set option parallel to "off"
Set option threads to 1
Set option run_crossover to "off"
LP israel has 174 rows; 142 cols; 2269 nonzeros
Coefficient ranges:
  Matrix  [1e-03, 2e+03]
  Cost    [2e-01, 3e+03]
  Bound   [0e+00, 0e+00]
  RHS     [5e-01, 9e+05]
Solving LP without presolve or useful basis
Using dual simplex solver
  Iteration        Objective     Infeasibilities num(sum)
          0    -1.3154677422e+03 Ph1: 150(1646.62); Du: 24(1315.47) 0.0s
        146    -8.9664482186e+05 Pr: 0(0); Du: 0(7.20565e-13) 0.0s

Model name          : israel
Model status        : Optimal
Simplex   iterations: 146
Objective value     : -8.9664482186e+05
P-D objective error :  5.8425437065e-16
HiGHS run time      :          0.00
Running HiGHS 1.15.1 (git hash: n/a): Copyright (c) 2026 under MIT licence terms
Includes third-party software components, see THIRD_PARTY_NOTICES.md for full details
Command line parsed using CLI11 2.5.0: Copyright (c) 2017-2025 University of Cincinnati
Set option presolve to "off"
Set option solver to "simplex"
Set option parallel to "off"
Set option threads to 1
Set option run_crossover to "off"
LP kb2 has 43 rows; 41 cols; 286 nonzeros
Coefficient ranges:
  Matrix  [2e-01, 1e+02]
  Cost    [9e-02, 2e+01]
  Bound   [5e+00, 2e+02]
  RHS     [0e+00, 0e+00]
Solving LP without presolve or useful basis
Using dual simplex solver
  Iteration        Objective     Infeasibilities num(sum)
          0     0.0000000000e+00 Ph1: 0(0) 0.0s
         50    -1.7499001299e+03 Pr: 0(0) 0.0s

Model name          : kb2
Model status        : Optimal
Simplex   iterations: 50
Objective value     : -1.7499001299e+03
P-D objective error :  0.0000000000e+00
HiGHS run time      :          0.00
Running HiGHS 1.15.1 (git hash: n/a): Copyright (c) 2026 under MIT licence terms
Includes third-party software components, see THIRD_PARTY_NOTICES.md for full details
Command line parsed using CLI11 2.5.0: Copyright (c) 2017-2025 University of Cincinnati
Set option presolve to "off"
Set option solver to "simplex"
Set option parallel to "off"
Set option threads to 1
Set option run_crossover to "off"
LP kb2 has 43 rows; 41 cols; 286 nonzeros
Coefficient ranges:
  Matrix  [2e-01, 1e+02]
  Cost    [9e-02, 2e+01]
  Bound   [5e+00, 2e+02]
  RHS     [0e+00, 0e+00]
Solving LP without presolve or useful basis
Using dual simplex solver
  Iteration        Objective     Infeasibilities num(sum)
          0     0.0000000000e+00 Ph1: 0(0) 0.0s
         50    -1.7499001299e+03 Pr: 0(0) 0.0s

Model name          : kb2
Model status        : Optimal
Simplex   iterations: 50
Objective value     : -1.7499001299e+03
P-D objective error :  0.0000000000e+00
HiGHS run time      :          0.00
Running HiGHS 1.15.1 (git hash: n/a): Copyright (c) 2026 under MIT licence terms
Includes third-party software components, see THIRD_PARTY_NOTICES.md for full details
Command line parsed using CLI11 2.5.0: Copyright (c) 2017-2025 University of Cincinnati
Set option presolve to "off"
Set option solver to "simplex"
Set option parallel to "off"
Set option threads to 1
Set option run_crossover to "off"
LP lotfi has 153 rows; 308 cols; 1078 nonzeros
Coefficient ranges:
  Matrix  [2e-02, 1e+03]
  Cost    [1e+00, 1e+00]
  Bound   [0e+00, 0e+00]
  RHS     [1e+00, 2e+04]
Solving LP without presolve or useful basis
Using dual simplex solver
  Iteration        Objective     Infeasibilities num(sum)
          0    -3.9057889250e-03 Ph1: 1(0.78125); Du: 1(0.00390579) 0.0s
        256    -2.5264706062e+01 Pr: 0(0) 0.0s

Model name          : lotfi
Model status        : Optimal
Simplex   iterations: 256
Objective value     : -2.5264706062e+01
P-D objective error :  2.0683606890e-16
HiGHS run time      :          0.01
Running HiGHS 1.15.1 (git hash: n/a): Copyright (c) 2026 under MIT licence terms
Includes third-party software components, see THIRD_PARTY_NOTICES.md for full details
Command line parsed using CLI11 2.5.0: Copyright (c) 2017-2025 University of Cincinnati
Set option presolve to "off"
Set option solver to "simplex"
Set option parallel to "off"
Set option threads to 1
Set option run_crossover to "off"
LP lotfi has 153 rows; 308 cols; 1078 nonzeros
Coefficient ranges:
  Matrix  [2e-02, 1e+03]
  Cost    [1e+00, 1e+00]
  Bound   [0e+00, 0e+00]
  RHS     [1e+00, 2e+04]
Solving LP without presolve or useful basis
Using dual simplex solver
  Iteration        Objective     Infeasibilities num(sum)
          0    -3.9057889250e-03 Ph1: 1(0.78125); Du: 1(0.00390579) 0.0s
        256    -2.5264706062e+01 Pr: 0(0) 0.0s

Model name          : lotfi
Model status        : Optimal
Simplex   iterations: 256
Objective value     : -2.5264706062e+01
P-D objective error :  2.0683606890e-16
HiGHS run time      :          0.01
Running HiGHS 1.15.1 (git hash: n/a): Copyright (c) 2026 under MIT licence terms
Includes third-party software components, see THIRD_PARTY_NOTICES.md for full details
Command line parsed using CLI11 2.5.0: Copyright (c) 2017-2025 University of Cincinnati
Set option presolve to "off"
Set option solver to "simplex"
Set option parallel to "off"
Set option threads to 1
Set option run_crossover to "off"
LP maros has 846 rows; 1443 cols; 9614 nonzeros
Coefficient ranges:
  Matrix  [1e-04, 2e+04]
  Cost    [4e-05, 1e+02]
  Bound   [2e+01, 7e+03]
  RHS     [2e+02, 4e+02]
WARNING: Problem has some excessively small costs
Solving LP without presolve or useful basis
Using dual simplex solver
  Iteration        Objective     Infeasibilities num(sum)
          0    -5.1432914090e+02 Ph1: 136(196.722); Du: 162(514.329) 0.0s
       2459    -5.8063743701e+04 Pr: 0(0); Du: 0(1.55968e-13) 0.0s

Model name          : maros
Model status        : Optimal
Simplex   iterations: 2459
Objective value     : -5.8063743701e+04
P-D objective error :  3.7592624051e-16
HiGHS run time      :          0.05
Running HiGHS 1.15.1 (git hash: n/a): Copyright (c) 2026 under MIT licence terms
Includes third-party software components, see THIRD_PARTY_NOTICES.md for full details
Command line parsed using CLI11 2.5.0: Copyright (c) 2017-2025 University of Cincinnati
Set option presolve to "off"
Set option solver to "simplex"
Set option parallel to "off"
Set option threads to 1
Set option run_crossover to "off"
LP maros has 846 rows; 1443 cols; 9614 nonzeros
Coefficient ranges:
  Matrix  [1e-04, 2e+04]
  Cost    [4e-05, 1e+02]
  Bound   [2e+01, 7e+03]
  RHS     [2e+02, 4e+02]
WARNING: Problem has some excessively small costs
Solving LP without presolve or useful basis
Using dual simplex solver
  Iteration        Objective     Infeasibilities num(sum)
          0    -5.1432914090e+02 Ph1: 136(196.722); Du: 162(514.329) 0.0s
       2459    -5.8063743701e+04 Pr: 0(0); Du: 0(1.55968e-13) 0.1s

Model name          : maros
Model status        : Optimal
Simplex   iterations: 2459
Objective value     : -5.8063743701e+04
P-D objective error :  3.7592624051e-16
HiGHS run time      :          0.05
Running HiGHS 1.15.1 (git hash: n/a): Copyright (c) 2026 under MIT licence terms
Includes third-party software components, see THIRD_PARTY_NOTICES.md for full details
Command line parsed using CLI11 2.5.0: Copyright (c) 2017-2025 University of Cincinnati
Set option presolve to "off"
Set option solver to "simplex"
Set option parallel to "off"
Set option threads to 1
Set option run_crossover to "off"
LP maros-r7 has 3136 rows; 9408 cols; 144848 nonzeros
Coefficient ranges:
  Matrix  [2e-03, 1e+00]
  Cost    [1e+00, 1e+00]
  Bound   [0e+00, 0e+00]
  RHS     [1e+00, 3e+04]
Solving LP without presolve or useful basis
Using dual simplex solver
  Iteration        Objective     Infeasibilities num(sum)
          0     0.0000000000e+00 Pr: 3132(1.06548e+07) 0.0s
WARNING:    Increasing Markowitz threshold to 0.5
       4487     1.4971851665e+06 Pr: 0(0) 0.9s

Model name          : maros-r7
Model status        : Optimal
Simplex   iterations: 4487
Objective value     :  1.4971851665e+06
P-D objective error :  3.8878051144e-16
HiGHS run time      :          0.92
Running HiGHS 1.15.1 (git hash: n/a): Copyright (c) 2026 under MIT licence terms
Includes third-party software components, see THIRD_PARTY_NOTICES.md for full details
Command line parsed using CLI11 2.5.0: Copyright (c) 2017-2025 University of Cincinnati
Set option presolve to "off"
Set option solver to "simplex"
Set option parallel to "off"
Set option threads to 1
Set option run_crossover to "off"
LP maros-r7 has 3136 rows; 9408 cols; 144848 nonzeros
Coefficient ranges:
  Matrix  [2e-03, 1e+00]
  Cost    [1e+00, 1e+00]
  Bound   [0e+00, 0e+00]
  RHS     [1e+00, 3e+04]
Solving LP without presolve or useful basis
Using dual simplex solver
  Iteration        Objective     Infeasibilities num(sum)
          0     0.0000000000e+00 Pr: 3132(1.06548e+07) 0.0s
WARNING:    Increasing Markowitz threshold to 0.5
       4487     1.4971851665e+06 Pr: 0(0) 0.9s

Model name          : maros-r7
Model status        : Optimal
Simplex   iterations: 4487
Objective value     :  1.4971851665e+06
P-D objective error :  3.8878051144e-16
HiGHS run time      :          0.92
Running HiGHS 1.15.1 (git hash: n/a): Copyright (c) 2026 under MIT licence terms
Includes third-party software components, see THIRD_PARTY_NOTICES.md for full details
Command line parsed using CLI11 2.5.0: Copyright (c) 2017-2025 University of Cincinnati
Set option presolve to "off"
Set option solver to "simplex"
Set option parallel to "off"
Set option threads to 1
Set option run_crossover to "off"
LP modszk1 has 687 rows; 1620 cols; 3168 nonzeros
Coefficient ranges:
  Matrix  [7e-04, 1e+00]
  Cost    [1e-01, 4e+03]
  Bound   [0e+00, 0e+00]
  RHS     [3e+04, 1e+05]
Solving LP without presolve or useful basis
Using dual simplex solver
  Iteration        Objective     Infeasibilities num(sum)
          0     0.0000000000e+00 Pr: 14(81120.1); Du: 0(5.95677e-13) 0.0s
        678     3.2061972906e+02 Pr: 0(0) 0.0s

Model name          : modszk1
Model status        : Optimal
Simplex   iterations: 678
Objective value     :  3.2061972906e+02
P-D objective error :  1.4702971955e-12
HiGHS run time      :          0.01
Running HiGHS 1.15.1 (git hash: n/a): Copyright (c) 2026 under MIT licence terms
Includes third-party software components, see THIRD_PARTY_NOTICES.md for full details
Command line parsed using CLI11 2.5.0: Copyright (c) 2017-2025 University of Cincinnati
Set option presolve to "off"
Set option solver to "simplex"
Set option parallel to "off"
Set option threads to 1
Set option run_crossover to "off"
LP modszk1 has 687 rows; 1620 cols; 3168 nonzeros
Coefficient ranges:
  Matrix  [7e-04, 1e+00]
  Cost    [1e-01, 4e+03]
  Bound   [0e+00, 0e+00]
  RHS     [3e+04, 1e+05]
Solving LP without presolve or useful basis
Using dual simplex solver
  Iteration        Objective     Infeasibilities num(sum)
          0     0.0000000000e+00 Pr: 14(81120.1); Du: 0(5.95677e-13) 0.0s
        678     3.2061972906e+02 Pr: 0(0) 0.0s

Model name          : modszk1
Model status        : Optimal
Simplex   iterations: 678
Objective value     :  3.2061972906e+02
P-D objective error :  1.4702971955e-12
HiGHS run time      :          0.01
Running HiGHS 1.15.1 (git hash: n/a): Copyright (c) 2026 under MIT licence terms
Includes third-party software components, see THIRD_PARTY_NOTICES.md for full details
Command line parsed using CLI11 2.5.0: Copyright (c) 2017-2025 University of Cincinnati
Set option presolve to "off"
Set option solver to "simplex"
Set option parallel to "off"
Set option threads to 1
Set option run_crossover to "off"
LP nesm has 662 rows; 2923 cols; 13288 nonzeros
Coefficient ranges:
  Matrix  [1e-03, 3e+01]
  Cost    [5e-04, 1e+03]
  Bound   [6e-04, 1e+04]
  RHS     [6e-01, 6e+03]
Solving LP without presolve or useful basis
Using dual simplex solver
  Iteration        Objective     Infeasibilities num(sum)
          0     3.6269000804e-01 Pr: 560(656099) 0.0s
       2660     1.4076036488e+07 Pr: 0(0); Du: 0(1.32327e-11) 0.1s
       2660     1.4076036488e+07 Pr: 0(0); Du: 0(1.32327e-11) 0.1s

Model name          : nesm
Model status        : Optimal
Simplex   iterations: 2660
Objective value     :  1.4076036488e+07
P-D objective error :  1.9849107574e-15
HiGHS run time      :          0.08
Running HiGHS 1.15.1 (git hash: n/a): Copyright (c) 2026 under MIT licence terms
Includes third-party software components, see THIRD_PARTY_NOTICES.md for full details
Command line parsed using CLI11 2.5.0: Copyright (c) 2017-2025 University of Cincinnati
Set option presolve to "off"
Set option solver to "simplex"
Set option parallel to "off"
Set option threads to 1
Set option run_crossover to "off"
LP nesm has 662 rows; 2923 cols; 13288 nonzeros
Coefficient ranges:
  Matrix  [1e-03, 3e+01]
  Cost    [5e-04, 1e+03]
  Bound   [6e-04, 1e+04]
  RHS     [6e-01, 6e+03]
Solving LP without presolve or useful basis
Using dual simplex solver
  Iteration        Objective     Infeasibilities num(sum)
          0     3.6269000804e-01 Pr: 560(656099) 0.0s
       2660     1.4076036488e+07 Pr: 0(0); Du: 0(1.32327e-11) 0.1s
       2660     1.4076036488e+07 Pr: 0(0); Du: 0(1.32327e-11) 0.1s

Model name          : nesm
Model status        : Optimal
Simplex   iterations: 2660
Objective value     :  1.4076036488e+07
P-D objective error :  1.9849107574e-15
HiGHS run time      :          0.08
Running HiGHS 1.15.1 (git hash: n/a): Copyright (c) 2026 under MIT licence terms
Includes third-party software components, see THIRD_PARTY_NOTICES.md for full details
Command line parsed using CLI11 2.5.0: Copyright (c) 2017-2025 University of Cincinnati
Set option presolve to "off"
Set option solver to "simplex"
Set option parallel to "off"
Set option threads to 1
Set option run_crossover to "off"
LP perold has 625 rows; 1376 cols; 6018 nonzeros
Coefficient ranges:
  Matrix  [5e-05, 2e+04]
  Cost    [1e+00, 1e+00]
  Bound   [7e-06, 6e+04]
  RHS     [8e-02, 4e+04]
WARNING: Problem has some excessively small column bounds
Solving LP without presolve or useful basis
Using dual simplex solver
  Iteration        Objective     Infeasibilities num(sum)
          0    -7.1365529920e+00 Ph1: 214(1.74115e+06); Du: 7(7.13655) 0.0s
       1401    -9.3807552782e+03 Pr: 0(0); Du: 0(4.88498e-14) 0.0s

Model name          : perold
Model status        : Optimal
Simplex   iterations: 1401
Objective value     : -9.3807552782e+03
P-D objective error :  5.9138329747e-15
HiGHS run time      :          0.04
Running HiGHS 1.15.1 (git hash: n/a): Copyright (c) 2026 under MIT licence terms
Includes third-party software components, see THIRD_PARTY_NOTICES.md for full details
Command line parsed using CLI11 2.5.0: Copyright (c) 2017-2025 University of Cincinnati
Set option presolve to "off"
Set option solver to "simplex"
Set option parallel to "off"
Set option threads to 1
Set option run_crossover to "off"
LP perold has 625 rows; 1376 cols; 6018 nonzeros
Coefficient ranges:
  Matrix  [5e-05, 2e+04]
  Cost    [1e+00, 1e+00]
  Bound   [7e-06, 6e+04]
  RHS     [8e-02, 4e+04]
WARNING: Problem has some excessively small column bounds
Solving LP without presolve or useful basis
Using dual simplex solver
  Iteration        Objective     Infeasibilities num(sum)
          0    -7.1365529920e+00 Ph1: 214(1.74115e+06); Du: 7(7.13655) 0.0s
       1401    -9.3807552782e+03 Pr: 0(0); Du: 0(4.88498e-14) 0.0s

Model name          : perold
Model status        : Optimal
Simplex   iterations: 1401
Objective value     : -9.3807552782e+03
P-D objective error :  5.9138329747e-15
HiGHS run time      :          0.04
Running HiGHS 1.15.1 (git hash: n/a): Copyright (c) 2026 under MIT licence terms
Includes third-party software components, see THIRD_PARTY_NOTICES.md for full details
Command line parsed using CLI11 2.5.0: Copyright (c) 2017-2025 University of Cincinnati
Set option presolve to "off"
Set option solver to "simplex"
Set option parallel to "off"
Set option threads to 1
Set option run_crossover to "off"
LP pilot has 1441 rows; 3652 cols; 43167 nonzeros
Coefficient ranges:
  Matrix  [1e-06, 1e+02]
  Cost    [2e-03, 3e-02]
  Bound   [1e-02, 2e+03]
  RHS     [5e-04, 6e+03]
Solving LP without presolve or useful basis
Using dual simplex solver
  Iteration        Objective     Infeasibilities num(sum)
          0    -7.3502225383e+01 Ph1: 167(583.183); Du: 52(73.5022) 0.0s
       5437    -5.5748972929e+02 Pr: 0(0) 0.5s
       5437    -5.5748972929e+02 Pr: 0(0) 0.5s

Model name          : pilot
Model status        : Optimal
Simplex   iterations: 5437
Objective value     : -5.5748972929e+02
P-D objective error :  3.2904591838e-14
HiGHS run time      :          0.54
Running HiGHS 1.15.1 (git hash: n/a): Copyright (c) 2026 under MIT licence terms
Includes third-party software components, see THIRD_PARTY_NOTICES.md for full details
Command line parsed using CLI11 2.5.0: Copyright (c) 2017-2025 University of Cincinnati
Set option presolve to "off"
Set option solver to "simplex"
Set option parallel to "off"
Set option threads to 1
Set option run_crossover to "off"
LP pilot has 1441 rows; 3652 cols; 43167 nonzeros
Coefficient ranges:
  Matrix  [1e-06, 1e+02]
  Cost    [2e-03, 3e-02]
  Bound   [1e-02, 2e+03]
  RHS     [5e-04, 6e+03]
Solving LP without presolve or useful basis
Using dual simplex solver
  Iteration        Objective     Infeasibilities num(sum)
          0    -7.3502225383e+01 Ph1: 167(583.183); Du: 52(73.5022) 0.0s
       5437    -5.5748972929e+02 Pr: 0(0) 0.5s
       5437    -5.5748972929e+02 Pr: 0(0) 0.5s

Model name          : pilot
Model status        : Optimal
Simplex   iterations: 5437
Objective value     : -5.5748972929e+02
P-D objective error :  3.2904591838e-14
HiGHS run time      :          0.55
Running HiGHS 1.15.1 (git hash: n/a): Copyright (c) 2026 under MIT licence terms
Includes third-party software components, see THIRD_PARTY_NOTICES.md for full details
Command line parsed using CLI11 2.5.0: Copyright (c) 2017-2025 University of Cincinnati
Set option presolve to "off"
Set option solver to "simplex"
Set option parallel to "off"
Set option threads to 1
Set option run_crossover to "off"
LP pilot-ja has 940 rows; 1988 cols; 14698 nonzeros
Coefficient ranges:
  Matrix  [2e-06, 6e+06]
  Cost    [2e-01, 1e+00]
  Bound   [1e-05, 6e+04]
  RHS     [1e-05, 4e+04]
WARNING: Problem has some excessively small column bounds
WARNING: Problem has some excessively small row bounds
Solving LP without presolve or useful basis
Using dual simplex solver
  Iteration        Objective     Infeasibilities num(sum)
          0    -2.6105290572e+01 Ph1: 256(2.29257e+06); Du: 7(26.1053) 0.0s
       1498    -6.1131364656e+03 Pr: 0(0) 0.0s
       1498    -6.1131364656e+03 Pr: 0(0) 0.0s

Model name          : pilot-ja
Model status        : Optimal
Simplex   iterations: 1498
Objective value     : -6.1131364656e+03
P-D objective error :  3.7191232538e-16
HiGHS run time      :          0.05
Running HiGHS 1.15.1 (git hash: n/a): Copyright (c) 2026 under MIT licence terms
Includes third-party software components, see THIRD_PARTY_NOTICES.md for full details
Command line parsed using CLI11 2.5.0: Copyright (c) 2017-2025 University of Cincinnati
Set option presolve to "off"
Set option solver to "simplex"
Set option parallel to "off"
Set option threads to 1
Set option run_crossover to "off"
LP pilot-ja has 940 rows; 1988 cols; 14698 nonzeros
Coefficient ranges:
  Matrix  [2e-06, 6e+06]
  Cost    [2e-01, 1e+00]
  Bound   [1e-05, 6e+04]
  RHS     [1e-05, 4e+04]
WARNING: Problem has some excessively small column bounds
WARNING: Problem has some excessively small row bounds
Solving LP without presolve or useful basis
Using dual simplex solver
  Iteration        Objective     Infeasibilities num(sum)
          0    -2.6105290572e+01 Ph1: 256(2.29257e+06); Du: 7(26.1053) 0.0s
       1498    -6.1131364656e+03 Pr: 0(0) 0.0s
       1498    -6.1131364656e+03 Pr: 0(0) 0.0s

Model name          : pilot-ja
Model status        : Optimal
Simplex   iterations: 1498
Objective value     : -6.1131364656e+03
P-D objective error :  3.7191232538e-16
HiGHS run time      :          0.05
Running HiGHS 1.15.1 (git hash: n/a): Copyright (c) 2026 under MIT licence terms
Includes third-party software components, see THIRD_PARTY_NOTICES.md for full details
Command line parsed using CLI11 2.5.0: Copyright (c) 2017-2025 University of Cincinnati
Set option presolve to "off"
Set option solver to "simplex"
Set option parallel to "off"
Set option threads to 1
Set option run_crossover to "off"
LP pilot-we has 722 rows; 2789 cols; 9126 nonzeros
Coefficient ranges:
  Matrix  [1e-04, 5e+04]
  Cost    [6e-01, 2e+05]
  Bound   [7e-06, 2e+05]
  RHS     [1e-05, 2e+04]
WARNING: Problem has some excessively small column bounds
WARNING: Problem has some excessively small row bounds
Solving LP without presolve or useful basis
Using dual simplex solver
  Iteration        Objective     Infeasibilities num(sum)
          0    -2.2085735618e+04 Ph1: 218(747558); Du: 91(22085.7) 0.0s
       3338    -2.7201075328e+06 Pr: 0(0) 0.1s

Model name          : pilot-we
Model status        : Optimal
Simplex   iterations: 3338
Objective value     : -2.7201075328e+06
P-D objective error :  5.1357660985e-16
HiGHS run time      :          0.10
Running HiGHS 1.15.1 (git hash: n/a): Copyright (c) 2026 under MIT licence terms
Includes third-party software components, see THIRD_PARTY_NOTICES.md for full details
Command line parsed using CLI11 2.5.0: Copyright (c) 2017-2025 University of Cincinnati
Set option presolve to "off"
Set option solver to "simplex"
Set option parallel to "off"
Set option threads to 1
Set option run_crossover to "off"
LP pilot-we has 722 rows; 2789 cols; 9126 nonzeros
Coefficient ranges:
  Matrix  [1e-04, 5e+04]
  Cost    [6e-01, 2e+05]
  Bound   [7e-06, 2e+05]
  RHS     [1e-05, 2e+04]
WARNING: Problem has some excessively small column bounds
WARNING: Problem has some excessively small row bounds
Solving LP without presolve or useful basis
Using dual simplex solver
  Iteration        Objective     Infeasibilities num(sum)
          0    -2.2085735618e+04 Ph1: 218(747558); Du: 91(22085.7) 0.0s
       3338    -2.7201075328e+06 Pr: 0(0) 0.1s

Model name          : pilot-we
Model status        : Optimal
Simplex   iterations: 3338
Objective value     : -2.7201075328e+06
P-D objective error :  5.1357660985e-16
HiGHS run time      :          0.12
Running HiGHS 1.15.1 (git hash: n/a): Copyright (c) 2026 under MIT licence terms
Includes third-party software components, see THIRD_PARTY_NOTICES.md for full details
Command line parsed using CLI11 2.5.0: Copyright (c) 2017-2025 University of Cincinnati
Set option presolve to "off"
Set option solver to "simplex"
Set option parallel to "off"
Set option threads to 1
Set option run_crossover to "off"
Number of PL entries in BOUNDS section is 2
LP pilot4 has 410 rows; 1000 cols; 5141 nonzeros
Coefficient ranges:
  Matrix  [4e-05, 3e+04]
  Cost    [1e+00, 1e+00]
  Bound   [7e-06, 3e+04]
  RHS     [8e-02, 4e+04]
WARNING: Problem has some excessively small column bounds
Solving LP without presolve or useful basis
Using dual simplex solver
  Iteration        Objective     Infeasibilities num(sum)
          0    -1.6312077879e+01 Ph1: 200(3.87476e+06); Du: 4(16.3121) 0.0s
        785    -2.5811392589e+03 Pr: 0(0) 0.0s

Model name          : pilot4
Model status        : Optimal
Simplex   iterations: 785
Objective value     : -2.5811392589e+03
P-D objective error :  9.6880709467e-16
HiGHS run time      :          0.02
Running HiGHS 1.15.1 (git hash: n/a): Copyright (c) 2026 under MIT licence terms
Includes third-party software components, see THIRD_PARTY_NOTICES.md for full details
Command line parsed using CLI11 2.5.0: Copyright (c) 2017-2025 University of Cincinnati
Set option presolve to "off"
Set option solver to "simplex"
Set option parallel to "off"
Set option threads to 1
Set option run_crossover to "off"
Number of PL entries in BOUNDS section is 2
LP pilot4 has 410 rows; 1000 cols; 5141 nonzeros
Coefficient ranges:
  Matrix  [4e-05, 3e+04]
  Cost    [1e+00, 1e+00]
  Bound   [7e-06, 3e+04]
  RHS     [8e-02, 4e+04]
WARNING: Problem has some excessively small column bounds
Solving LP without presolve or useful basis
Using dual simplex solver
  Iteration        Objective     Infeasibilities num(sum)
          0    -1.6312077879e+01 Ph1: 200(3.87476e+06); Du: 4(16.3121) 0.0s
        785    -2.5811392589e+03 Pr: 0(0) 0.0s

Model name          : pilot4
Model status        : Optimal
Simplex   iterations: 785
Objective value     : -2.5811392589e+03
P-D objective error :  9.6880709467e-16
HiGHS run time      :          0.02
Running HiGHS 1.15.1 (git hash: n/a): Copyright (c) 2026 under MIT licence terms
Includes third-party software components, see THIRD_PARTY_NOTICES.md for full details
Command line parsed using CLI11 2.5.0: Copyright (c) 2017-2025 University of Cincinnati
Set option presolve to "off"
Set option solver to "simplex"
Set option parallel to "off"
Set option threads to 1
Set option run_crossover to "off"
LP pilot87 has 2030 rows; 4883 cols; 73152 nonzeros
Coefficient ranges:
  Matrix  [1e-06, 1e+03]
  Cost    [1e-06, 3e+00]
  Bound   [2e-02, 2e+04]
  RHS     [1e-02, 6e+03]
WARNING: Problem has some excessively small costs
Solving LP without presolve or useful basis
Using dual simplex solver
  Iteration        Objective     Infeasibilities num(sum)
          0    -1.8440554354e+01 Ph1: 627(57959.9); Du: 345(18.4406) 0.0s
      11056     3.0171034733e+02 Pr: 0(0); Du: 0(3.08495e-11) 2.2s
      11056     3.0171034733e+02 Pr: 0(0); Du: 0(3.08495e-11) 2.2s

Model name          : pilot87
Model status        : Optimal
Simplex   iterations: 11056
Objective value     :  3.0171034733e+02
P-D objective error :  1.7501982218e-13
HiGHS run time      :          2.19
Running HiGHS 1.15.1 (git hash: n/a): Copyright (c) 2026 under MIT licence terms
Includes third-party software components, see THIRD_PARTY_NOTICES.md for full details
Command line parsed using CLI11 2.5.0: Copyright (c) 2017-2025 University of Cincinnati
Set option presolve to "off"
Set option solver to "simplex"
Set option parallel to "off"
Set option threads to 1
Set option run_crossover to "off"
LP pilot87 has 2030 rows; 4883 cols; 73152 nonzeros
Coefficient ranges:
  Matrix  [1e-06, 1e+03]
  Cost    [1e-06, 3e+00]
  Bound   [2e-02, 2e+04]
  RHS     [1e-02, 6e+03]
WARNING: Problem has some excessively small costs
Solving LP without presolve or useful basis
Using dual simplex solver
  Iteration        Objective     Infeasibilities num(sum)
          0    -1.8440554354e+01 Ph1: 627(57959.9); Du: 345(18.4406) 0.0s
      11056     3.0171034733e+02 Pr: 0(0); Du: 0(3.08495e-11) 2.1s
      11056     3.0171034733e+02 Pr: 0(0); Du: 0(3.08495e-11) 2.1s

Model name          : pilot87
Model status        : Optimal
Simplex   iterations: 11056
Objective value     :  3.0171034733e+02
P-D objective error :  1.7501982218e-13
HiGHS run time      :          2.15
Running HiGHS 1.15.1 (git hash: n/a): Copyright (c) 2026 under MIT licence terms
Includes third-party software components, see THIRD_PARTY_NOTICES.md for full details
Command line parsed using CLI11 2.5.0: Copyright (c) 2017-2025 University of Cincinnati
Set option presolve to "off"
Set option solver to "simplex"
Set option parallel to "off"
Set option threads to 1
Set option run_crossover to "off"
LP pilotnov has 975 rows; 2172 cols; 13057 nonzeros
Coefficient ranges:
  Matrix  [2e-06, 6e+06]
  Cost    [3e-03, 9e-01]
  Bound   [1e-05, 6e+04]
  RHS     [1e-05, 4e+04]
WARNING: Problem has some excessively small column bounds
WARNING: Problem has some excessively small row bounds
Solving LP without presolve or useful basis
Using dual simplex solver
  Iteration        Objective     Infeasibilities num(sum)
          0    -9.6900795657e+01 Ph1: 16(330.585); Du: 72(96.9008) 0.0s
       1166    -4.4972761882e+03 Pr: 0(0) 0.0s

Model name          : pilotnov
Model status        : Optimal
Simplex   iterations: 1166
Objective value     : -4.4972761882e+03
P-D objective error :  1.0110493094e-16
HiGHS run time      :          0.04
Running HiGHS 1.15.1 (git hash: n/a): Copyright (c) 2026 under MIT licence terms
Includes third-party software components, see THIRD_PARTY_NOTICES.md for full details
Command line parsed using CLI11 2.5.0: Copyright (c) 2017-2025 University of Cincinnati
Set option presolve to "off"
Set option solver to "simplex"
Set option parallel to "off"
Set option threads to 1
Set option run_crossover to "off"
LP pilotnov has 975 rows; 2172 cols; 13057 nonzeros
Coefficient ranges:
  Matrix  [2e-06, 6e+06]
  Cost    [3e-03, 9e-01]
  Bound   [1e-05, 6e+04]
  RHS     [1e-05, 4e+04]
WARNING: Problem has some excessively small column bounds
WARNING: Problem has some excessively small row bounds
Solving LP without presolve or useful basis
Using dual simplex solver
  Iteration        Objective     Infeasibilities num(sum)
          0    -9.6900795657e+01 Ph1: 16(330.585); Du: 72(96.9008) 0.0s
       1166    -4.4972761882e+03 Pr: 0(0) 0.0s

Model name          : pilotnov
Model status        : Optimal
Simplex   iterations: 1166
Objective value     : -4.4972761882e+03
P-D objective error :  1.0110493094e-16
HiGHS run time      :          0.04
Running HiGHS 1.15.1 (git hash: n/a): Copyright (c) 2026 under MIT licence terms
Includes third-party software components, see THIRD_PARTY_NOTICES.md for full details
Command line parsed using CLI11 2.5.0: Copyright (c) 2017-2025 University of Cincinnati
Set option presolve to "off"
Set option solver to "simplex"
Set option parallel to "off"
Set option threads to 1
Set option run_crossover to "off"
LP recipe has 91 rows; 180 cols; 663 nonzeros
Coefficient ranges:
  Matrix  [1e-01, 1e+02]
  Cost    [1e-03, 2e+00]
  Bound   [2e+00, 5e+03]
  RHS     [0e+00, 0e+00]
Solving LP without presolve or useful basis
Using dual simplex solver
  Iteration        Objective     Infeasibilities num(sum)
          0     0.0000000000e+00 Ph1: 0(0) 0.0s
         45    -2.6661600000e+02 Pr: 0(0) 0.0s

Model name          : recipe
Model status        : Optimal
Simplex   iterations: 45
Objective value     : -2.6661600000e+02
P-D objective error :  6.3841273672e-16
HiGHS run time      :          0.00
Running HiGHS 1.15.1 (git hash: n/a): Copyright (c) 2026 under MIT licence terms
Includes third-party software components, see THIRD_PARTY_NOTICES.md for full details
Command line parsed using CLI11 2.5.0: Copyright (c) 2017-2025 University of Cincinnati
Set option presolve to "off"
Set option solver to "simplex"
Set option parallel to "off"
Set option threads to 1
Set option run_crossover to "off"
LP recipe has 91 rows; 180 cols; 663 nonzeros
Coefficient ranges:
  Matrix  [1e-01, 1e+02]
  Cost    [1e-03, 2e+00]
  Bound   [2e+00, 5e+03]
  RHS     [0e+00, 0e+00]
Solving LP without presolve or useful basis
Using dual simplex solver
  Iteration        Objective     Infeasibilities num(sum)
          0     0.0000000000e+00 Ph1: 0(0) 0.0s
         45    -2.6661600000e+02 Pr: 0(0) 0.0s

Model name          : recipe
Model status        : Optimal
Simplex   iterations: 45
Objective value     : -2.6661600000e+02
P-D objective error :  6.3841273672e-16
HiGHS run time      :          0.00
Running HiGHS 1.15.1 (git hash: n/a): Copyright (c) 2026 under MIT licence terms
Includes third-party software components, see THIRD_PARTY_NOTICES.md for full details
Command line parsed using CLI11 2.5.0: Copyright (c) 2017-2025 University of Cincinnati
Set option presolve to "off"
Set option solver to "simplex"
Set option parallel to "off"
Set option threads to 1
Set option run_crossover to "off"
LP sc105 has 105 rows; 103 cols; 280 nonzeros
Coefficient ranges:
  Matrix  [1e-01, 2e+00]
  Cost    [1e+00, 1e+00]
  Bound   [0e+00, 0e+00]
  RHS     [1e+02, 2e+02]
Solving LP without presolve or useful basis
Using dual simplex solver
  Iteration        Objective     Infeasibilities num(sum)
          0    -9.9999847121e-01 Ph1: 2(2.1); Du: 1(0.999998) 0.0s
        124    -5.2202061212e+01 Pr: 0(0) 0.0s

Model name          : sc105
Model status        : Optimal
Simplex   iterations: 124
Objective value     : -5.2202061212e+01
P-D objective error :  6.7411285197e-17
HiGHS run time      :          0.00
Running HiGHS 1.15.1 (git hash: n/a): Copyright (c) 2026 under MIT licence terms
Includes third-party software components, see THIRD_PARTY_NOTICES.md for full details
Command line parsed using CLI11 2.5.0: Copyright (c) 2017-2025 University of Cincinnati
Set option presolve to "off"
Set option solver to "simplex"
Set option parallel to "off"
Set option threads to 1
Set option run_crossover to "off"
LP sc105 has 105 rows; 103 cols; 280 nonzeros
Coefficient ranges:
  Matrix  [1e-01, 2e+00]
  Cost    [1e+00, 1e+00]
  Bound   [0e+00, 0e+00]
  RHS     [1e+02, 2e+02]
Solving LP without presolve or useful basis
Using dual simplex solver
  Iteration        Objective     Infeasibilities num(sum)
          0    -9.9999847121e-01 Ph1: 2(2.1); Du: 1(0.999998) 0.0s
        124    -5.2202061212e+01 Pr: 0(0) 0.0s

Model name          : sc105
Model status        : Optimal
Simplex   iterations: 124
Objective value     : -5.2202061212e+01
P-D objective error :  6.7411285197e-17
HiGHS run time      :          0.00
Running HiGHS 1.15.1 (git hash: n/a): Copyright (c) 2026 under MIT licence terms
Includes third-party software components, see THIRD_PARTY_NOTICES.md for full details
Command line parsed using CLI11 2.5.0: Copyright (c) 2017-2025 University of Cincinnati
Set option presolve to "off"
Set option solver to "simplex"
Set option parallel to "off"
Set option threads to 1
Set option run_crossover to "off"
LP sc205 has 205 rows; 203 cols; 551 nonzeros
Coefficient ranges:
  Matrix  [1e-01, 2e+00]
  Cost    [1e+00, 1e+00]
  Bound   [0e+00, 0e+00]
  RHS     [1e+02, 2e+02]
Solving LP without presolve or useful basis
Using dual simplex solver
  Iteration        Objective     Infeasibilities num(sum)
          0    -9.9999894873e-01 Ph1: 2(2.1); Du: 1(0.999999) 0.0s
        237    -5.2202061212e+01 Pr: 0(0) 0.0s

Model name          : sc205
Model status        : Optimal
Simplex   iterations: 237
Objective value     : -5.2202061212e+01
P-D objective error :  5.3929028157e-16
HiGHS run time      :          0.00
Running HiGHS 1.15.1 (git hash: n/a): Copyright (c) 2026 under MIT licence terms
Includes third-party software components, see THIRD_PARTY_NOTICES.md for full details
Command line parsed using CLI11 2.5.0: Copyright (c) 2017-2025 University of Cincinnati
Set option presolve to "off"
Set option solver to "simplex"
Set option parallel to "off"
Set option threads to 1
Set option run_crossover to "off"
LP sc205 has 205 rows; 203 cols; 551 nonzeros
Coefficient ranges:
  Matrix  [1e-01, 2e+00]
  Cost    [1e+00, 1e+00]
  Bound   [0e+00, 0e+00]
  RHS     [1e+02, 2e+02]
Solving LP without presolve or useful basis
Using dual simplex solver
  Iteration        Objective     Infeasibilities num(sum)
          0    -9.9999894873e-01 Ph1: 2(2.1); Du: 1(0.999999) 0.0s
        237    -5.2202061212e+01 Pr: 0(0) 0.0s

Model name          : sc205
Model status        : Optimal
Simplex   iterations: 237
Objective value     : -5.2202061212e+01
P-D objective error :  5.3929028157e-16
HiGHS run time      :          0.01
Running HiGHS 1.15.1 (git hash: n/a): Copyright (c) 2026 under MIT licence terms
Includes third-party software components, see THIRD_PARTY_NOTICES.md for full details
Command line parsed using CLI11 2.5.0: Copyright (c) 2017-2025 University of Cincinnati
Set option presolve to "off"
Set option solver to "simplex"
Set option parallel to "off"
Set option threads to 1
Set option run_crossover to "off"
LP sc50a has 50 rows; 48 cols; 130 nonzeros
Coefficient ranges:
  Matrix  [1e-01, 2e+00]
  Cost    [1e+00, 1e+00]
  Bound   [0e+00, 0e+00]
  RHS     [1e+02, 2e+02]
Solving LP without presolve or useful basis
Using dual simplex solver
  Iteration        Objective     Infeasibilities num(sum)
          0    -9.9999843003e-01 Ph1: 2(2.1); Du: 1(0.999998) 0.0s
         55    -6.4575077059e+01 Pr: 0(0) 0.0s

Model name          : sc50a
Model status        : Optimal
Simplex   iterations: 55
Objective value     : -6.4575077059e+01
P-D objective error :  0.0000000000e+00
HiGHS run time      :          0.00
Running HiGHS 1.15.1 (git hash: n/a): Copyright (c) 2026 under MIT licence terms
Includes third-party software components, see THIRD_PARTY_NOTICES.md for full details
Command line parsed using CLI11 2.5.0: Copyright (c) 2017-2025 University of Cincinnati
Set option presolve to "off"
Set option solver to "simplex"
Set option parallel to "off"
Set option threads to 1
Set option run_crossover to "off"
LP sc50a has 50 rows; 48 cols; 130 nonzeros
Coefficient ranges:
  Matrix  [1e-01, 2e+00]
  Cost    [1e+00, 1e+00]
  Bound   [0e+00, 0e+00]
  RHS     [1e+02, 2e+02]
Solving LP without presolve or useful basis
Using dual simplex solver
  Iteration        Objective     Infeasibilities num(sum)
          0    -9.9999843003e-01 Ph1: 2(2.1); Du: 1(0.999998) 0.0s
         55    -6.4575077059e+01 Pr: 0(0) 0.0s

Model name          : sc50a
Model status        : Optimal
Simplex   iterations: 55
Objective value     : -6.4575077059e+01
P-D objective error :  0.0000000000e+00
HiGHS run time      :          0.00
Running HiGHS 1.15.1 (git hash: n/a): Copyright (c) 2026 under MIT licence terms
Includes third-party software components, see THIRD_PARTY_NOTICES.md for full details
Command line parsed using CLI11 2.5.0: Copyright (c) 2017-2025 University of Cincinnati
Set option presolve to "off"
Set option solver to "simplex"
Set option parallel to "off"
Set option threads to 1
Set option run_crossover to "off"
LP sc50b has 50 rows; 48 cols; 118 nonzeros
Coefficient ranges:
  Matrix  [3e-01, 3e+00]
  Cost    [1e+00, 1e+00]
  Bound   [0e+00, 0e+00]
  RHS     [3e+02, 3e+02]
Solving LP without presolve or useful basis
Using dual simplex solver
  Iteration        Objective     Infeasibilities num(sum)
          0    -9.9999843003e-01 Ph1: 2(2.1); Du: 1(0.999998) 0.0s
         48    -7.0000000000e+01 Pr: 0(0) 0.0s

Model name          : sc50b
Model status        : Optimal
Simplex   iterations: 48
Objective value     : -7.0000000000e+01
P-D objective error :  1.0078620365e-16
HiGHS run time      :          0.00
Running HiGHS 1.15.1 (git hash: n/a): Copyright (c) 2026 under MIT licence terms
Includes third-party software components, see THIRD_PARTY_NOTICES.md for full details
Command line parsed using CLI11 2.5.0: Copyright (c) 2017-2025 University of Cincinnati
Set option presolve to "off"
Set option solver to "simplex"
Set option parallel to "off"
Set option threads to 1
Set option run_crossover to "off"
LP sc50b has 50 rows; 48 cols; 118 nonzeros
Coefficient ranges:
  Matrix  [3e-01, 3e+00]
  Cost    [1e+00, 1e+00]
  Bound   [0e+00, 0e+00]
  RHS     [3e+02, 3e+02]
Solving LP without presolve or useful basis
Using dual simplex solver
  Iteration        Objective     Infeasibilities num(sum)
          0    -9.9999843003e-01 Ph1: 2(2.1); Du: 1(0.999998) 0.0s
         48    -7.0000000000e+01 Pr: 0(0) 0.0s

Model name          : sc50b
Model status        : Optimal
Simplex   iterations: 48
Objective value     : -7.0000000000e+01
P-D objective error :  1.0078620365e-16
HiGHS run time      :          0.00
Running HiGHS 1.15.1 (git hash: n/a): Copyright (c) 2026 under MIT licence terms
Includes third-party software components, see THIRD_PARTY_NOTICES.md for full details
Command line parsed using CLI11 2.5.0: Copyright (c) 2017-2025 University of Cincinnati
Set option presolve to "off"
Set option solver to "simplex"
Set option parallel to "off"
Set option threads to 1
Set option run_crossover to "off"
LP scagr25 has 471 rows; 500 cols; 1554 nonzeros
Coefficient ranges:
  Matrix  [2e-01, 9e+00]
  Cost    [4e-01, 7e+02]
  Bound   [0e+00, 0e+00]
  RHS     [9e+01, 7e+03]
Solving LP without presolve or useful basis
Using dual simplex solver
  Iteration        Objective     Infeasibilities num(sum)
          0    -4.6411513331e+04 Ph1: 197(291.08); Du: 125(46411.5) 0.0s
        535    -1.4753433061e+07 Pr: 0(0) 0.0s

Model name          : scagr25
Model status        : Optimal
Simplex   iterations: 535
Objective value     : -1.4753433061e+07
P-D objective error :  1.8937745660e-16
HiGHS run time      :          0.01
Running HiGHS 1.15.1 (git hash: n/a): Copyright (c) 2026 under MIT licence terms
Includes third-party software components, see THIRD_PARTY_NOTICES.md for full details
Command line parsed using CLI11 2.5.0: Copyright (c) 2017-2025 University of Cincinnati
Set option presolve to "off"
Set option solver to "simplex"
Set option parallel to "off"
Set option threads to 1
Set option run_crossover to "off"
LP scagr25 has 471 rows; 500 cols; 1554 nonzeros
Coefficient ranges:
  Matrix  [2e-01, 9e+00]
  Cost    [4e-01, 7e+02]
  Bound   [0e+00, 0e+00]
  RHS     [9e+01, 7e+03]
Solving LP without presolve or useful basis
Using dual simplex solver
  Iteration        Objective     Infeasibilities num(sum)
          0    -4.6411513331e+04 Ph1: 197(291.08); Du: 125(46411.5) 0.0s
        535    -1.4753433061e+07 Pr: 0(0) 0.0s

Model name          : scagr25
Model status        : Optimal
Simplex   iterations: 535
Objective value     : -1.4753433061e+07
P-D objective error :  1.8937745660e-16
HiGHS run time      :          0.01
Running HiGHS 1.15.1 (git hash: n/a): Copyright (c) 2026 under MIT licence terms
Includes third-party software components, see THIRD_PARTY_NOTICES.md for full details
Command line parsed using CLI11 2.5.0: Copyright (c) 2017-2025 University of Cincinnati
Set option presolve to "off"
Set option solver to "simplex"
Set option parallel to "off"
Set option threads to 1
Set option run_crossover to "off"
LP scagr7 has 129 rows; 140 cols; 420 nonzeros
Coefficient ranges:
  Matrix  [2e-01, 9e+00]
  Cost    [4e-01, 7e+02]
  Bound   [0e+00, 0e+00]
  RHS     [9e+01, 7e+03]
Solving LP without presolve or useful basis
Using dual simplex solver
  Iteration        Objective     Infeasibilities num(sum)
          0    -1.2524848101e+04 Ph1: 53(76.52); Du: 35(12524.8) 0.0s
        165    -2.3313898243e+06 Pr: 0(0) 0.0s

Model name          : scagr7
Model status        : Optimal
Simplex   iterations: 165
Objective value     : -2.3313898243e+06
P-D objective error :  9.9867723231e-17
HiGHS run time      :          0.00
Running HiGHS 1.15.1 (git hash: n/a): Copyright (c) 2026 under MIT licence terms
Includes third-party software components, see THIRD_PARTY_NOTICES.md for full details
Command line parsed using CLI11 2.5.0: Copyright (c) 2017-2025 University of Cincinnati
Set option presolve to "off"
Set option solver to "simplex"
Set option parallel to "off"
Set option threads to 1
Set option run_crossover to "off"
LP scagr7 has 129 rows; 140 cols; 420 nonzeros
Coefficient ranges:
  Matrix  [2e-01, 9e+00]
  Cost    [4e-01, 7e+02]
  Bound   [0e+00, 0e+00]
  RHS     [9e+01, 7e+03]
Solving LP without presolve or useful basis
Using dual simplex solver
  Iteration        Objective     Infeasibilities num(sum)
          0    -1.2524848101e+04 Ph1: 53(76.52); Du: 35(12524.8) 0.0s
        165    -2.3313898243e+06 Pr: 0(0) 0.0s

Model name          : scagr7
Model status        : Optimal
Simplex   iterations: 165
Objective value     : -2.3313898243e+06
P-D objective error :  9.9867723231e-17
HiGHS run time      :          0.00
Running HiGHS 1.15.1 (git hash: n/a): Copyright (c) 2026 under MIT licence terms
Includes third-party software components, see THIRD_PARTY_NOTICES.md for full details
Command line parsed using CLI11 2.5.0: Copyright (c) 2017-2025 University of Cincinnati
Set option presolve to "off"
Set option solver to "simplex"
Set option parallel to "off"
Set option threads to 1
Set option run_crossover to "off"
LP scfxm1 has 330 rows; 457 cols; 2589 nonzeros
Coefficient ranges:
  Matrix  [5e-04, 1e+02]
  Cost    [1e+00, 1e+01]
  Bound   [0e+00, 0e+00]
  RHS     [8e-01, 2e+03]
Solving LP without presolve or useful basis
Using dual simplex solver
  Iteration        Objective     Infeasibilities num(sum)
          0    -2.6124901867e+01 Ph1: 4(4); Du: 4(26.1249) 0.0s
        484     1.8416759028e+04 Pr: 0(0) 0.0s

Model name          : scfxm1
Model status        : Optimal
Simplex   iterations: 484
Objective value     :  1.8416759028e+04
P-D objective error :  0.0000000000e+00
HiGHS run time      :          0.01
Running HiGHS 1.15.1 (git hash: n/a): Copyright (c) 2026 under MIT licence terms
Includes third-party software components, see THIRD_PARTY_NOTICES.md for full details
Command line parsed using CLI11 2.5.0: Copyright (c) 2017-2025 University of Cincinnati
Set option presolve to "off"
Set option solver to "simplex"
Set option parallel to "off"
Set option threads to 1
Set option run_crossover to "off"
LP scfxm1 has 330 rows; 457 cols; 2589 nonzeros
Coefficient ranges:
  Matrix  [5e-04, 1e+02]
  Cost    [1e+00, 1e+01]
  Bound   [0e+00, 0e+00]
  RHS     [8e-01, 2e+03]
Solving LP without presolve or useful basis
Using dual simplex solver
  Iteration        Objective     Infeasibilities num(sum)
          0    -2.6124901867e+01 Ph1: 4(4); Du: 4(26.1249) 0.0s
        484     1.8416759028e+04 Pr: 0(0) 0.0s

Model name          : scfxm1
Model status        : Optimal
Simplex   iterations: 484
Objective value     :  1.8416759028e+04
P-D objective error :  0.0000000000e+00
HiGHS run time      :          0.01
Running HiGHS 1.15.1 (git hash: n/a): Copyright (c) 2026 under MIT licence terms
Includes third-party software components, see THIRD_PARTY_NOTICES.md for full details
Command line parsed using CLI11 2.5.0: Copyright (c) 2017-2025 University of Cincinnati
Set option presolve to "off"
Set option solver to "simplex"
Set option parallel to "off"
Set option threads to 1
Set option run_crossover to "off"
LP scfxm2 has 660 rows; 914 cols; 5183 nonzeros
Coefficient ranges:
  Matrix  [5e-04, 1e+02]
  Cost    [1e+00, 1e+01]
  Bound   [0e+00, 0e+00]
  RHS     [8e-01, 2e+03]
Solving LP without presolve or useful basis
Using dual simplex solver
  Iteration        Objective     Infeasibilities num(sum)
          0    -5.2249782874e+01 Ph1: 8(8); Du: 8(52.2498) 0.0s
        990     3.6660261565e+04 Pr: 0(0) 0.0s

Model name          : scfxm2
Model status        : Optimal
Simplex   iterations: 990
Objective value     :  3.6660261565e+04
P-D objective error :  9.9233585223e-17
HiGHS run time      :          0.02
Running HiGHS 1.15.1 (git hash: n/a): Copyright (c) 2026 under MIT licence terms
Includes third-party software components, see THIRD_PARTY_NOTICES.md for full details
Command line parsed using CLI11 2.5.0: Copyright (c) 2017-2025 University of Cincinnati
Set option presolve to "off"
Set option solver to "simplex"
Set option parallel to "off"
Set option threads to 1
Set option run_crossover to "off"
LP scfxm2 has 660 rows; 914 cols; 5183 nonzeros
Coefficient ranges:
  Matrix  [5e-04, 1e+02]
  Cost    [1e+00, 1e+01]
  Bound   [0e+00, 0e+00]
  RHS     [8e-01, 2e+03]
Solving LP without presolve or useful basis
Using dual simplex solver
  Iteration        Objective     Infeasibilities num(sum)
          0    -5.2249782874e+01 Ph1: 8(8); Du: 8(52.2498) 0.0s
        990     3.6660261565e+04 Pr: 0(0) 0.0s

Model name          : scfxm2
Model status        : Optimal
Simplex   iterations: 990
Objective value     :  3.6660261565e+04
P-D objective error :  9.9233585223e-17
HiGHS run time      :          0.02
Running HiGHS 1.15.1 (git hash: n/a): Copyright (c) 2026 under MIT licence terms
Includes third-party software components, see THIRD_PARTY_NOTICES.md for full details
Command line parsed using CLI11 2.5.0: Copyright (c) 2017-2025 University of Cincinnati
Set option presolve to "off"
Set option solver to "simplex"
Set option parallel to "off"
Set option threads to 1
Set option run_crossover to "off"
LP scfxm3 has 990 rows; 1371 cols; 7777 nonzeros
Coefficient ranges:
  Matrix  [5e-04, 1e+02]
  Cost    [1e+00, 1e+01]
  Bound   [0e+00, 0e+00]
  RHS     [8e-01, 2e+03]
Solving LP without presolve or useful basis
Using dual simplex solver
  Iteration        Objective     Infeasibilities num(sum)
          0    -7.8374635938e+01 Ph1: 12(12); Du: 12(78.3746) 0.0s
       1529     5.4901254550e+04 Pr: 0(0) 0.0s

Model name          : scfxm3
Model status        : Optimal
Simplex   iterations: 1529
Objective value     :  5.4901254550e+04
P-D objective error :  3.9758060597e-16
HiGHS run time      :          0.02
Running HiGHS 1.15.1 (git hash: n/a): Copyright (c) 2026 under MIT licence terms
Includes third-party software components, see THIRD_PARTY_NOTICES.md for full details
Command line parsed using CLI11 2.5.0: Copyright (c) 2017-2025 University of Cincinnati
Set option presolve to "off"
Set option solver to "simplex"
Set option parallel to "off"
Set option threads to 1
Set option run_crossover to "off"
LP scfxm3 has 990 rows; 1371 cols; 7777 nonzeros
Coefficient ranges:
  Matrix  [5e-04, 1e+02]
  Cost    [1e+00, 1e+01]
  Bound   [0e+00, 0e+00]
  RHS     [8e-01, 2e+03]
Solving LP without presolve or useful basis
Using dual simplex solver
  Iteration        Objective     Infeasibilities num(sum)
          0    -7.8374635938e+01 Ph1: 12(12); Du: 12(78.3746) 0.0s
       1529     5.4901254550e+04 Pr: 0(0) 0.0s

Model name          : scfxm3
Model status        : Optimal
Simplex   iterations: 1529
Objective value     :  5.4901254550e+04
P-D objective error :  3.9758060597e-16
HiGHS run time      :          0.02
Running HiGHS 1.15.1 (git hash: n/a): Copyright (c) 2026 under MIT licence terms
Includes third-party software components, see THIRD_PARTY_NOTICES.md for full details
Command line parsed using CLI11 2.5.0: Copyright (c) 2017-2025 University of Cincinnati
Set option presolve to "off"
Set option solver to "simplex"
Set option parallel to "off"
Set option threads to 1
Set option run_crossover to "off"
LP scorpion has 388 rows; 358 cols; 1426 nonzeros
Coefficient ranges:
  Matrix  [1e-02, 1e+00]
  Cost    [6e-02, 2e+02]
  Bound   [0e+00, 0e+00]
  RHS     [2e-03, 1e+00]
Solving LP without presolve or useful basis
Using dual simplex solver
  Iteration        Objective     Infeasibilities num(sum)
          0     0.0000000000e+00 Pr: 53(73.9046) 0.0s
        322     1.8781248227e+03 Pr: 0(0) 0.0s

Model name          : scorpion
Model status        : Optimal
Simplex   iterations: 322
Objective value     :  1.8781248227e+03
P-D objective error :  6.0515988262e-17
HiGHS run time      :          0.01
Running HiGHS 1.15.1 (git hash: n/a): Copyright (c) 2026 under MIT licence terms
Includes third-party software components, see THIRD_PARTY_NOTICES.md for full details
Command line parsed using CLI11 2.5.0: Copyright (c) 2017-2025 University of Cincinnati
Set option presolve to "off"
Set option solver to "simplex"
Set option parallel to "off"
Set option threads to 1
Set option run_crossover to "off"
LP scorpion has 388 rows; 358 cols; 1426 nonzeros
Coefficient ranges:
  Matrix  [1e-02, 1e+00]
  Cost    [6e-02, 2e+02]
  Bound   [0e+00, 0e+00]
  RHS     [2e-03, 1e+00]
Solving LP without presolve or useful basis
Using dual simplex solver
  Iteration        Objective     Infeasibilities num(sum)
          0     0.0000000000e+00 Pr: 53(73.9046) 0.0s
        322     1.8781248227e+03 Pr: 0(0) 0.0s

Model name          : scorpion
Model status        : Optimal
Simplex   iterations: 322
Objective value     :  1.8781248227e+03
P-D objective error :  6.0515988262e-17
HiGHS run time      :          0.01
Running HiGHS 1.15.1 (git hash: n/a): Copyright (c) 2026 under MIT licence terms
Includes third-party software components, see THIRD_PARTY_NOTICES.md for full details
Command line parsed using CLI11 2.5.0: Copyright (c) 2017-2025 University of Cincinnati
Set option presolve to "off"
Set option solver to "simplex"
Set option parallel to "off"
Set option threads to 1
Set option run_crossover to "off"
LP scrs8 has 490 rows; 1169 cols; 3182 nonzeros
Coefficient ranges:
  Matrix  [1e-03, 4e+02]
  Cost    [2e-04, 5e+03]
  Bound   [0e+00, 0e+00]
  RHS     [1e-02, 4e+01]
Solving LP without presolve or useful basis
Using dual simplex solver
  Iteration        Objective     Infeasibilities num(sum)
          0    -3.6557328588e+02 Ph1: 42(806.857); Du: 240(365.573) 0.0s
        604     9.0429695380e+02 Pr: 0(0) 0.0s

Model name          : scrs8
Model status        : Optimal
Simplex   iterations: 604
Objective value     :  9.0429695380e+02
P-D objective error :  2.5129801166e-16
HiGHS run time      :          0.01
Running HiGHS 1.15.1 (git hash: n/a): Copyright (c) 2026 under MIT licence terms
Includes third-party software components, see THIRD_PARTY_NOTICES.md for full details
Command line parsed using CLI11 2.5.0: Copyright (c) 2017-2025 University of Cincinnati
Set option presolve to "off"
Set option solver to "simplex"
Set option parallel to "off"
Set option threads to 1
Set option run_crossover to "off"
LP scrs8 has 490 rows; 1169 cols; 3182 nonzeros
Coefficient ranges:
  Matrix  [1e-03, 4e+02]
  Cost    [2e-04, 5e+03]
  Bound   [0e+00, 0e+00]
  RHS     [1e-02, 4e+01]
Solving LP without presolve or useful basis
Using dual simplex solver
  Iteration        Objective     Infeasibilities num(sum)
          0    -3.6557328588e+02 Ph1: 42(806.857); Du: 240(365.573) 0.0s
        604     9.0429695380e+02 Pr: 0(0) 0.0s

Model name          : scrs8
Model status        : Optimal
Simplex   iterations: 604
Objective value     :  9.0429695380e+02
P-D objective error :  2.5129801166e-16
HiGHS run time      :          0.01
Running HiGHS 1.15.1 (git hash: n/a): Copyright (c) 2026 under MIT licence terms
Includes third-party software components, see THIRD_PARTY_NOTICES.md for full details
Command line parsed using CLI11 2.5.0: Copyright (c) 2017-2025 University of Cincinnati
Set option presolve to "off"
Set option solver to "simplex"
Set option parallel to "off"
Set option threads to 1
Set option run_crossover to "off"
LP scsd1 has 77 rows; 760 cols; 2388 nonzeros
Coefficient ranges:
  Matrix  [2e-01, 1e+00]
  Cost    [1e+00, 5e+00]
  Bound   [0e+00, 0e+00]
  RHS     [1e+00, 1e+00]
Solving LP without presolve or useful basis
Using dual simplex solver
  Iteration        Objective     Infeasibilities num(sum)
          0     0.0000000000e+00 Pr: 1(1) 0.0s
         86     8.6666666743e+00 Pr: 0(0); Du: 0(2.60856e-09) 0.0s

Model name          : scsd1
Model status        : Optimal
Simplex   iterations: 86
Objective value     :  8.6666666743e+00
P-D objective error :  1.9378438232e-16
HiGHS run time      :          0.00
Running HiGHS 1.15.1 (git hash: n/a): Copyright (c) 2026 under MIT licence terms
Includes third-party software components, see THIRD_PARTY_NOTICES.md for full details
Command line parsed using CLI11 2.5.0: Copyright (c) 2017-2025 University of Cincinnati
Set option presolve to "off"
Set option solver to "simplex"
Set option parallel to "off"
Set option threads to 1
Set option run_crossover to "off"
LP scsd1 has 77 rows; 760 cols; 2388 nonzeros
Coefficient ranges:
  Matrix  [2e-01, 1e+00]
  Cost    [1e+00, 5e+00]
  Bound   [0e+00, 0e+00]
  RHS     [1e+00, 1e+00]
Solving LP without presolve or useful basis
Using dual simplex solver
  Iteration        Objective     Infeasibilities num(sum)
          0     0.0000000000e+00 Pr: 1(1) 0.0s
         86     8.6666666743e+00 Pr: 0(0); Du: 0(2.60856e-09) 0.0s

Model name          : scsd1
Model status        : Optimal
Simplex   iterations: 86
Objective value     :  8.6666666743e+00
P-D objective error :  1.9378438232e-16
HiGHS run time      :          0.00
Running HiGHS 1.15.1 (git hash: n/a): Copyright (c) 2026 under MIT licence terms
Includes third-party software components, see THIRD_PARTY_NOTICES.md for full details
Command line parsed using CLI11 2.5.0: Copyright (c) 2017-2025 University of Cincinnati
Set option presolve to "off"
Set option solver to "simplex"
Set option parallel to "off"
Set option threads to 1
Set option run_crossover to "off"
LP scsd6 has 147 rows; 1350 cols; 4316 nonzeros
Coefficient ranges:
  Matrix  [2e-01, 1e+00]
  Cost    [1e+00, 4e+00]
  Bound   [0e+00, 0e+00]
  RHS     [2e-01, 1e+00]
Solving LP without presolve or useful basis
Using dual simplex solver
  Iteration        Objective     Infeasibilities num(sum)
          0     0.0000000000e+00 Pr: 9(5.25) 0.0s
        270     5.0500000078e+01 Pr: 0(0); Du: 0(2.52156e-07) 0.0s

Model name          : scsd6
Model status        : Optimal
Simplex   iterations: 270
Objective value     :  5.0500000078e+01
P-D objective error :  2.7864420967e-16
HiGHS run time      :          0.01
Running HiGHS 1.15.1 (git hash: n/a): Copyright (c) 2026 under MIT licence terms
Includes third-party software components, see THIRD_PARTY_NOTICES.md for full details
Command line parsed using CLI11 2.5.0: Copyright (c) 2017-2025 University of Cincinnati
Set option presolve to "off"
Set option solver to "simplex"
Set option parallel to "off"
Set option threads to 1
Set option run_crossover to "off"
LP scsd6 has 147 rows; 1350 cols; 4316 nonzeros
Coefficient ranges:
  Matrix  [2e-01, 1e+00]
  Cost    [1e+00, 4e+00]
  Bound   [0e+00, 0e+00]
  RHS     [2e-01, 1e+00]
Solving LP without presolve or useful basis
Using dual simplex solver
  Iteration        Objective     Infeasibilities num(sum)
          0     0.0000000000e+00 Pr: 9(5.25) 0.0s
        270     5.0500000078e+01 Pr: 0(0); Du: 0(2.52156e-07) 0.0s

Model name          : scsd6
Model status        : Optimal
Simplex   iterations: 270
Objective value     :  5.0500000078e+01
P-D objective error :  2.7864420967e-16
HiGHS run time      :          0.01
Running HiGHS 1.15.1 (git hash: n/a): Copyright (c) 2026 under MIT licence terms
Includes third-party software components, see THIRD_PARTY_NOTICES.md for full details
Command line parsed using CLI11 2.5.0: Copyright (c) 2017-2025 University of Cincinnati
Set option presolve to "off"
Set option solver to "simplex"
Set option parallel to "off"
Set option threads to 1
Set option run_crossover to "off"
LP scsd8 has 397 rows; 2750 cols; 8584 nonzeros
Coefficient ranges:
  Matrix  [2e-01, 1e+00]
  Cost    [1e+00, 4e+00]
  Bound   [0e+00, 0e+00]
  RHS     [1e+00, 5e+00]
Solving LP without presolve or useful basis
Using dual simplex solver
  Iteration        Objective     Infeasibilities num(sum)
          0     0.0000000000e+00 Pr: 15(45) 0.0s
       1054     9.0499999993e+02 Pr: 0(0); Du: 0(3.65308e-12) 0.0s

Model name          : scsd8
Model status        : Optimal
Simplex   iterations: 1054
Objective value     :  9.0499999993e+02
P-D objective error :  6.2775724865e-17
HiGHS run time      :          0.02
Running HiGHS 1.15.1 (git hash: n/a): Copyright (c) 2026 under MIT licence terms
Includes third-party software components, see THIRD_PARTY_NOTICES.md for full details
Command line parsed using CLI11 2.5.0: Copyright (c) 2017-2025 University of Cincinnati
Set option presolve to "off"
Set option solver to "simplex"
Set option parallel to "off"
Set option threads to 1
Set option run_crossover to "off"
LP scsd8 has 397 rows; 2750 cols; 8584 nonzeros
Coefficient ranges:
  Matrix  [2e-01, 1e+00]
  Cost    [1e+00, 4e+00]
  Bound   [0e+00, 0e+00]
  RHS     [1e+00, 5e+00]
Solving LP without presolve or useful basis
Using dual simplex solver
  Iteration        Objective     Infeasibilities num(sum)
          0     0.0000000000e+00 Pr: 15(45) 0.0s
       1054     9.0499999993e+02 Pr: 0(0); Du: 0(3.65308e-12) 0.0s

Model name          : scsd8
Model status        : Optimal
Simplex   iterations: 1054
Objective value     :  9.0499999993e+02
P-D objective error :  6.2775724865e-17
HiGHS run time      :          0.02
Running HiGHS 1.15.1 (git hash: n/a): Copyright (c) 2026 under MIT licence terms
Includes third-party software components, see THIRD_PARTY_NOTICES.md for full details
Command line parsed using CLI11 2.5.0: Copyright (c) 2017-2025 University of Cincinnati
Set option presolve to "off"
Set option solver to "simplex"
Set option parallel to "off"
Set option threads to 1
Set option run_crossover to "off"
LP sctap1 has 300 rows; 480 cols; 1692 nonzeros
Coefficient ranges:
  Matrix  [1e+00, 8e+01]
  Cost    [1e+00, 8e+01]
  Bound   [0e+00, 0e+00]
  RHS     [1e+00, 4e+01]
Solving LP without presolve or useful basis
Using dual simplex solver
  Iteration        Objective     Infeasibilities num(sum)
          0     0.0000000000e+00 Pr: 154(921) 0.0s
        302     1.4122500000e+03 Pr: 0(0); Du: 0(1.01386e-12) 0.0s

Model name          : sctap1
Model status        : Optimal
Simplex   iterations: 302
Objective value     :  1.4122500000e+03
P-D objective error :  8.0472013960e-17
HiGHS run time      :          0.01
Running HiGHS 1.15.1 (git hash: n/a): Copyright (c) 2026 under MIT licence terms
Includes third-party software components, see THIRD_PARTY_NOTICES.md for full details
Command line parsed using CLI11 2.5.0: Copyright (c) 2017-2025 University of Cincinnati
Set option presolve to "off"
Set option solver to "simplex"
Set option parallel to "off"
Set option threads to 1
Set option run_crossover to "off"
LP sctap1 has 300 rows; 480 cols; 1692 nonzeros
Coefficient ranges:
  Matrix  [1e+00, 8e+01]
  Cost    [1e+00, 8e+01]
  Bound   [0e+00, 0e+00]
  RHS     [1e+00, 4e+01]
Solving LP without presolve or useful basis
Using dual simplex solver
  Iteration        Objective     Infeasibilities num(sum)
          0     0.0000000000e+00 Pr: 154(921) 0.0s
        302     1.4122500000e+03 Pr: 0(0); Du: 0(1.01386e-12) 0.0s

Model name          : sctap1
Model status        : Optimal
Simplex   iterations: 302
Objective value     :  1.4122500000e+03
P-D objective error :  8.0472013960e-17
HiGHS run time      :          0.01
Running HiGHS 1.15.1 (git hash: n/a): Copyright (c) 2026 under MIT licence terms
Includes third-party software components, see THIRD_PARTY_NOTICES.md for full details
Command line parsed using CLI11 2.5.0: Copyright (c) 2017-2025 University of Cincinnati
Set option presolve to "off"
Set option solver to "simplex"
Set option parallel to "off"
Set option threads to 1
Set option run_crossover to "off"
LP sctap2 has 1090 rows; 1880 cols; 6714 nonzeros
Coefficient ranges:
  Matrix  [1e+00, 8e+01]
  Cost    [1e+00, 8e+01]
  Bound   [0e+00, 0e+00]
  RHS     [1e+00, 5e+01]
Solving LP without presolve or useful basis
Using dual simplex solver
  Iteration        Objective     Infeasibilities num(sum)
          0     0.0000000000e+00 Pr: 521(3248) 0.0s
        742     1.7248071429e+03 Pr: 0(0); Du: 0(9.85878e-14) 0.0s

Model name          : sctap2
Model status        : Optimal
Simplex   iterations: 742
Objective value     :  1.7248071429e+03
P-D objective error :  6.5893680550e-17
HiGHS run time      :          0.01
Running HiGHS 1.15.1 (git hash: n/a): Copyright (c) 2026 under MIT licence terms
Includes third-party software components, see THIRD_PARTY_NOTICES.md for full details
Command line parsed using CLI11 2.5.0: Copyright (c) 2017-2025 University of Cincinnati
Set option presolve to "off"
Set option solver to "simplex"
Set option parallel to "off"
Set option threads to 1
Set option run_crossover to "off"
LP sctap2 has 1090 rows; 1880 cols; 6714 nonzeros
Coefficient ranges:
  Matrix  [1e+00, 8e+01]
  Cost    [1e+00, 8e+01]
  Bound   [0e+00, 0e+00]
  RHS     [1e+00, 5e+01]
Solving LP without presolve or useful basis
Using dual simplex solver
  Iteration        Objective     Infeasibilities num(sum)
          0     0.0000000000e+00 Pr: 521(3248) 0.0s
        742     1.7248071429e+03 Pr: 0(0); Du: 0(9.85878e-14) 0.0s

Model name          : sctap2
Model status        : Optimal
Simplex   iterations: 742
Objective value     :  1.7248071429e+03
P-D objective error :  6.5893680550e-17
HiGHS run time      :          0.01
Running HiGHS 1.15.1 (git hash: n/a): Copyright (c) 2026 under MIT licence terms
Includes third-party software components, see THIRD_PARTY_NOTICES.md for full details
Command line parsed using CLI11 2.5.0: Copyright (c) 2017-2025 University of Cincinnati
Set option presolve to "off"
Set option solver to "simplex"
Set option parallel to "off"
Set option threads to 1
Set option run_crossover to "off"
LP sctap3 has 1480 rows; 2480 cols; 8874 nonzeros
Coefficient ranges:
  Matrix  [1e+00, 8e+01]
  Cost    [1e+00, 8e+01]
  Bound   [0e+00, 0e+00]
  RHS     [1e+00, 5e+01]
Solving LP without presolve or useful basis
Using dual simplex solver
  Iteration        Objective     Infeasibilities num(sum)
          0     0.0000000000e+00 Pr: 682(3827.25) 0.0s
       1016     1.4240000000e+03 Pr: 0(0); Du: 0(6.00853e-13) 0.0s

Model name          : sctap3
Model status        : Optimal
Simplex   iterations: 1016
Objective value     :  1.4240000000e+03
P-D objective error :  0.0000000000e+00
HiGHS run time      :          0.01
Running HiGHS 1.15.1 (git hash: n/a): Copyright (c) 2026 under MIT licence terms
Includes third-party software components, see THIRD_PARTY_NOTICES.md for full details
Command line parsed using CLI11 2.5.0: Copyright (c) 2017-2025 University of Cincinnati
Set option presolve to "off"
Set option solver to "simplex"
Set option parallel to "off"
Set option threads to 1
Set option run_crossover to "off"
LP sctap3 has 1480 rows; 2480 cols; 8874 nonzeros
Coefficient ranges:
  Matrix  [1e+00, 8e+01]
  Cost    [1e+00, 8e+01]
  Bound   [0e+00, 0e+00]
  RHS     [1e+00, 5e+01]
Solving LP without presolve or useful basis
Using dual simplex solver
  Iteration        Objective     Infeasibilities num(sum)
          0     0.0000000000e+00 Pr: 682(3827.25) 0.0s
       1016     1.4240000000e+03 Pr: 0(0); Du: 0(6.00853e-13) 0.0s

Model name          : sctap3
Model status        : Optimal
Simplex   iterations: 1016
Objective value     :  1.4240000000e+03
P-D objective error :  0.0000000000e+00
HiGHS run time      :          0.01
Running HiGHS 1.15.1 (git hash: n/a): Copyright (c) 2026 under MIT licence terms
Includes third-party software components, see THIRD_PARTY_NOTICES.md for full details
Command line parsed using CLI11 2.5.0: Copyright (c) 2017-2025 University of Cincinnati
Set option presolve to "off"
Set option solver to "simplex"
Set option parallel to "off"
Set option threads to 1
Set option run_crossover to "off"
LP seba has 515 rows; 1028 cols; 4352 nonzeros
Coefficient ranges:
  Matrix  [1e+00, 2e+02]
  Cost    [2e-03, 5e+02]
  Bound   [3e-02, 1e+03]
  RHS     [2e+00, 9e+01]
Solving LP without presolve or useful basis
Using dual simplex solver
  Iteration        Objective     Infeasibilities num(sum)
          0     8.0351203440e+01 Pr: 224(10322.4) 0.0s
        439     1.5711600000e+04 Pr: 0(0) 0.0s

Model name          : seba
Model status        : Optimal
Simplex   iterations: 439
Objective value     :  1.5711600000e+04
P-D objective error :  0.0000000000e+00
HiGHS run time      :          0.01
Running HiGHS 1.15.1 (git hash: n/a): Copyright (c) 2026 under MIT licence terms
Includes third-party software components, see THIRD_PARTY_NOTICES.md for full details
Command line parsed using CLI11 2.5.0: Copyright (c) 2017-2025 University of Cincinnati
Set option presolve to "off"
Set option solver to "simplex"
Set option parallel to "off"
Set option threads to 1
Set option run_crossover to "off"
LP seba has 515 rows; 1028 cols; 4352 nonzeros
Coefficient ranges:
  Matrix  [1e+00, 2e+02]
  Cost    [2e-03, 5e+02]
  Bound   [3e-02, 1e+03]
  RHS     [2e+00, 9e+01]
Solving LP without presolve or useful basis
Using dual simplex solver
  Iteration        Objective     Infeasibilities num(sum)
          0     8.0351203440e+01 Pr: 224(10322.4) 0.0s
        439     1.5711600000e+04 Pr: 0(0) 0.0s

Model name          : seba
Model status        : Optimal
Simplex   iterations: 439
Objective value     :  1.5711600000e+04
P-D objective error :  0.0000000000e+00
HiGHS run time      :          0.01
Running HiGHS 1.15.1 (git hash: n/a): Copyright (c) 2026 under MIT licence terms
Includes third-party software components, see THIRD_PARTY_NOTICES.md for full details
Command line parsed using CLI11 2.5.0: Copyright (c) 2017-2025 University of Cincinnati
Set option presolve to "off"
Set option solver to "simplex"
Set option parallel to "off"
Set option threads to 1
Set option run_crossover to "off"
LP share1b has 117 rows; 225 cols; 1151 nonzeros
Coefficient ranges:
  Matrix  [1e-01, 1e+03]
  Cost    [2e-03, 1e+02]
  Bound   [0e+00, 0e+00]
  RHS     [1e-04, 3e+03]
Solving LP without presolve or useful basis
Using dual simplex solver
  Iteration        Objective     Infeasibilities num(sum)
          0    -7.6499427844e+00 Ph1: 47(98.7266); Du: 6(7.64994) 0.0s
        223    -7.6589318579e+04 Pr: 0(0) 0.0s

Model name          : share1b
Model status        : Optimal
Simplex   iterations: 223
Objective value     : -7.6589318579e+04
P-D objective error :  1.8999803758e-16
HiGHS run time      :          0.00
Running HiGHS 1.15.1 (git hash: n/a): Copyright (c) 2026 under MIT licence terms
Includes third-party software components, see THIRD_PARTY_NOTICES.md for full details
Command line parsed using CLI11 2.5.0: Copyright (c) 2017-2025 University of Cincinnati
Set option presolve to "off"
Set option solver to "simplex"
Set option parallel to "off"
Set option threads to 1
Set option run_crossover to "off"
LP share1b has 117 rows; 225 cols; 1151 nonzeros
Coefficient ranges:
  Matrix  [1e-01, 1e+03]
  Cost    [2e-03, 1e+02]
  Bound   [0e+00, 0e+00]
  RHS     [1e-04, 3e+03]
Solving LP without presolve or useful basis
Using dual simplex solver
  Iteration        Objective     Infeasibilities num(sum)
          0    -7.6499427844e+00 Ph1: 47(98.7266); Du: 6(7.64994) 0.0s
        223    -7.6589318579e+04 Pr: 0(0) 0.0s

Model name          : share1b
Model status        : Optimal
Simplex   iterations: 223
Objective value     : -7.6589318579e+04
P-D objective error :  1.8999803758e-16
HiGHS run time      :          0.01
Running HiGHS 1.15.1 (git hash: n/a): Copyright (c) 2026 under MIT licence terms
Includes third-party software components, see THIRD_PARTY_NOTICES.md for full details
Command line parsed using CLI11 2.5.0: Copyright (c) 2017-2025 University of Cincinnati
Set option presolve to "off"
Set option solver to "simplex"
Set option parallel to "off"
Set option threads to 1
Set option run_crossover to "off"
LP share2b has 96 rows; 79 cols; 694 nonzeros
Coefficient ranges:
  Matrix  [1e-02, 1e+02]
  Cost    [3e-02, 4e+00]
  Bound   [0e+00, 0e+00]
  RHS     [1e+00, 2e+01]
Solving LP without presolve or useful basis
Using dual simplex solver
  Iteration        Objective     Infeasibilities num(sum)
          0    -2.2449922126e+01 Ph1: 61(49.1203); Du: 13(22.4499) 0.0s
        104    -4.1573224074e+02 Pr: 0(0); Du: 0(1.62093e-14) 0.0s

Model name          : share2b
Model status        : Optimal
Simplex   iterations: 104
Objective value     : -4.1573224074e+02
P-D objective error :  3.8238645936e-15
HiGHS run time      :          0.00
Running HiGHS 1.15.1 (git hash: n/a): Copyright (c) 2026 under MIT licence terms
Includes third-party software components, see THIRD_PARTY_NOTICES.md for full details
Command line parsed using CLI11 2.5.0: Copyright (c) 2017-2025 University of Cincinnati
Set option presolve to "off"
Set option solver to "simplex"
Set option parallel to "off"
Set option threads to 1
Set option run_crossover to "off"
LP share2b has 96 rows; 79 cols; 694 nonzeros
Coefficient ranges:
  Matrix  [1e-02, 1e+02]
  Cost    [3e-02, 4e+00]
  Bound   [0e+00, 0e+00]
  RHS     [1e+00, 2e+01]
Solving LP without presolve or useful basis
Using dual simplex solver
  Iteration        Objective     Infeasibilities num(sum)
          0    -2.2449922126e+01 Ph1: 61(49.1203); Du: 13(22.4499) 0.0s
        104    -4.1573224074e+02 Pr: 0(0); Du: 0(1.62093e-14) 0.0s

Model name          : share2b
Model status        : Optimal
Simplex   iterations: 104
Objective value     : -4.1573224074e+02
P-D objective error :  3.8238645936e-15
HiGHS run time      :          0.00
Running HiGHS 1.15.1 (git hash: n/a): Copyright (c) 2026 under MIT licence terms
Includes third-party software components, see THIRD_PARTY_NOTICES.md for full details
Command line parsed using CLI11 2.5.0: Copyright (c) 2017-2025 University of Cincinnati
Set option presolve to "off"
Set option solver to "simplex"
Set option parallel to "off"
Set option threads to 1
Set option run_crossover to "off"
LP shell has 536 rows; 1775 cols; 3556 nonzeros
Coefficient ranges:
  Matrix  [1e+00, 1e+00]
  Cost    [1e+00, 4e+03]
  Bound   [6e+00, 5e+05]
  RHS     [4e+04, 5e+04]
Solving LP without presolve or useful basis
Using dual simplex solver
  Iteration        Objective     Infeasibilities num(sum)
          0     1.5560193183e+00 Pr: 257(982258) 0.0s
        623     1.2088253460e+09 Pr: 0(0) 0.0s

Model name          : shell
Model status        : Optimal
Simplex   iterations: 623
Objective value     :  1.2088253460e+09
P-D objective error :  0.0000000000e+00
HiGHS run time      :          0.01
Running HiGHS 1.15.1 (git hash: n/a): Copyright (c) 2026 under MIT licence terms
Includes third-party software components, see THIRD_PARTY_NOTICES.md for full details
Command line parsed using CLI11 2.5.0: Copyright (c) 2017-2025 University of Cincinnati
Set option presolve to "off"
Set option solver to "simplex"
Set option parallel to "off"
Set option threads to 1
Set option run_crossover to "off"
LP shell has 536 rows; 1775 cols; 3556 nonzeros
Coefficient ranges:
  Matrix  [1e+00, 1e+00]
  Cost    [1e+00, 4e+03]
  Bound   [6e+00, 5e+05]
  RHS     [4e+04, 5e+04]
Solving LP without presolve or useful basis
Using dual simplex solver
  Iteration        Objective     Infeasibilities num(sum)
          0     1.5560193183e+00 Pr: 257(982258) 0.0s
        623     1.2088253460e+09 Pr: 0(0) 0.0s

Model name          : shell
Model status        : Optimal
Simplex   iterations: 623
Objective value     :  1.2088253460e+09
P-D objective error :  0.0000000000e+00
HiGHS run time      :          0.01
Running HiGHS 1.15.1 (git hash: n/a): Copyright (c) 2026 under MIT licence terms
Includes third-party software components, see THIRD_PARTY_NOTICES.md for full details
Command line parsed using CLI11 2.5.0: Copyright (c) 2017-2025 University of Cincinnati
Set option presolve to "off"
Set option solver to "simplex"
Set option parallel to "off"
Set option threads to 1
Set option run_crossover to "off"
LP ship04l has 402 rows; 2118 cols; 6332 nonzeros
Coefficient ranges:
  Matrix  [1e-02, 5e+00]
  Cost    [1e+01, 7e+03]
  Bound   [0e+00, 0e+00]
  RHS     [3e-02, 1e+02]
Solving LP without presolve or useful basis
Using dual simplex solver
  Iteration        Objective     Infeasibilities num(sum)
          0     0.0000000000e+00 Pr: 255(205.55) 0.0s
        409     1.7933245380e+06 Pr: 0(0); Du: 0(3.41061e-13) 0.0s

Model name          : ship04l
Model status        : Optimal
Simplex   iterations: 409
Objective value     :  1.7933245380e+06
P-D objective error :  1.2983181449e-16
HiGHS run time      :          0.01
Running HiGHS 1.15.1 (git hash: n/a): Copyright (c) 2026 under MIT licence terms
Includes third-party software components, see THIRD_PARTY_NOTICES.md for full details
Command line parsed using CLI11 2.5.0: Copyright (c) 2017-2025 University of Cincinnati
Set option presolve to "off"
Set option solver to "simplex"
Set option parallel to "off"
Set option threads to 1
Set option run_crossover to "off"
LP ship04l has 402 rows; 2118 cols; 6332 nonzeros
Coefficient ranges:
  Matrix  [1e-02, 5e+00]
  Cost    [1e+01, 7e+03]
  Bound   [0e+00, 0e+00]
  RHS     [3e-02, 1e+02]
Solving LP without presolve or useful basis
Using dual simplex solver
  Iteration        Objective     Infeasibilities num(sum)
          0     0.0000000000e+00 Pr: 255(205.55) 0.0s
        409     1.7933245380e+06 Pr: 0(0); Du: 0(3.41061e-13) 0.0s

Model name          : ship04l
Model status        : Optimal
Simplex   iterations: 409
Objective value     :  1.7933245380e+06
P-D objective error :  1.2983181449e-16
HiGHS run time      :          0.01
Running HiGHS 1.15.1 (git hash: n/a): Copyright (c) 2026 under MIT licence terms
Includes third-party software components, see THIRD_PARTY_NOTICES.md for full details
Command line parsed using CLI11 2.5.0: Copyright (c) 2017-2025 University of Cincinnati
Set option presolve to "off"
Set option solver to "simplex"
Set option parallel to "off"
Set option threads to 1
Set option run_crossover to "off"
LP ship04s has 402 rows; 1458 cols; 4352 nonzeros
Coefficient ranges:
  Matrix  [1e-02, 5e+00]
  Cost    [1e+01, 7e+03]
  Bound   [0e+00, 0e+00]
  RHS     [3e-02, 1e+02]
Solving LP without presolve or useful basis
Using dual simplex solver
  Iteration        Objective     Infeasibilities num(sum)
          0     0.0000000000e+00 Pr: 255(205.55) 0.0s
        408     1.7987147004e+06 Pr: 0(0) 0.0s

Model name          : ship04s
Model status        : Optimal
Simplex   iterations: 408
Objective value     :  1.7987147004e+06
P-D objective error :  0.0000000000e+00
HiGHS run time      :          0.01
Running HiGHS 1.15.1 (git hash: n/a): Copyright (c) 2026 under MIT licence terms
Includes third-party software components, see THIRD_PARTY_NOTICES.md for full details
Command line parsed using CLI11 2.5.0: Copyright (c) 2017-2025 University of Cincinnati
Set option presolve to "off"
Set option solver to "simplex"
Set option parallel to "off"
Set option threads to 1
Set option run_crossover to "off"
LP ship04s has 402 rows; 1458 cols; 4352 nonzeros
Coefficient ranges:
  Matrix  [1e-02, 5e+00]
  Cost    [1e+01, 7e+03]
  Bound   [0e+00, 0e+00]
  RHS     [3e-02, 1e+02]
Solving LP without presolve or useful basis
Using dual simplex solver
  Iteration        Objective     Infeasibilities num(sum)
          0     0.0000000000e+00 Pr: 255(205.55) 0.0s
        408     1.7987147004e+06 Pr: 0(0) 0.0s

Model name          : ship04s
Model status        : Optimal
Simplex   iterations: 408
Objective value     :  1.7987147004e+06
P-D objective error :  0.0000000000e+00
HiGHS run time      :          0.01
Running HiGHS 1.15.1 (git hash: n/a): Copyright (c) 2026 under MIT licence terms
Includes third-party software components, see THIRD_PARTY_NOTICES.md for full details
Command line parsed using CLI11 2.5.0: Copyright (c) 2017-2025 University of Cincinnati
Set option presolve to "off"
Set option solver to "simplex"
Set option parallel to "off"
Set option threads to 1
Set option run_crossover to "off"
LP ship08l has 778 rows; 4283 cols; 12802 nonzeros
Coefficient ranges:
  Matrix  [1e-02, 5e+00]
  Cost    [2e+01, 8e+03]
  Bound   [0e+00, 0e+00]
  RHS     [2e-02, 1e+02]
Solving LP without presolve or useful basis
Using dual simplex solver
  Iteration        Objective     Infeasibilities num(sum)
          0     0.0000000000e+00 Pr: 405(196.633) 0.0s
        719     1.9090552114e+06 Pr: 0(0) 0.0s

Model name          : ship08l
Model status        : Optimal
Simplex   iterations: 719
Objective value     :  1.9090552114e+06
P-D objective error :  3.0490289291e-16
HiGHS run time      :          0.01
Running HiGHS 1.15.1 (git hash: n/a): Copyright (c) 2026 under MIT licence terms
Includes third-party software components, see THIRD_PARTY_NOTICES.md for full details
Command line parsed using CLI11 2.5.0: Copyright (c) 2017-2025 University of Cincinnati
Set option presolve to "off"
Set option solver to "simplex"
Set option parallel to "off"
Set option threads to 1
Set option run_crossover to "off"
LP ship08l has 778 rows; 4283 cols; 12802 nonzeros
Coefficient ranges:
  Matrix  [1e-02, 5e+00]
  Cost    [2e+01, 8e+03]
  Bound   [0e+00, 0e+00]
  RHS     [2e-02, 1e+02]
Solving LP without presolve or useful basis
Using dual simplex solver
  Iteration        Objective     Infeasibilities num(sum)
          0     0.0000000000e+00 Pr: 405(196.633) 0.0s
        719     1.9090552114e+06 Pr: 0(0) 0.0s

Model name          : ship08l
Model status        : Optimal
Simplex   iterations: 719
Objective value     :  1.9090552114e+06
P-D objective error :  3.0490289291e-16
HiGHS run time      :          0.01
Running HiGHS 1.15.1 (git hash: n/a): Copyright (c) 2026 under MIT licence terms
Includes third-party software components, see THIRD_PARTY_NOTICES.md for full details
Command line parsed using CLI11 2.5.0: Copyright (c) 2017-2025 University of Cincinnati
Set option presolve to "off"
Set option solver to "simplex"
Set option parallel to "off"
Set option threads to 1
Set option run_crossover to "off"
LP ship08s has 778 rows; 2387 cols; 7114 nonzeros
Coefficient ranges:
  Matrix  [1e-02, 5e+00]
  Cost    [2e+01, 8e+03]
  Bound   [0e+00, 0e+00]
  RHS     [2e-02, 1e+02]
Solving LP without presolve or useful basis
Using dual simplex solver
  Iteration        Objective     Infeasibilities num(sum)
          0     0.0000000000e+00 Pr: 405(203.875) 0.0s
        698     1.9200982105e+06 Pr: 0(0) 0.0s

Model name          : ship08s
Model status        : Optimal
Simplex   iterations: 698
Objective value     :  1.9200982105e+06
P-D objective error :  2.4251945213e-16
HiGHS run time      :          0.01
Running HiGHS 1.15.1 (git hash: n/a): Copyright (c) 2026 under MIT licence terms
Includes third-party software components, see THIRD_PARTY_NOTICES.md for full details
Command line parsed using CLI11 2.5.0: Copyright (c) 2017-2025 University of Cincinnati
Set option presolve to "off"
Set option solver to "simplex"
Set option parallel to "off"
Set option threads to 1
Set option run_crossover to "off"
LP ship08s has 778 rows; 2387 cols; 7114 nonzeros
Coefficient ranges:
  Matrix  [1e-02, 5e+00]
  Cost    [2e+01, 8e+03]
  Bound   [0e+00, 0e+00]
  RHS     [2e-02, 1e+02]
Solving LP without presolve or useful basis
Using dual simplex solver
  Iteration        Objective     Infeasibilities num(sum)
          0     0.0000000000e+00 Pr: 405(203.875) 0.0s
        698     1.9200982105e+06 Pr: 0(0) 0.0s

Model name          : ship08s
Model status        : Optimal
Simplex   iterations: 698
Objective value     :  1.9200982105e+06
P-D objective error :  2.4251945213e-16
HiGHS run time      :          0.01
Running HiGHS 1.15.1 (git hash: n/a): Copyright (c) 2026 under MIT licence terms
Includes third-party software components, see THIRD_PARTY_NOTICES.md for full details
Command line parsed using CLI11 2.5.0: Copyright (c) 2017-2025 University of Cincinnati
Set option presolve to "off"
Set option solver to "simplex"
Set option parallel to "off"
Set option threads to 1
Set option run_crossover to "off"
LP ship12l has 1151 rows; 5427 cols; 16170 nonzeros
Coefficient ranges:
  Matrix  [6e-03, 2e+00]
  Cost    [7e+00, 6e+03]
  Bound   [0e+00, 0e+00]
  RHS     [9e-03, 3e+01]
Solving LP without presolve or useful basis
Using dual simplex solver
  Iteration        Objective     Infeasibilities num(sum)
          0     0.0000000000e+00 Pr: 648(341.788) 0.0s
       1215     1.4701879193e+06 Pr: 0(0) 0.0s

Model name          : ship12l
Model status        : Optimal
Simplex   iterations: 1215
Objective value     :  1.4701879193e+06
P-D objective error :  3.1673578787e-16
HiGHS run time      :          0.01
Running HiGHS 1.15.1 (git hash: n/a): Copyright (c) 2026 under MIT licence terms
Includes third-party software components, see THIRD_PARTY_NOTICES.md for full details
Command line parsed using CLI11 2.5.0: Copyright (c) 2017-2025 University of Cincinnati
Set option presolve to "off"
Set option solver to "simplex"
Set option parallel to "off"
Set option threads to 1
Set option run_crossover to "off"
LP ship12l has 1151 rows; 5427 cols; 16170 nonzeros
Coefficient ranges:
  Matrix  [6e-03, 2e+00]
  Cost    [7e+00, 6e+03]
  Bound   [0e+00, 0e+00]
  RHS     [9e-03, 3e+01]
Solving LP without presolve or useful basis
Using dual simplex solver
  Iteration        Objective     Infeasibilities num(sum)
          0     0.0000000000e+00 Pr: 648(341.788) 0.0s
       1215     1.4701879193e+06 Pr: 0(0) 0.0s

Model name          : ship12l
Model status        : Optimal
Simplex   iterations: 1215
Objective value     :  1.4701879193e+06
P-D objective error :  3.1673578787e-16
HiGHS run time      :          0.01
Running HiGHS 1.15.1 (git hash: n/a): Copyright (c) 2026 under MIT licence terms
Includes third-party software components, see THIRD_PARTY_NOTICES.md for full details
Command line parsed using CLI11 2.5.0: Copyright (c) 2017-2025 University of Cincinnati
Set option presolve to "off"
Set option solver to "simplex"
Set option parallel to "off"
Set option threads to 1
Set option run_crossover to "off"
LP ship12s has 1151 rows; 2763 cols; 8178 nonzeros
Coefficient ranges:
  Matrix  [6e-03, 2e+00]
  Cost    [7e+00, 6e+03]
  Bound   [0e+00, 0e+00]
  RHS     [9e-03, 3e+01]
Solving LP without presolve or useful basis
Using dual simplex solver
  Iteration        Objective     Infeasibilities num(sum)
          0     0.0000000000e+00 Pr: 648(324.479) 0.0s
       1147     1.4892361344e+06 Pr: 0(0) 0.0s

Model name          : ship12s
Model status        : Optimal
Simplex   iterations: 1147
Objective value     :  1.4892361344e+06
P-D objective error :  1.4852516139e-15
HiGHS run time      :          0.01
Running HiGHS 1.15.1 (git hash: n/a): Copyright (c) 2026 under MIT licence terms
Includes third-party software components, see THIRD_PARTY_NOTICES.md for full details
Command line parsed using CLI11 2.5.0: Copyright (c) 2017-2025 University of Cincinnati
Set option presolve to "off"
Set option solver to "simplex"
Set option parallel to "off"
Set option threads to 1
Set option run_crossover to "off"
LP ship12s has 1151 rows; 2763 cols; 8178 nonzeros
Coefficient ranges:
  Matrix  [6e-03, 2e+00]
  Cost    [7e+00, 6e+03]
  Bound   [0e+00, 0e+00]
  RHS     [9e-03, 3e+01]
Solving LP without presolve or useful basis
Using dual simplex solver
  Iteration        Objective     Infeasibilities num(sum)
          0     0.0000000000e+00 Pr: 648(324.479) 0.0s
       1147     1.4892361344e+06 Pr: 0(0) 0.0s

Model name          : ship12s
Model status        : Optimal
Simplex   iterations: 1147
Objective value     :  1.4892361344e+06
P-D objective error :  1.4852516139e-15
HiGHS run time      :          0.01
Running HiGHS 1.15.1 (git hash: n/a): Copyright (c) 2026 under MIT licence terms
Includes third-party software components, see THIRD_PARTY_NOTICES.md for full details
Command line parsed using CLI11 2.5.0: Copyright (c) 2017-2025 University of Cincinnati
Set option presolve to "off"
Set option solver to "simplex"
Set option parallel to "off"
Set option threads to 1
Set option run_crossover to "off"
LP sierra has 1227 rows; 2036 cols; 7302 nonzeros
Coefficient ranges:
  Matrix  [1e+00, 1e+05]
  Cost    [6e-02, 6e+04]
  Bound   [1e+00, 1e+05]
  RHS     [1e+00, 1e+04]
Solving LP without presolve or useful basis
Using dual simplex solver
  Iteration        Objective     Infeasibilities num(sum)
          0     0.0000000000e+00 Pr: 148(32595.4) 0.0s
        602     1.5394362184e+07 Pr: 0(0); Du: 0(1.0516e-12) 0.0s
        602     1.5394362184e+07 Pr: 0(0); Du: 0(1.0516e-12) 0.0s

Model name          : sierra
Model status        : Optimal
Simplex   iterations: 602
Objective value     :  1.5394362184e+07
P-D objective error :  2.4199055037e-16
HiGHS run time      :          0.01
Running HiGHS 1.15.1 (git hash: n/a): Copyright (c) 2026 under MIT licence terms
Includes third-party software components, see THIRD_PARTY_NOTICES.md for full details
Command line parsed using CLI11 2.5.0: Copyright (c) 2017-2025 University of Cincinnati
Set option presolve to "off"
Set option solver to "simplex"
Set option parallel to "off"
Set option threads to 1
Set option run_crossover to "off"
LP sierra has 1227 rows; 2036 cols; 7302 nonzeros
Coefficient ranges:
  Matrix  [1e+00, 1e+05]
  Cost    [6e-02, 6e+04]
  Bound   [1e+00, 1e+05]
  RHS     [1e+00, 1e+04]
Solving LP without presolve or useful basis
Using dual simplex solver
  Iteration        Objective     Infeasibilities num(sum)
          0     0.0000000000e+00 Pr: 148(32595.4) 0.0s
        602     1.5394362184e+07 Pr: 0(0); Du: 0(1.0516e-12) 0.0s
        602     1.5394362184e+07 Pr: 0(0); Du: 0(1.0516e-12) 0.0s

Model name          : sierra
Model status        : Optimal
Simplex   iterations: 602
Objective value     :  1.5394362184e+07
P-D objective error :  2.4199055037e-16
HiGHS run time      :          0.01
Running HiGHS 1.15.1 (git hash: n/a): Copyright (c) 2026 under MIT licence terms
Includes third-party software components, see THIRD_PARTY_NOTICES.md for full details
Command line parsed using CLI11 2.5.0: Copyright (c) 2017-2025 University of Cincinnati
Set option presolve to "off"
Set option solver to "simplex"
Set option parallel to "off"
Set option threads to 1
Set option run_crossover to "off"
LP stair has 356 rows; 467 cols; 3856 nonzeros
Coefficient ranges:
  Matrix  [1e-05, 1e+01]
  Cost    [1e+00, 1e+00]
  Bound   [1e-01, 3e+02]
  RHS     [3e-02, 9e+01]
Solving LP without presolve or useful basis
Using dual simplex solver
  Iteration        Objective     Infeasibilities num(sum)
          0    -5.1199799154e+02 Ph1: 36(27170.7); Du: 1(511.998) 0.0s
        529    -2.5126695119e+02 Pr: 0(0) 0.0s

Model name          : stair
Model status        : Optimal
Simplex   iterations: 529
Objective value     : -2.5126695119e+02
P-D objective error :  4.5155584235e-16
HiGHS run time      :          0.01
Running HiGHS 1.15.1 (git hash: n/a): Copyright (c) 2026 under MIT licence terms
Includes third-party software components, see THIRD_PARTY_NOTICES.md for full details
Command line parsed using CLI11 2.5.0: Copyright (c) 2017-2025 University of Cincinnati
Set option presolve to "off"
Set option solver to "simplex"
Set option parallel to "off"
Set option threads to 1
Set option run_crossover to "off"
LP stair has 356 rows; 467 cols; 3856 nonzeros
Coefficient ranges:
  Matrix  [1e-05, 1e+01]
  Cost    [1e+00, 1e+00]
  Bound   [1e-01, 3e+02]
  RHS     [3e-02, 9e+01]
Solving LP without presolve or useful basis
Using dual simplex solver
  Iteration        Objective     Infeasibilities num(sum)
          0    -5.1199799154e+02 Ph1: 36(27170.7); Du: 1(511.998) 0.0s
        529    -2.5126695119e+02 Pr: 0(0) 0.0s

Model name          : stair
Model status        : Optimal
Simplex   iterations: 529
Objective value     : -2.5126695119e+02
P-D objective error :  4.5155584235e-16
HiGHS run time      :          0.01
Running HiGHS 1.15.1 (git hash: n/a): Copyright (c) 2026 under MIT licence terms
Includes third-party software components, see THIRD_PARTY_NOTICES.md for full details
Command line parsed using CLI11 2.5.0: Copyright (c) 2017-2025 University of Cincinnati
Set option presolve to "off"
Set option solver to "simplex"
Set option parallel to "off"
Set option threads to 1
Set option run_crossover to "off"
LP standata has 359 rows; 1075 cols; 3031 nonzeros
Coefficient ranges:
  Matrix  [1e+00, 3e+02]
  Cost    [1e+00, 1e+02]
  Bound   [1e+00, 2e+02]
  RHS     [1e+00, 2e+03]
Solving LP without presolve or useful basis
Using dual simplex solver
  Iteration        Objective     Infeasibilities num(sum)
          0    -6.9905979277e-11 Pr: 12(371.51) 0.0s
         72     1.2576995000e+03 Pr: 0(0) 0.0s

Model name          : standata
Model status        : Optimal
Simplex   iterations: 72
Objective value     :  1.2576995000e+03
P-D objective error :  0.0000000000e+00
HiGHS run time      :          0.00
Running HiGHS 1.15.1 (git hash: n/a): Copyright (c) 2026 under MIT licence terms
Includes third-party software components, see THIRD_PARTY_NOTICES.md for full details
Command line parsed using CLI11 2.5.0: Copyright (c) 2017-2025 University of Cincinnati
Set option presolve to "off"
Set option solver to "simplex"
Set option parallel to "off"
Set option threads to 1
Set option run_crossover to "off"
LP standata has 359 rows; 1075 cols; 3031 nonzeros
Coefficient ranges:
  Matrix  [1e+00, 3e+02]
  Cost    [1e+00, 1e+02]
  Bound   [1e+00, 2e+02]
  RHS     [1e+00, 2e+03]
Solving LP without presolve or useful basis
Using dual simplex solver
  Iteration        Objective     Infeasibilities num(sum)
          0    -6.9905979277e-11 Pr: 12(371.51) 0.0s
         72     1.2576995000e+03 Pr: 0(0) 0.0s

Model name          : standata
Model status        : Optimal
Simplex   iterations: 72
Objective value     :  1.2576995000e+03
P-D objective error :  0.0000000000e+00
HiGHS run time      :          0.00
Running HiGHS 1.15.1 (git hash: n/a): Copyright (c) 2026 under MIT licence terms
Includes third-party software components, see THIRD_PARTY_NOTICES.md for full details
Command line parsed using CLI11 2.5.0: Copyright (c) 2017-2025 University of Cincinnati
Set option presolve to "off"
Set option solver to "simplex"
Set option parallel to "off"
Set option threads to 1
Set option run_crossover to "off"
LP standmps has 467 rows; 1075 cols; 3679 nonzeros
Coefficient ranges:
  Matrix  [1e+00, 3e+02]
  Cost    [1e+00, 1e+02]
  Bound   [1e+00, 2e+02]
  RHS     [2e-01, 2e+03]
Solving LP without presolve or useful basis
Using dual simplex solver
  Iteration        Objective     Infeasibilities num(sum)
          0    -2.0590256876e-11 Pr: 120(608.15) 0.0s
        218     1.4060175000e+03 Pr: 0(0) 0.0s

Model name          : standmps
Model status        : Optimal
Simplex   iterations: 218
Objective value     :  1.4060175000e+03
P-D objective error :  3.2331439238e-16
HiGHS run time      :          0.00
Running HiGHS 1.15.1 (git hash: n/a): Copyright (c) 2026 under MIT licence terms
Includes third-party software components, see THIRD_PARTY_NOTICES.md for full details
Command line parsed using CLI11 2.5.0: Copyright (c) 2017-2025 University of Cincinnati
Set option presolve to "off"
Set option solver to "simplex"
Set option parallel to "off"
Set option threads to 1
Set option run_crossover to "off"
LP standmps has 467 rows; 1075 cols; 3679 nonzeros
Coefficient ranges:
  Matrix  [1e+00, 3e+02]
  Cost    [1e+00, 1e+02]
  Bound   [1e+00, 2e+02]
  RHS     [2e-01, 2e+03]
Solving LP without presolve or useful basis
Using dual simplex solver
  Iteration        Objective     Infeasibilities num(sum)
          0    -2.0590256876e-11 Pr: 120(608.15) 0.0s
        218     1.4060175000e+03 Pr: 0(0) 0.0s

Model name          : standmps
Model status        : Optimal
Simplex   iterations: 218
Objective value     :  1.4060175000e+03
P-D objective error :  3.2331439238e-16
HiGHS run time      :          0.00
Running HiGHS 1.15.1 (git hash: n/a): Copyright (c) 2026 under MIT licence terms
Includes third-party software components, see THIRD_PARTY_NOTICES.md for full details
Command line parsed using CLI11 2.5.0: Copyright (c) 2017-2025 University of Cincinnati
Set option presolve to "off"
Set option solver to "simplex"
Set option parallel to "off"
Set option threads to 1
Set option run_crossover to "off"
LP stocfor1 has 117 rows; 111 cols; 447 nonzeros
Coefficient ranges:
  Matrix  [6e-02, 3e+02]
  Cost    [5e-01, 3e+02]
  Bound   [0e+00, 0e+00]
  RHS     [1e-01, 6e+01]
Solving LP without presolve or useful basis
Using dual simplex solver
  Iteration        Objective     Infeasibilities num(sum)
          0    -9.3819962552e+02 Ph1: 25(23.5); Du: 15(938.2) 0.0s
        153    -4.1131976219e+04 Pr: 0(0) 0.0s

Model name          : stocfor1
Model status        : Optimal
Simplex   iterations: 153
Objective value     : -4.1131976219e+04
P-D objective error :  0.0000000000e+00
HiGHS run time      :          0.00
Running HiGHS 1.15.1 (git hash: n/a): Copyright (c) 2026 under MIT licence terms
Includes third-party software components, see THIRD_PARTY_NOTICES.md for full details
Command line parsed using CLI11 2.5.0: Copyright (c) 2017-2025 University of Cincinnati
Set option presolve to "off"
Set option solver to "simplex"
Set option parallel to "off"
Set option threads to 1
Set option run_crossover to "off"
LP stocfor1 has 117 rows; 111 cols; 447 nonzeros
Coefficient ranges:
  Matrix  [6e-02, 3e+02]
  Cost    [5e-01, 3e+02]
  Bound   [0e+00, 0e+00]
  RHS     [1e-01, 6e+01]
Solving LP without presolve or useful basis
Using dual simplex solver
  Iteration        Objective     Infeasibilities num(sum)
          0    -9.3819962552e+02 Ph1: 25(23.5); Du: 15(938.2) 0.0s
        153    -4.1131976219e+04 Pr: 0(0) 0.0s

Model name          : stocfor1
Model status        : Optimal
Simplex   iterations: 153
Objective value     : -4.1131976219e+04
P-D objective error :  0.0000000000e+00
HiGHS run time      :          0.00
Running HiGHS 1.15.1 (git hash: n/a): Copyright (c) 2026 under MIT licence terms
Includes third-party software components, see THIRD_PARTY_NOTICES.md for full details
Command line parsed using CLI11 2.5.0: Copyright (c) 2017-2025 University of Cincinnati
Set option presolve to "off"
Set option solver to "simplex"
Set option parallel to "off"
Set option threads to 1
Set option run_crossover to "off"
LP stocfor2 has 2157 rows; 2031 cols; 8343 nonzeros
Coefficient ranges:
  Matrix  [2e-01, 3e+02]
  Cost    [5e-04, 3e+01]
  Bound   [0e+00, 0e+00]
  RHS     [1e-01, 6e+01]
Solving LP without presolve or useful basis
Using dual simplex solver
  Iteration        Objective     Infeasibilities num(sum)
          0    -4.7993358028e+02 Ph1: 922(1352.5); Du: 639(479.934) 0.0s
       2556    -3.9024408538e+04 Pr: 0(0) 0.1s

Model name          : stocfor2
Model status        : Optimal
Simplex   iterations: 2556
Objective value     : -3.9024408538e+04
P-D objective error :  9.3221968824e-16
HiGHS run time      :          0.06
Running HiGHS 1.15.1 (git hash: n/a): Copyright (c) 2026 under MIT licence terms
Includes third-party software components, see THIRD_PARTY_NOTICES.md for full details
Command line parsed using CLI11 2.5.0: Copyright (c) 2017-2025 University of Cincinnati
Set option presolve to "off"
Set option solver to "simplex"
Set option parallel to "off"
Set option threads to 1
Set option run_crossover to "off"
LP stocfor2 has 2157 rows; 2031 cols; 8343 nonzeros
Coefficient ranges:
  Matrix  [2e-01, 3e+02]
  Cost    [5e-04, 3e+01]
  Bound   [0e+00, 0e+00]
  RHS     [1e-01, 6e+01]
Solving LP without presolve or useful basis
Using dual simplex solver
  Iteration        Objective     Infeasibilities num(sum)
          0    -4.7993358028e+02 Ph1: 922(1352.5); Du: 639(479.934) 0.0s
       2556    -3.9024408538e+04 Pr: 0(0) 0.1s

Model name          : stocfor2
Model status        : Optimal
Simplex   iterations: 2556
Objective value     : -3.9024408538e+04
P-D objective error :  9.3221968824e-16
HiGHS run time      :          0.06
Running HiGHS 1.15.1 (git hash: n/a): Copyright (c) 2026 under MIT licence terms
Includes third-party software components, see THIRD_PARTY_NOTICES.md for full details
Command line parsed using CLI11 2.5.0: Copyright (c) 2017-2025 University of Cincinnati
Set option presolve to "off"
Set option solver to "simplex"
Set option parallel to "off"
Set option threads to 1
Set option run_crossover to "off"
LP stocfor3 has 16675 rows; 15695 cols; 64875 nonzeros
Coefficient ranges:
  Matrix  [6e-02, 3e+02]
  Cost    [4e-07, 3e+01]
  Bound   [0e+00, 0e+00]
  RHS     [1e-01, 6e+01]
WARNING: Problem has some excessively small costs
Solving LP without presolve or useful basis
Using dual simplex solver
  Iteration        Objective     Infeasibilities num(sum)
          0    -2.4228335602e+03 Ph1: 7218(16266.5); Du: 5077(2422.83) 0.0s
      18710    -3.9976783944e+04 Pr: 0(0) 0.9s

Model name          : stocfor3
Model status        : Optimal
Simplex   iterations: 18710
Objective value     : -3.9976783944e+04
P-D objective error :  1.7290218473e-15
HiGHS run time      :          0.93
Running HiGHS 1.15.1 (git hash: n/a): Copyright (c) 2026 under MIT licence terms
Includes third-party software components, see THIRD_PARTY_NOTICES.md for full details
Command line parsed using CLI11 2.5.0: Copyright (c) 2017-2025 University of Cincinnati
Set option presolve to "off"
Set option solver to "simplex"
Set option parallel to "off"
Set option threads to 1
Set option run_crossover to "off"
LP stocfor3 has 16675 rows; 15695 cols; 64875 nonzeros
Coefficient ranges:
  Matrix  [6e-02, 3e+02]
  Cost    [4e-07, 3e+01]
  Bound   [0e+00, 0e+00]
  RHS     [1e-01, 6e+01]
WARNING: Problem has some excessively small costs
Solving LP without presolve or useful basis
Using dual simplex solver
  Iteration        Objective     Infeasibilities num(sum)
          0    -2.4228335602e+03 Ph1: 7218(16266.5); Du: 5077(2422.83) 0.0s
      18710    -3.9976783944e+04 Pr: 0(0) 0.9s

Model name          : stocfor3
Model status        : Optimal
Simplex   iterations: 18710
Objective value     : -3.9976783944e+04
P-D objective error :  1.7290218473e-15
HiGHS run time      :          0.93
Running HiGHS 1.15.1 (git hash: n/a): Copyright (c) 2026 under MIT licence terms
Includes third-party software components, see THIRD_PARTY_NOTICES.md for full details
Command line parsed using CLI11 2.5.0: Copyright (c) 2017-2025 University of Cincinnati
Set option presolve to "off"
Set option solver to "simplex"
Set option parallel to "off"
Set option threads to 1
Set option run_crossover to "off"
LP truss has 1000 rows; 8806 cols; 27836 nonzeros
Coefficient ranges:
  Matrix  [4e-01, 1e+00]
  Cost    [1e+01, 2e+01]
  Bound   [0e+00, 0e+00]
  RHS     [1e+00, 2e+01]
Solving LP without presolve or useful basis
Using dual simplex solver
  Iteration        Objective     Infeasibilities num(sum)
          0     0.0000000000e+00 Pr: 88(658.4) 0.0s
      19206     4.5881584719e+05 Pr: 0(0); Du: 0(3.27802e-10) 1.2s

Model name          : truss
Model status        : Optimal
Simplex   iterations: 19206
Objective value     :  4.5881584719e+05
P-D objective error :  6.9775660128e-16
HiGHS run time      :          1.19
Running HiGHS 1.15.1 (git hash: n/a): Copyright (c) 2026 under MIT licence terms
Includes third-party software components, see THIRD_PARTY_NOTICES.md for full details
Command line parsed using CLI11 2.5.0: Copyright (c) 2017-2025 University of Cincinnati
Set option presolve to "off"
Set option solver to "simplex"
Set option parallel to "off"
Set option threads to 1
Set option run_crossover to "off"
LP truss has 1000 rows; 8806 cols; 27836 nonzeros
Coefficient ranges:
  Matrix  [4e-01, 1e+00]
  Cost    [1e+01, 2e+01]
  Bound   [0e+00, 0e+00]
  RHS     [1e+00, 2e+01]
Solving LP without presolve or useful basis
Using dual simplex solver
  Iteration        Objective     Infeasibilities num(sum)
          0     0.0000000000e+00 Pr: 88(658.4) 0.0s
      19206     4.5881584719e+05 Pr: 0(0); Du: 0(3.27802e-10) 1.2s

Model name          : truss
Model status        : Optimal
Simplex   iterations: 19206
Objective value     :  4.5881584719e+05
P-D objective error :  6.9775660128e-16
HiGHS run time      :          1.18
Running HiGHS 1.15.1 (git hash: n/a): Copyright (c) 2026 under MIT licence terms
Includes third-party software components, see THIRD_PARTY_NOTICES.md for full details
Command line parsed using CLI11 2.5.0: Copyright (c) 2017-2025 University of Cincinnati
Set option presolve to "off"
Set option solver to "simplex"
Set option parallel to "off"
Set option threads to 1
Set option run_crossover to "off"
LP tuff has 333 rows; 587 cols; 4520 nonzeros
Coefficient ranges:
  Matrix  [1e-05, 1e+04]
  Cost    [5e-03, 5e-03]
  Bound   [1e+00, 1e+03]
  RHS     [0e+00, 0e+00]
Solving LP without presolve or useful basis
Using dual simplex solver
  Iteration        Objective     Infeasibilities num(sum)
          0     1.8425208857e-07 Pr: 3(10.2766); Du: 0(2.02382e-13) 0.0s
        274     2.9214776509e-01 Pr: 0(0) 0.0s

Model name          : tuff
Model status        : Optimal
Simplex   iterations: 274
Objective value     :  2.9214776509e-01
P-D objective error :  3.0133008109e-15
HiGHS run time      :          0.01
Running HiGHS 1.15.1 (git hash: n/a): Copyright (c) 2026 under MIT licence terms
Includes third-party software components, see THIRD_PARTY_NOTICES.md for full details
Command line parsed using CLI11 2.5.0: Copyright (c) 2017-2025 University of Cincinnati
Set option presolve to "off"
Set option solver to "simplex"
Set option parallel to "off"
Set option threads to 1
Set option run_crossover to "off"
LP tuff has 333 rows; 587 cols; 4520 nonzeros
Coefficient ranges:
  Matrix  [1e-05, 1e+04]
  Cost    [5e-03, 5e-03]
  Bound   [1e+00, 1e+03]
  RHS     [0e+00, 0e+00]
Solving LP without presolve or useful basis
Using dual simplex solver
  Iteration        Objective     Infeasibilities num(sum)
          0     1.8425208857e-07 Pr: 3(10.2766); Du: 0(2.02382e-13) 0.0s
        274     2.9214776509e-01 Pr: 0(0) 0.0s

Model name          : tuff
Model status        : Optimal
Simplex   iterations: 274
Objective value     :  2.9214776509e-01
P-D objective error :  3.0133008109e-15
HiGHS run time      :          0.01
Running HiGHS 1.15.1 (git hash: n/a): Copyright (c) 2026 under MIT licence terms
Includes third-party software components, see THIRD_PARTY_NOTICES.md for full details
Command line parsed using CLI11 2.5.0: Copyright (c) 2017-2025 University of Cincinnati
Set option presolve to "off"
Set option solver to "simplex"
Set option parallel to "off"
Set option threads to 1
Set option run_crossover to "off"
LP vtp-base has 198 rows; 203 cols; 908 nonzeros
Coefficient ranges:
  Matrix  [1e-01, 4e+03]
  Cost    [1e+00, 1e+00]
  Bound   [1e+00, 1e+03]
  RHS     [1e+00, 4e+03]
Solving LP without presolve or useful basis
Using dual simplex solver
  Iteration        Objective     Infeasibilities num(sum)
          0    -2.0000000000e+03 Ph1: 1(1000); Du: 1(2) 0.0s
        154     1.2983146246e+05 Pr: 0(0) 0.0s

Model name          : vtp-base
Model status        : Optimal
Simplex   iterations: 154
Objective value     :  1.2983146246e+05
P-D objective error :  2.8020671783e-16
HiGHS run time      :          0.00
Running HiGHS 1.15.1 (git hash: n/a): Copyright (c) 2026 under MIT licence terms
Includes third-party software components, see THIRD_PARTY_NOTICES.md for full details
Command line parsed using CLI11 2.5.0: Copyright (c) 2017-2025 University of Cincinnati
Set option presolve to "off"
Set option solver to "simplex"
Set option parallel to "off"
Set option threads to 1
Set option run_crossover to "off"
LP vtp-base has 198 rows; 203 cols; 908 nonzeros
Coefficient ranges:
  Matrix  [1e-01, 4e+03]
  Cost    [1e+00, 1e+00]
  Bound   [1e+00, 1e+03]
  RHS     [1e+00, 4e+03]
Solving LP without presolve or useful basis
Using dual simplex solver
  Iteration        Objective     Infeasibilities num(sum)
          0    -2.0000000000e+03 Ph1: 1(1000); Du: 1(2) 0.0s
        154     1.2983146246e+05 Pr: 0(0) 0.0s

Model name          : vtp-base
Model status        : Optimal
Simplex   iterations: 154
Objective value     :  1.2983146246e+05
P-D objective error :  2.8020671783e-16
HiGHS run time      :          0.00
Running HiGHS 1.15.1 (git hash: n/a): Copyright (c) 2026 under MIT licence terms
Includes third-party software components, see THIRD_PARTY_NOTICES.md for full details
Command line parsed using CLI11 2.5.0: Copyright (c) 2017-2025 University of Cincinnati
Set option presolve to "off"
Set option solver to "simplex"
Set option parallel to "off"
Set option threads to 1
Set option run_crossover to "off"
LP wood1p has 244 rows; 2594 cols; 70215 nonzeros
Coefficient ranges:
  Matrix  [3e-05, 1e+03]
  Cost    [1e+00, 1e+00]
  Bound   [0e+00, 0e+00]
  RHS     [8e-01, 1e+00]
Solving LP without presolve or useful basis
Using dual simplex solver
  Iteration        Objective     Infeasibilities num(sum)
          0     0.0000000000e+00 Pr: 2(0.975) 0.0s
        248     1.4429024116e+00 Pr: 0(0); Du: 0(1.64846e-12) 0.0s

Model name          : wood1p
Model status        : Optimal
Simplex   iterations: 248
Objective value     :  1.4429024116e+00
P-D objective error :  1.4857050189e-15
HiGHS run time      :          0.02
Running HiGHS 1.15.1 (git hash: n/a): Copyright (c) 2026 under MIT licence terms
Includes third-party software components, see THIRD_PARTY_NOTICES.md for full details
Command line parsed using CLI11 2.5.0: Copyright (c) 2017-2025 University of Cincinnati
Set option presolve to "off"
Set option solver to "simplex"
Set option parallel to "off"
Set option threads to 1
Set option run_crossover to "off"
LP wood1p has 244 rows; 2594 cols; 70215 nonzeros
Coefficient ranges:
  Matrix  [3e-05, 1e+03]
  Cost    [1e+00, 1e+00]
  Bound   [0e+00, 0e+00]
  RHS     [8e-01, 1e+00]
Solving LP without presolve or useful basis
Using dual simplex solver
  Iteration        Objective     Infeasibilities num(sum)
          0     0.0000000000e+00 Pr: 2(0.975) 0.0s
        248     1.4429024116e+00 Pr: 0(0); Du: 0(1.64846e-12) 0.0s

Model name          : wood1p
Model status        : Optimal
Simplex   iterations: 248
Objective value     :  1.4429024116e+00
P-D objective error :  1.4857050189e-15
HiGHS run time      :          0.02
Running HiGHS 1.15.1 (git hash: n/a): Copyright (c) 2026 under MIT licence terms
Includes third-party software components, see THIRD_PARTY_NOTICES.md for full details
Command line parsed using CLI11 2.5.0: Copyright (c) 2017-2025 University of Cincinnati
Set option presolve to "off"
Set option solver to "simplex"
Set option parallel to "off"
Set option threads to 1
Set option run_crossover to "off"
LP woodw has 1098 rows; 8405 cols; 37474 nonzeros
Coefficient ranges:
  Matrix  [1e-02, 1e+03]
  Cost    [1e+00, 1e+00]
  Bound   [0e+00, 0e+00]
  RHS     [1e-02, 8e-01]
Solving LP without presolve or useful basis
Using dual simplex solver
  Iteration        Objective     Infeasibilities num(sum)
          0     0.0000000000e+00 Pr: 25(11.645) 0.0s
       1300     1.3044763331e+00 Pr: 0(0) 0.1s

Model name          : woodw
Model status        : Optimal
Simplex   iterations: 1300
Objective value     :  1.3044763331e+00
P-D objective error :  6.1526050759e-17
HiGHS run time      :          0.07
Running HiGHS 1.15.1 (git hash: n/a): Copyright (c) 2026 under MIT licence terms
Includes third-party software components, see THIRD_PARTY_NOTICES.md for full details
Command line parsed using CLI11 2.5.0: Copyright (c) 2017-2025 University of Cincinnati
Set option presolve to "off"
Set option solver to "simplex"
Set option parallel to "off"
Set option threads to 1
Set option run_crossover to "off"
LP woodw has 1098 rows; 8405 cols; 37474 nonzeros
Coefficient ranges:
  Matrix  [1e-02, 1e+03]
  Cost    [1e+00, 1e+00]
  Bound   [0e+00, 0e+00]
  RHS     [1e-02, 8e-01]
Solving LP without presolve or useful basis
Using dual simplex solver
  Iteration        Objective     Infeasibilities num(sum)
          0     0.0000000000e+00 Pr: 25(11.645) 0.0s
       1300     1.3044763331e+00 Pr: 0(0) 0.1s

Model name          : woodw
Model status        : Optimal
Simplex   iterations: 1300
Objective value     :  1.3044763331e+00
P-D objective error :  6.1526050759e-17
HiGHS run time      :          0.06
